id,spirit_id,skill_id,技能名,技能来源,解锁等级
1,606,8,主场优势,技能石,
2,606,64,加大功率,技能石,
3,606,76,取念,技能石,
4,606,111,天光,技能石,
5,606,195,晒太阳,技能石,
6,606,212,棘刺,技能石,
7,606,244,泥巴喷射,技能石,
8,606,249,流沙,技能石,
9,606,351,耀眼,技能石,
10,606,374,蓄势待发,技能石,
11,606,444,镜像反射,技能石,
12,606,450,防反,技能石,
13,606,496,麻痹,技能石,
14,606,18,休息回复,血脉,
15,606,27,假寐,血脉,
16,606,68,升龙咆哮,血脉,
17,606,132,引燃,血脉,
18,606,139,徒长,血脉,
19,606,160,扬沙,血脉,
20,606,217,毒孢子,血脉,
21,606,273,灵媒,血脉,
22,606,296,球状闪电,血脉,
23,606,297,甜心续航,血脉,
24,606,346,羽化加速,血脉,
25,606,375,蓄水,血脉,
26,606,391,虹光冲击,血脉,
27,606,404,贪婪,血脉,
28,606,406,贯手,血脉,
29,606,413,超维投射,血脉,
30,606,435,金属噪音,血脉,
31,606,468,霜降,血脉,
32,606,35,光球,默认,1
33,606,73,双联脉冲,默认,32
34,606,106,增程电池,默认,35
35,606,184,放晴,默认,48
36,606,301,电流,默认,1
37,606,302,电磁偏转,默认,24
38,606,303,电离爆破,默认,27
39,606,363,色散,默认,22
40,606,373,落雷,默认,39
41,606,409,超导,默认,5
42,606,417,踏雷,默认,40
43,606,421,远程访问,默认,11
44,606,451,防御,默认,16
45,150,24,借用,技能石,
46,150,25,倾泻,技能石,
47,150,63,加固,技能石,
48,150,142,快速移动,技能石,
49,150,175,掠夺,技能石,
50,150,180,撕咬,技能石,
51,150,201,有效预防,技能石,
52,150,285,热身运动,技能石,
53,150,305,疾风刺,技能石,
54,150,308,瘴气喷射,技能石,
55,150,339,精神扰乱,技能石,
56,150,361,腐化,技能石,
57,150,381,虫击,技能石,
58,150,422,连续毒针,技能石,
59,150,426,追打,技能石,
60,150,451,防御,技能石,
61,150,494,鸩毒,技能石,
62,150,55,冷风,血脉,
63,150,68,升龙咆哮,血脉,
64,150,123,尾后针,血脉,
65,150,128,幻象,血脉,
66,150,150,恶能量,血脉,
67,150,160,扬沙,血脉,
68,150,169,拍击,血脉,
69,150,191,星云漩涡,血脉,
70,150,218,毒沼,血脉,
71,150,242,泡沫,血脉,
72,150,266,火焰冲锋,血脉,
73,150,296,球状闪电,血脉,
74,150,329,离子震荡,血脉,
75,150,343,缠丝劲,血脉,
76,150,365,花香,血脉,
77,150,391,虹光冲击,血脉,
78,150,488,魅惑,血脉,
79,150,495,鹰爪,血脉,
80,150,11,乘风,默认,22
81,150,155,扇风,默认,25
82,150,172,捆缚,默认,13
83,150,346,羽化加速,默认,28
84,150,349,翅刃,默认,47
85,150,350,翼击,默认,33
86,150,368,草虫冲击,默认,26
87,150,384,虫网,默认,1
88,150,385,虫群,默认,36
89,150,387,虫群过境,默认,34
90,150,388,虫茧,默认,3
91,150,390,虫鸣,默认,7
92,150,476,风矢,默认,20
93,150,489,魔法增效,默认,1
94,150,492,鸣叫,默认,1
95,150,502,龙卷风,默认,49
96,470,11,乘风,技能石,
97,470,18,休息回复,技能石,
98,470,24,借用,技能石,
99,470,76,取念,技能石,
100,470,98,地刺,技能石,
101,470,108,复写,技能石,
102,470,142,快速移动,技能石,
103,470,155,扇风,技能石,
104,470,260,漫反射,技能石,
105,470,313,石肤术,技能石,
106,470,465,震击,技能石,
107,470,493,鸣沙陷阱,技能石,
108,470,502,龙卷风,技能石,
109,470,55,冷风,血脉,
110,470,68,升龙咆哮,血脉,
111,470,123,尾后针,血脉,
112,470,143,念力膨胀,血脉,
113,470,192,星星撞击,血脉,
114,470,218,毒沼,血脉,
115,470,270,火爪,血脉,
116,470,273,灵媒,血脉,
117,470,325,磁干扰,血脉,
118,470,329,离子震荡,血脉,
119,470,355,肥皂泡,血脉,
120,470,367,荆棘爪,血脉,
121,470,391,虹光冲击,血脉,
122,470,406,贯手,血脉,
123,470,416,跺地,血脉,
124,470,476,风矢,血脉,
125,470,488,魅惑,血脉,
126,470,497,黑手,血脉,
127,470,10,乘胜追击,默认,45
128,470,13,二律背反,默认,38
129,470,28,偷师,默认,4
130,470,29,偷袭,默认,31
131,470,62,力量增效,默认,1
132,470,72,双星,默认,33
133,470,141,心灵洞悉,默认,34
134,470,193,星轨裂变,默认,26
135,470,333,空间压迫,默认,23
136,470,338,粒子对撞,默认,1
137,470,401,许愿星,默认,5
138,470,411,超新星馈赠,默认,30
139,470,451,防御,默认,12
140,82,76,取念,技能石,
141,82,103,垂死反击,技能石,
142,82,123,尾后针,技能石,
143,82,126,岩脉崩毁,技能石,
144,82,178,摇篮曲,技能石,
145,82,195,晒太阳,技能石,
146,82,285,热身运动,技能石,
147,82,381,虫击,技能石,
148,82,386,虫群智慧,技能石,
149,82,423,连续爪击,技能石,
150,82,440,钧势,技能石,
151,82,451,防御,技能石,
152,82,490,魔爪,技能石,
153,82,47,冰爪,血脉,
154,82,68,升龙咆哮,血脉,
155,82,94,噬心,血脉,
156,82,150,恶能量,血脉,
157,82,191,星云漩涡,血脉,
158,82,211,械斗,血脉,
159,82,218,毒沼,血脉,
160,82,242,泡沫,血脉,
161,82,266,火焰冲锋,血脉,
162,82,273,灵媒,血脉,
163,82,294,猛烈撞击,血脉,
164,82,296,球状闪电,血脉,
165,82,324,碰爪,血脉,
166,82,343,缠丝劲,血脉,
167,82,367,荆棘爪,血脉,
168,82,416,跺地,血脉,
169,82,430,透射,血脉,
170,82,476,风矢,血脉,
171,82,7,丰饶,默认,24
172,82,62,力量增效,默认,1
173,82,98,地刺,默认,44
174,82,112,天旋地转,默认,31
175,82,116,孢子爆散,默认,34
176,82,118,富养化,默认,16
177,82,167,抽枝,默认,48
178,82,310,盛开,默认,33
179,82,313,石肤术,默认,9
180,82,337,筛管奔流,默认,11
181,82,371,落石,默认,1
182,82,465,震击,默认,8
183,82,472,顶端优势,默认,21
184,84,29,偷袭,技能石,
185,84,76,取念,技能石,
186,84,103,垂死反击,技能石,
187,84,123,尾后针,技能石,
188,84,178,摇篮曲,技能石,
189,84,195,晒太阳,技能石,
190,84,332,移花接木,技能石,
191,84,339,精神扰乱,技能石,
192,84,352,聒噪,技能石,
193,84,381,虫击,技能石,
194,84,386,虫群智慧,技能石,
195,84,423,连续爪击,技能石,
196,84,490,魔爪,技能石,
197,84,47,冰爪,血脉,
198,84,68,升龙咆哮,血脉,
199,84,94,噬心,血脉,
200,84,150,恶能量,血脉,
201,84,191,星云漩涡,血脉,
202,84,211,械斗,血脉,
203,84,218,毒沼,血脉,
204,84,242,泡沫,血脉,
205,84,266,火焰冲锋,血脉,
206,84,273,灵媒,血脉,
207,84,294,猛烈撞击,血脉,
208,84,296,球状闪电,血脉,
209,84,324,碰爪,血脉,
210,84,343,缠丝劲,血脉,
211,84,367,荆棘爪,血脉,
212,84,416,跺地,血脉,
213,84,430,透射,血脉,
214,84,476,风矢,血脉,
215,84,7,丰饶,默认,33
216,84,8,主场优势,默认,23
217,84,62,力量增效,默认,1
218,84,112,天旋地转,默认,12
219,84,116,孢子爆散,默认,31
220,84,118,富养化,默认,17
221,84,167,抽枝,默认,39
222,84,212,棘刺,默认,6
223,84,310,盛开,默认,40
224,84,337,筛管奔流,默认,1
225,84,377,藤绞,默认,21
226,84,451,防御,默认,1
227,84,472,顶端优势,默认,5
228,85,45,冰晶坠,技能石,
229,85,76,取念,技能石,
230,85,103,垂死反击,技能石,
231,85,118,富养化,技能石,
232,85,123,尾后针,技能石,
233,85,178,摇篮曲,技能石,
234,85,195,晒太阳,技能石,
235,85,285,热身运动,技能石,
236,85,381,虫击,技能石,
237,85,386,虫群智慧,技能石,
238,85,423,连续爪击,技能石,
239,85,451,防御,技能石,
240,85,490,魔爪,技能石,
241,85,47,冰爪,血脉,
242,85,68,升龙咆哮,血脉,
243,85,94,噬心,血脉,
244,85,150,恶能量,血脉,
245,85,191,星云漩涡,血脉,
246,85,211,械斗,血脉,
247,85,218,毒沼,血脉,
248,85,242,泡沫,血脉,
249,85,266,火焰冲锋,血脉,
250,85,273,灵媒,血脉,
251,85,294,猛烈撞击,血脉,
252,85,296,球状闪电,血脉,
253,85,324,碰爪,血脉,
254,85,343,缠丝劲,血脉,
255,85,367,荆棘爪,血脉,
256,85,416,跺地,血脉,
257,85,430,透射,血脉,
258,85,476,风矢,血脉,
259,85,7,丰饶,默认,11
260,85,39,冬至,默认,40
261,85,44,冰捆缚,默认,3
262,85,51,冰锥,默认,1
263,85,52,冰雹,默认,34
264,85,62,力量增效,默认,1
265,85,112,天旋地转,默认,26
266,85,116,孢子爆散,默认,33
267,85,167,抽枝,默认,37
268,85,199,暴风雪,默认,17
269,85,310,盛开,默认,28
270,85,337,筛管奔流,默认,1
271,85,431,速冻,默认,23
272,85,472,顶端优势,默认,4
273,386,21,伺机而动,技能石,
274,386,61,力量吞噬,技能石,
275,386,74,反击拳,技能石,
276,386,108,复写,技能石,
277,386,127,崩拳,技能石,
278,386,142,快速移动,技能石,
279,386,177,提气,技能石,
280,386,223,气势一击,技能石,
281,386,285,热身运动,技能石,
282,386,414,跌落,技能石,
283,386,423,连续爪击,技能石,
284,386,451,防御,技能石,
285,386,476,风矢,技能石,
286,386,47,冰爪,血脉,
287,386,68,升龙咆哮,血脉,
288,386,94,噬心,血脉,
289,386,150,恶能量,血脉,
290,386,191,星云漩涡,血脉,
291,386,192,星星撞击,血脉,
292,386,211,械斗,血脉,
293,386,218,毒沼,血脉,
294,386,242,泡沫,血脉,
295,386,266,火焰冲锋,血脉,
296,386,273,灵媒,血脉,
297,386,296,球状闪电,血脉,
298,386,324,碰爪,血脉,
299,386,343,缠丝劲,血脉,
300,386,365,花香,血脉,
301,386,416,跺地,血脉,
302,386,430,透射,血脉,
303,386,495,鹰爪,血脉,
304,386,6,丢冰块,默认,20
305,386,45,冰晶坠,默认,34
306,386,51,冰锥,默认,1
307,386,62,力量增效,默认,13
308,386,135,当头棒喝,默认,6
309,386,149,恶意逃离,默认,23
310,386,196,暗突袭,默认,49
311,386,206,极限撕裂,默认,35
312,386,259,滚雪球,默认,38
313,386,402,诋毁,默认,1
314,386,404,贪婪,默认,5
315,386,408,趁火打劫,默认,30
316,386,464,雾气环绕,默认,1
317,387,21,伺机而动,技能石,
318,387,61,力量吞噬,技能石,
319,387,74,反击拳,技能石,
320,387,76,取念,技能石,
321,387,127,崩拳,技能石,
322,387,142,快速移动,技能石,
323,387,177,提气,技能石,
324,387,223,气势一击,技能石,
325,387,285,热身运动,技能石,
326,387,414,跌落,技能石,
327,387,423,连续爪击,技能石,
328,387,451,防御,技能石,
329,387,476,风矢,技能石,
330,387,47,冰爪,血脉,
331,387,68,升龙咆哮,血脉,
332,387,94,噬心,血脉,
333,387,150,恶能量,血脉,
334,387,191,星云漩涡,血脉,
335,387,192,星星撞击,血脉,
336,387,211,械斗,血脉,
337,387,218,毒沼,血脉,
338,387,242,泡沫,血脉,
339,387,269,火焰箭,血脉,
340,387,273,灵媒,血脉,
341,387,296,球状闪电,血脉,
342,387,324,碰爪,血脉,
343,387,343,缠丝劲,血脉,
344,387,365,花香,血脉,
345,387,416,跺地,血脉,
346,387,430,透射,血脉,
347,387,495,鹰爪,血脉,
348,387,62,力量增效,默认,9
349,387,135,当头棒喝,默认,13
350,387,144,怒火,默认,16
351,387,149,恶意逃离,默认,25
352,387,196,暗突袭,默认,38
353,387,206,极限撕裂,默认,35
354,387,248,流星火雨,默认,23
355,387,267,火焰切割,默认,27
356,387,276,炎息,默认,1
357,387,402,诋毁,默认,1
358,387,404,贪婪,默认,8
359,387,408,趁火打劫,默认,34
360,387,449,闪燃,默认,37
361,382,21,伺机而动,技能石,
362,382,61,力量吞噬,技能石,
363,382,74,反击拳,技能石,
364,382,108,复写,技能石,
365,382,127,崩拳,技能石,
366,382,142,快速移动,技能石,
367,382,177,提气,技能石,
368,382,223,气势一击,技能石,
369,382,285,热身运动,技能石,
370,382,414,跌落,技能石,
371,382,423,连续爪击,技能石,
372,382,451,防御,技能石,
373,382,476,风矢,技能石,
374,382,47,冰爪,血脉,
375,382,68,升龙咆哮,血脉,
376,382,94,噬心,血脉,
377,382,150,恶能量,血脉,
378,382,191,星云漩涡,血脉,
379,382,192,星星撞击,血脉,
380,382,211,械斗,血脉,
381,382,218,毒沼,血脉,
382,382,242,泡沫,血脉,
383,382,266,火焰冲锋,血脉,
384,382,273,灵媒,血脉,
385,382,296,球状闪电,血脉,
386,382,324,碰爪,血脉,
387,382,343,缠丝劲,血脉,
388,382,365,花香,血脉,
389,382,416,跺地,血脉,
390,382,430,透射,血脉,
391,382,495,鹰爪,血脉,
392,382,6,丢冰块,默认,20
393,382,45,冰晶坠,默认,34
394,382,51,冰锥,默认,1
395,382,62,力量增效,默认,13
396,382,135,当头棒喝,默认,6
397,382,149,恶意逃离,默认,23
398,382,196,暗突袭,默认,49
399,382,206,极限撕裂,默认,35
400,382,259,滚雪球,默认,38
401,382,402,诋毁,默认,1
402,382,404,贪婪,默认,5
403,382,408,趁火打劫,默认,30
404,382,464,雾气环绕,默认,1
405,383,21,伺机而动,技能石,
406,383,61,力量吞噬,技能石,
407,383,74,反击拳,技能石,
408,383,76,取念,技能石,
409,383,127,崩拳,技能石,
410,383,142,快速移动,技能石,
411,383,177,提气,技能石,
412,383,223,气势一击,技能石,
413,383,285,热身运动,技能石,
414,383,414,跌落,技能石,
415,383,423,连续爪击,技能石,
416,383,451,防御,技能石,
417,383,476,风矢,技能石,
418,383,47,冰爪,血脉,
419,383,68,升龙咆哮,血脉,
420,383,94,噬心,血脉,
421,383,150,恶能量,血脉,
422,383,191,星云漩涡,血脉,
423,383,192,星星撞击,血脉,
424,383,211,械斗,血脉,
425,383,218,毒沼,血脉,
426,383,242,泡沫,血脉,
427,383,269,火焰箭,血脉,
428,383,273,灵媒,血脉,
429,383,296,球状闪电,血脉,
430,383,324,碰爪,血脉,
431,383,343,缠丝劲,血脉,
432,383,365,花香,血脉,
433,383,416,跺地,血脉,
434,383,430,透射,血脉,
435,383,495,鹰爪,血脉,
436,383,62,力量增效,默认,9
437,383,135,当头棒喝,默认,13
438,383,144,怒火,默认,16
439,383,149,恶意逃离,默认,25
440,383,196,暗突袭,默认,38
441,383,206,极限撕裂,默认,35
442,383,248,流星火雨,默认,23
443,383,267,火焰切割,默认,27
444,383,276,炎息,默认,1
445,383,402,诋毁,默认,1
446,383,404,贪婪,默认,8
447,383,408,趁火打劫,默认,34
448,383,449,闪燃,默认,37
449,157,18,休息回复,技能石,
450,157,23,俯冲猛击,技能石,
451,157,92,嗜痛,技能石,
452,157,108,复写,技能石,
453,157,189,无畏之心,技能石,
454,157,231,水弹,技能石,
455,157,352,聒噪,技能石,
456,157,395,血气,技能石,
457,157,450,防反,技能石,
458,157,38,冥想,血脉,
459,157,68,升龙咆哮,血脉,
460,157,74,反击拳,血脉,
461,157,176,掩护,血脉,
462,157,192,星星撞击,血脉,
463,157,234,水泡盾,血脉,
464,157,254,淤泥表皮,血脉,
465,157,258,溃烂触碰,血脉,
466,157,268,火焰护盾,血脉,
467,157,329,离子震荡,血脉,
468,157,336,等价交换,血脉,
469,157,348,羽翼庇护,血脉,
470,157,380,虚化,血脉,
471,157,391,虹光冲击,血脉,
472,157,393,蜡质膜,血脉,
473,157,460,集中,血脉,
474,157,461,雪替身,血脉,
475,157,488,魅惑,血脉,
476,157,31,先发制人,默认,28
477,157,62,力量增效,默认,21
478,157,262,潮涌,默认,16
479,157,350,翼击,默认,43
480,157,451,防御,默认,9
481,157,475,风墙,默认,44
482,157,476,风矢,默认,36
483,157,478,风隐,默认,42
484,157,482,飞羽,默认,1
485,157,492,鸣叫,默认,1
486,157,502,龙卷风,默认,45
487,226,13,二律背反,技能石,
488,226,42,冰墙,技能石,
489,226,63,加固,技能石,
490,226,72,双星,技能石,
491,226,108,复写,技能石,
492,226,109,多维击打,技能石,
493,226,114,天火,技能石,
494,226,131,应激反应,技能石,
495,226,132,引燃,技能石,
496,226,183,操控,技能石,
497,226,193,星轨裂变,技能石,
498,226,195,晒太阳,技能石,
499,226,397,见招拆招,技能石,
500,226,431,速冻,技能石,
501,226,456,除厄,技能石,
502,226,486,高温回火,技能石,
503,226,498,鼓劲,技能石,
504,226,27,假寐,血脉,
505,226,47,冰爪,血脉,
506,226,66,勾魂,血脉,
507,226,67,化劲,血脉,
508,226,68,升龙咆哮,血脉,
509,226,91,啮合传递,血脉,
510,226,139,徒长,血脉,
511,226,192,星星撞击,血脉,
512,226,217,毒孢子,血脉,
513,226,246,泥浆铠甲,血脉,
514,226,269,火焰箭,血脉,
515,226,297,甜心续航,血脉,
516,226,346,羽化加速,血脉,
517,226,375,蓄水,血脉,
518,226,391,虹光冲击,血脉,
519,226,404,贪婪,血脉,
520,226,413,超维投射,血脉,
521,226,496,麻痹,血脉,
522,226,30,充分燃烧,默认,17
523,226,39,冬至,默认,29
524,226,46,冰点,默认,35
525,226,55,冷风,默认,1
526,226,157,打雪仗,默认,34
527,226,190,易燃物质,默认,39
528,226,199,暴风雪,默认,27
529,226,267,火焰切割,默认,13
530,226,268,火焰护盾,默认,21
531,226,278,炎枪,默认,4
532,226,284,热身,默认,40
533,226,288,焚烧烙印,默认,9
534,226,292,爆裂飞弹,默认,50
535,226,451,防御,默认,1
536,226,468,霜降,默认,1
537,272,60,剧毒,技能石,
538,272,63,加固,技能石,
539,272,103,垂死反击,技能石,
540,272,108,复写,技能石,
541,272,118,富养化,技能石,
542,272,131,应激反应,技能石,
543,272,165,抛石,技能石,
544,272,195,晒太阳,技能石,
545,272,217,毒孢子,技能石,
546,272,222,毒雾,技能石,
547,272,241,沙涌,技能石,
548,272,246,泥浆铠甲,技能石,
549,272,285,热身运动,技能石,
550,272,422,连续毒针,技能石,
551,272,440,钧势,技能石,
552,272,498,鼓劲,技能石,
553,272,27,假寐,血脉,
554,272,67,化劲,血脉,
555,272,68,升龙咆哮,血脉,
556,272,91,啮合传递,血脉,
557,272,132,引燃,血脉,
558,272,192,星星撞击,血脉,
559,272,258,溃烂触碰,血脉,
560,272,273,灵媒,血脉,
561,272,297,甜心续航,血脉,
562,272,346,羽化加速,血脉,
563,272,367,荆棘爪,血脉,
564,272,375,蓄水,血脉,
565,272,391,虹光冲击,血脉,
566,272,404,贪婪,血脉,
567,272,413,超维投射,血脉,
568,272,416,跺地,血脉,
569,272,468,霜降,血脉,
570,272,496,麻痹,血脉,
571,272,15,仙人掌刺击,默认,48
572,272,139,徒长,默认,1
573,272,213,棘突,默认,5
574,272,249,流沙,默认,37
575,272,254,淤泥表皮,默认,23
576,272,283,热砂,默认,1
577,272,313,石肤术,默认,19
578,272,332,移花接木,默认,29
579,272,366,芳香诱引,默认,35
580,272,377,藤绞,默认,28
581,272,393,蜡质膜,默认,9
582,272,451,防御,默认,1
583,272,457,陨石,默认,13
584,272,491,魔能爆,默认,36
585,272,493,鸣沙陷阱,默认,34
586,435,18,休息回复,技能石,
587,435,21,伺机而动,技能石,
588,435,24,借用,技能石,
589,435,82,吓退,技能石,
590,435,92,嗜痛,技能石,
591,435,110,大爆炸,技能石,
592,435,136,彗星,技能石,
593,435,186,斩断,技能石,
594,435,189,无畏之心,技能石,
595,435,257,湮灭,技能石,
596,435,376,蓄能轰击,技能石,
597,435,395,血气,技能石,
598,435,491,魔能爆,技能石,
599,435,38,冥想,血脉,
600,435,68,升龙咆哮,血脉,
601,435,74,反击拳,血脉,
602,435,176,掩护,血脉,
603,435,192,星星撞击,血脉,
604,435,234,水泡盾,血脉,
605,435,254,淤泥表皮,血脉,
606,435,258,溃烂触碰,血脉,
607,435,268,火焰护盾,血脉,
608,435,329,离子震荡,血脉,
609,435,336,等价交换,血脉,
610,435,380,虚化,血脉,
611,435,391,虹光冲击,血脉,
612,435,393,蜡质膜,血脉,
613,435,460,集中,血脉,
614,435,461,雪替身,血脉,
615,435,476,风矢,血脉,
616,435,488,魅惑,血脉,
617,435,31,先发制人,默认,12
618,435,62,力量增效,默认,24
619,435,83,吞噬,默认,41
620,435,103,垂死反击,默认,40
621,435,335,突袭,默认,46
622,435,338,粒子对撞,默认,1
623,435,357,能量刃,默认,36
624,435,401,许愿星,默认,16
625,435,423,连续爪击,默认,43
626,435,450,防反,默认,38
627,435,451,防御,默认,10
628,435,489,魔法增效,默认,1
629,434,18,休息回复,技能石,
630,434,21,伺机而动,技能石,
631,434,24,借用,技能石,
632,434,82,吓退,技能石,
633,434,92,嗜痛,技能石,
634,434,110,大爆炸,技能石,
635,434,136,彗星,技能石,
636,434,186,斩断,技能石,
637,434,189,无畏之心,技能石,
638,434,257,湮灭,技能石,
639,434,376,蓄能轰击,技能石,
640,434,395,血气,技能石,
641,434,491,魔能爆,技能石,
642,434,38,冥想,血脉,
643,434,68,升龙咆哮,血脉,
644,434,74,反击拳,血脉,
645,434,176,掩护,血脉,
646,434,192,星星撞击,血脉,
647,434,234,水泡盾,血脉,
648,434,254,淤泥表皮,血脉,
649,434,258,溃烂触碰,血脉,
650,434,268,火焰护盾,血脉,
651,434,329,离子震荡,血脉,
652,434,336,等价交换,血脉,
653,434,380,虚化,血脉,
654,434,391,虹光冲击,血脉,
655,434,393,蜡质膜,血脉,
656,434,460,集中,血脉,
657,434,461,雪替身,血脉,
658,434,476,风矢,血脉,
659,434,488,魅惑,血脉,
660,434,31,先发制人,默认,12
661,434,62,力量增效,默认,24
662,434,83,吞噬,默认,41
663,434,103,垂死反击,默认,40
664,434,335,突袭,默认,46
665,434,338,粒子对撞,默认,1
666,434,357,能量刃,默认,36
667,434,401,许愿星,默认,16
668,434,423,连续爪击,默认,43
669,434,450,防反,默认,38
670,434,451,防御,默认,10
671,434,489,魔法增效,默认,1
672,183,13,二律背反,技能石,
673,183,76,取念,技能石,
674,183,93,嘲弄,技能石,
675,183,95,四维降解,技能石,
676,183,109,多维击打,技能石,
677,183,131,应激反应,技能石,
678,183,141,心灵洞悉,技能石,
679,183,147,恶作剧,技能石,
680,183,195,晒太阳,技能石,
681,183,272,灵光,技能石,
682,183,273,灵媒,技能石,
683,183,333,空间压迫,技能石,
684,183,374,蓄势待发,技能石,
685,183,413,超维投射,技能石,
686,183,451,防御,技能石,
687,183,498,鼓劲,技能石,
688,183,27,假寐,血脉,
689,183,66,勾魂,血脉,
690,183,67,化劲,血脉,
691,183,68,升龙咆哮,血脉,
692,183,91,啮合传递,血脉,
693,183,132,引燃,血脉,
694,183,139,徒长,血脉,
695,183,143,念力膨胀,血脉,
696,183,192,星星撞击,血脉,
697,183,217,毒孢子,血脉,
698,183,297,甜心续航,血脉,
699,183,346,羽化加速,血脉,
700,183,375,蓄水,血脉,
701,183,391,虹光冲击,血脉,
702,183,404,贪婪,血脉,
703,183,416,跺地,血脉,
704,183,468,霜降,血脉,
705,183,496,麻痹,血脉,
706,183,4,不动如山,默认,21
707,183,28,偷师,默认,1
708,183,62,力量增效,默认,16
709,183,101,坍缩,默认,35
710,183,165,抛石,默认,42
711,183,193,星轨裂变,默认,1
712,183,241,沙涌,默认,39
713,183,246,泥浆铠甲,默认,44
714,183,249,流沙,默认,40
715,183,283,热砂,默认,4
716,183,320,硬化,默认,1
717,183,371,落石,默认,11
718,183,411,超新星馈赠,默认,30
719,183,440,钧势,默认,36
720,183,457,陨石,默认,26
721,183,489,魔法增效,默认,9
722,184,13,二律背反,技能石,
723,184,76,取念,技能石,
724,184,93,嘲弄,技能石,
725,184,95,四维降解,技能石,
726,184,109,多维击打,技能石,
727,184,131,应激反应,技能石,
728,184,141,心灵洞悉,技能石,
729,184,147,恶作剧,技能石,
730,184,195,晒太阳,技能石,
731,184,272,灵光,技能石,
732,184,273,灵媒,技能石,
733,184,333,空间压迫,技能石,
734,184,374,蓄势待发,技能石,
735,184,413,超维投射,技能石,
736,184,451,防御,技能石,
737,184,498,鼓劲,技能石,
738,184,27,假寐,血脉,
739,184,66,勾魂,血脉,
740,184,67,化劲,血脉,
741,184,68,升龙咆哮,血脉,
742,184,91,啮合传递,血脉,
743,184,132,引燃,血脉,
744,184,139,徒长,血脉,
745,184,143,念力膨胀,血脉,
746,184,192,星星撞击,血脉,
747,184,217,毒孢子,血脉,
748,184,297,甜心续航,血脉,
749,184,346,羽化加速,血脉,
750,184,375,蓄水,血脉,
751,184,391,虹光冲击,血脉,
752,184,404,贪婪,血脉,
753,184,416,跺地,血脉,
754,184,468,霜降,血脉,
755,184,496,麻痹,血脉,
756,184,4,不动如山,默认,21
757,184,28,偷师,默认,1
758,184,62,力量增效,默认,16
759,184,101,坍缩,默认,35
760,184,165,抛石,默认,42
761,184,193,星轨裂变,默认,1
762,184,241,沙涌,默认,39
763,184,246,泥浆铠甲,默认,44
764,184,249,流沙,默认,40
765,184,283,热砂,默认,4
766,184,320,硬化,默认,1
767,184,371,落石,默认,11
768,184,411,超新星馈赠,默认,30
769,184,440,钧势,默认,36
770,184,457,陨石,默认,26
771,184,489,魔法增效,默认,9
772,185,13,二律背反,技能石,
773,185,76,取念,技能石,
774,185,93,嘲弄,技能石,
775,185,95,四维降解,技能石,
776,185,109,多维击打,技能石,
777,185,131,应激反应,技能石,
778,185,141,心灵洞悉,技能石,
779,185,147,恶作剧,技能石,
780,185,195,晒太阳,技能石,
781,185,272,灵光,技能石,
782,185,273,灵媒,技能石,
783,185,333,空间压迫,技能石,
784,185,374,蓄势待发,技能石,
785,185,413,超维投射,技能石,
786,185,451,防御,技能石,
787,185,498,鼓劲,技能石,
788,185,27,假寐,血脉,
789,185,66,勾魂,血脉,
790,185,67,化劲,血脉,
791,185,68,升龙咆哮,血脉,
792,185,91,啮合传递,血脉,
793,185,132,引燃,血脉,
794,185,139,徒长,血脉,
795,185,143,念力膨胀,血脉,
796,185,192,星星撞击,血脉,
797,185,217,毒孢子,血脉,
798,185,297,甜心续航,血脉,
799,185,346,羽化加速,血脉,
800,185,375,蓄水,血脉,
801,185,391,虹光冲击,血脉,
802,185,404,贪婪,血脉,
803,185,416,跺地,血脉,
804,185,468,霜降,血脉,
805,185,496,麻痹,血脉,
806,185,4,不动如山,默认,21
807,185,28,偷师,默认,1
808,185,62,力量增效,默认,16
809,185,101,坍缩,默认,35
810,185,165,抛石,默认,42
811,185,193,星轨裂变,默认,1
812,185,241,沙涌,默认,39
813,185,246,泥浆铠甲,默认,44
814,185,249,流沙,默认,40
815,185,283,热砂,默认,4
816,185,320,硬化,默认,1
817,185,371,落石,默认,11
818,185,411,超新星馈赠,默认,30
819,185,440,钧势,默认,36
820,185,457,陨石,默认,26
821,185,489,魔法增效,默认,9
822,307,76,取念,技能石,
823,307,79,叶绿光束,技能石,
824,307,101,坍缩,技能石,
825,307,110,大爆炸,技能石,
826,307,134,强制重启,技能石,
827,307,193,星轨裂变,技能石,
828,307,227,氧输送,技能石,
829,307,332,移花接木,技能石,
830,307,338,粒子对撞,技能石,
831,307,339,精神扰乱,技能石,
832,307,409,超导,技能石,
833,307,420,过载回路,技能石,
834,307,454,阻断,技能石,
835,307,55,冷风,血脉,
836,307,123,尾后针,血脉,
837,307,169,拍击,血脉,
838,307,218,毒沼,血脉,
839,307,270,火爪,血脉,
840,307,273,灵媒,血脉,
841,307,329,离子震荡,血脉,
842,307,355,肥皂泡,血脉,
843,307,367,荆棘爪,血脉,
844,307,391,虹光冲击,血脉,
845,307,400,触电,血脉,
846,307,406,贯手,血脉,
847,307,416,跺地,血脉,
848,307,437,针状物,血脉,
849,307,476,风矢,血脉,
850,307,488,魅惑,血脉,
851,307,497,黑手,血脉,
852,307,504,龙吼,血脉,
853,307,68,升龙咆哮,默认,25
854,307,131,应激反应,默认,40
855,307,145,怨力打击,默认,39
856,307,207,架势,默认,16
857,307,257,湮灭,默认,35
858,307,335,突袭,默认,43
859,307,341,绵里藏针,默认,1
860,307,398,角击,默认,4
861,307,451,防御,默认,11
862,307,489,魔法增效,默认,1
863,307,503,龙吟,默认,29
864,307,505,龙威,默认,36
865,307,506,龙息环爆,默认,42
866,308,76,取念,技能石,
867,308,79,叶绿光束,技能石,
868,308,101,坍缩,技能石,
869,308,110,大爆炸,技能石,
870,308,134,强制重启,技能石,
871,308,193,星轨裂变,技能石,
872,308,227,氧输送,技能石,
873,308,332,移花接木,技能石,
874,308,338,粒子对撞,技能石,
875,308,339,精神扰乱,技能石,
876,308,409,超导,技能石,
877,308,420,过载回路,技能石,
878,308,454,阻断,技能石,
879,308,55,冷风,血脉,
880,308,123,尾后针,血脉,
881,308,169,拍击,血脉,
882,308,218,毒沼,血脉,
883,308,270,火爪,血脉,
884,308,273,灵媒,血脉,
885,308,329,离子震荡,血脉,
886,308,355,肥皂泡,血脉,
887,308,367,荆棘爪,血脉,
888,308,391,虹光冲击,血脉,
889,308,400,触电,血脉,
890,308,406,贯手,血脉,
891,308,416,跺地,血脉,
892,308,437,针状物,血脉,
893,308,476,风矢,血脉,
894,308,488,魅惑,血脉,
895,308,497,黑手,血脉,
896,308,504,龙吼,血脉,
897,308,68,升龙咆哮,默认,25
898,308,131,应激反应,默认,40
899,308,145,怨力打击,默认,39
900,308,207,架势,默认,16
901,308,257,湮灭,默认,35
902,308,335,突袭,默认,43
903,308,341,绵里藏针,默认,1
904,308,398,角击,默认,4
905,308,451,防御,默认,11
906,308,489,魔法增效,默认,1
907,308,503,龙吟,默认,29
908,308,505,龙威,默认,36
909,308,506,龙息环爆,默认,42
910,133,5,不可接触,技能石,
911,133,24,借用,技能石,
912,133,54,冲撞,技能石,
913,133,92,嗜痛,技能石,
914,133,173,捧杀,技能石,
915,133,291,爆米花爆破,技能石,
916,133,297,甜心续航,技能石,
917,133,316,砂糖弹球,技能石,
918,133,318,破罐破摔,技能石,
919,133,362,腐蚀酸液,技能石,
920,133,422,连续毒针,技能石,
921,133,423,连续爪击,技能石,
922,133,427,退化,技能石,
923,133,433,酶浓度调整,技能石,
924,133,451,防御,技能石,
925,133,471,音爆,技能石,
926,133,38,冥想,血脉,
927,133,68,升龙咆哮,血脉,
928,133,74,反击拳,血脉,
929,133,176,掩护,血脉,
930,133,234,水泡盾,血脉,
931,133,254,淤泥表皮,血脉,
932,133,258,溃烂触碰,血脉,
933,133,268,火焰护盾,血脉,
934,133,329,离子震荡,血脉,
935,133,336,等价交换,血脉,
936,133,348,羽翼庇护,血脉,
937,133,367,荆棘爪,血脉,
938,133,380,虚化,血脉,
939,133,391,虹光冲击,血脉,
940,133,450,防反,血脉,
941,133,460,集中,血脉,
942,133,461,雪替身,血脉,
943,133,488,魅惑,血脉,
944,133,15,仙人掌刺击,默认,27
945,133,31,先发制人,默认,11
946,133,34,光合作用,默认,16
947,133,36,光能聚集,默认,35
948,133,79,叶绿光束,默认,22
949,133,167,抽枝,默认,36
950,133,189,无畏之心,默认,50
951,133,285,热身运动,默认,40
952,133,330,种子弹,默认,1
953,133,340,纤维化,默认,21
954,133,351,耀眼,默认,1
955,133,354,聚盐,默认,10
956,133,377,藤绞,默认,8
957,133,393,蜡质膜,默认,1
958,133,395,血气,默认,34
959,134,5,不可接触,技能石,
960,134,24,借用,技能石,
961,134,54,冲撞,技能石,
962,134,92,嗜痛,技能石,
963,134,173,捧杀,技能石,
964,134,291,爆米花爆破,技能石,
965,134,297,甜心续航,技能石,
966,134,316,砂糖弹球,技能石,
967,134,318,破罐破摔,技能石,
968,134,362,腐蚀酸液,技能石,
969,134,422,连续毒针,技能石,
970,134,423,连续爪击,技能石,
971,134,427,退化,技能石,
972,134,433,酶浓度调整,技能石,
973,134,451,防御,技能石,
974,134,471,音爆,技能石,
975,134,38,冥想,血脉,
976,134,68,升龙咆哮,血脉,
977,134,74,反击拳,血脉,
978,134,176,掩护,血脉,
979,134,234,水泡盾,血脉,
980,134,254,淤泥表皮,血脉,
981,134,258,溃烂触碰,血脉,
982,134,268,火焰护盾,血脉,
983,134,329,离子震荡,血脉,
984,134,336,等价交换,血脉,
985,134,348,羽翼庇护,血脉,
986,134,367,荆棘爪,血脉,
987,134,380,虚化,血脉,
988,134,391,虹光冲击,血脉,
989,134,450,防反,血脉,
990,134,460,集中,血脉,
991,134,461,雪替身,血脉,
992,134,488,魅惑,血脉,
993,134,15,仙人掌刺击,默认,27
994,134,31,先发制人,默认,11
995,134,34,光合作用,默认,16
996,134,36,光能聚集,默认,35
997,134,79,叶绿光束,默认,22
998,134,167,抽枝,默认,36
999,134,189,无畏之心,默认,50
1000,134,285,热身运动,默认,40
1001,134,330,种子弹,默认,1
1002,134,340,纤维化,默认,21
1003,134,351,耀眼,默认,1
1004,134,354,聚盐,默认,10
1005,134,377,藤绞,默认,8
1006,134,393,蜡质膜,默认,1
1007,134,395,血气,默认,34
1008,306,76,取念,技能石,
1009,306,79,叶绿光束,技能石,
1010,306,101,坍缩,技能石,
1011,306,110,大爆炸,技能石,
1012,306,134,强制重启,技能石,
1013,306,193,星轨裂变,技能石,
1014,306,227,氧输送,技能石,
1015,306,332,移花接木,技能石,
1016,306,338,粒子对撞,技能石,
1017,306,339,精神扰乱,技能石,
1018,306,409,超导,技能石,
1019,306,420,过载回路,技能石,
1020,306,454,阻断,技能石,
1021,306,55,冷风,血脉,
1022,306,123,尾后针,血脉,
1023,306,169,拍击,血脉,
1024,306,218,毒沼,血脉,
1025,306,270,火爪,血脉,
1026,306,273,灵媒,血脉,
1027,306,329,离子震荡,血脉,
1028,306,355,肥皂泡,血脉,
1029,306,367,荆棘爪,血脉,
1030,306,391,虹光冲击,血脉,
1031,306,400,触电,血脉,
1032,306,406,贯手,血脉,
1033,306,416,跺地,血脉,
1034,306,437,针状物,血脉,
1035,306,476,风矢,血脉,
1036,306,488,魅惑,血脉,
1037,306,497,黑手,血脉,
1038,306,504,龙吼,血脉,
1039,306,68,升龙咆哮,默认,25
1040,306,131,应激反应,默认,40
1041,306,145,怨力打击,默认,39
1042,306,207,架势,默认,16
1043,306,257,湮灭,默认,35
1044,306,335,突袭,默认,43
1045,306,341,绵里藏针,默认,1
1046,306,398,角击,默认,4
1047,306,451,防御,默认,11
1048,306,489,魔法增效,默认,1
1049,306,503,龙吟,默认,29
1050,306,505,龙威,默认,36
1051,306,506,龙息环爆,默认,42
1052,112,18,休息回复,技能石,
1053,112,21,伺机而动,技能石,
1054,112,70,压扁,技能石,
1055,112,74,反击拳,技能石,
1056,112,98,地刺,技能石,
1057,112,108,复写,技能石,
1058,112,123,尾后针,技能石,
1059,112,201,有效预防,技能石,
1060,112,339,精神扰乱,技能石,
1061,112,381,虫击,技能石,
1062,112,390,虫鸣,技能石,
1063,112,465,震击,技能石,
1064,112,481,飞断,技能石,
1065,112,484,食腐,技能石,
1066,112,47,冰爪,血脉,
1067,112,68,升龙咆哮,血脉,
1068,112,94,噬心,血脉,
1069,112,150,恶能量,血脉,
1070,112,191,星云漩涡,血脉,
1071,112,192,星星撞击,血脉,
1072,112,211,械斗,血脉,
1073,112,218,毒沼,血脉,
1074,112,242,泡沫,血脉,
1075,112,266,火焰冲锋,血脉,
1076,112,273,灵媒,血脉,
1077,112,296,球状闪电,血脉,
1078,112,324,碰爪,血脉,
1079,112,343,缠丝劲,血脉,
1080,112,365,花香,血脉,
1081,112,416,跺地,血脉,
1082,112,430,透射,血脉,
1083,112,476,风矢,血脉,
1084,112,2,三连破,默认,17
1085,112,10,乘胜追击,默认,32
1086,112,29,偷袭,默认,49
1087,112,31,先发制人,默认,8
1088,112,62,力量增效,默认,1
1089,112,83,吞噬,默认,35
1090,112,135,当头棒喝,默认,25
1091,112,162,抓挠,默认,1
1092,112,178,摇篮曲,默认,34
1093,112,285,热身运动,默认,26
1094,112,423,连续爪击,默认,38
1095,112,451,防御,默认,12
1096,112,454,阻断,默认,48
1097,397,8,主场优势,技能石,
1098,397,75,反弹,技能石,
1099,397,76,取念,技能石,
1100,397,212,棘刺,技能石,
1101,397,241,沙涌,技能石,
1102,397,339,精神扰乱,技能石,
1103,397,407,赤子之心,技能石,
1104,397,427,退化,技能石,
1105,397,432,遁地,技能石,
1106,397,442,锐利眼神,技能石,
1107,397,471,音爆,技能石,
1108,397,480,飞吻,技能石,
1109,397,489,魔法增效,技能石,
1110,397,18,休息回复,血脉,
1111,397,27,假寐,血脉,
1112,397,66,勾魂,血脉,
1113,397,68,升龙咆哮,血脉,
1114,397,91,啮合传递,血脉,
1115,397,132,引燃,血脉,
1116,397,217,毒孢子,血脉,
1117,397,297,甜心续航,血脉,
1118,397,346,羽化加速,血脉,
1119,397,367,荆棘爪,血脉,
1120,397,375,蓄水,血脉,
1121,397,391,虹光冲击,血脉,
1122,397,404,贪婪,血脉,
1123,397,406,贯手,血脉,
1124,397,413,超维投射,血脉,
1125,397,416,跺地,血脉,
1126,397,468,霜降,血脉,
1127,397,496,麻痹,血脉,
1128,397,111,天光,默认,40
1129,397,184,放晴,默认,34
1130,397,244,泥巴喷射,默认,2
1131,397,245,泥浆,默认,1
1132,397,249,流沙,默认,49
1133,397,260,漫反射,默认,36
1134,397,283,热砂,默认,12
1135,397,313,石肤术,默认,1
1136,397,320,硬化,默认,33
1137,397,374,蓄势待发,默认,45
1138,397,440,钧势,默认,26
1139,397,445,闪光,默认,1
1140,397,451,防御,默认,8
1141,442,11,乘风,技能石,
1142,442,25,倾泻,技能石,
1143,442,58,刺盾,技能石,
1144,442,108,复写,技能石,
1145,442,127,崩拳,技能石,
1146,442,188,无影脚,技能石,
1147,442,193,星轨裂变,技能石,
1148,442,195,晒太阳,技能石,
1149,442,338,粒子对撞,技能石,
1150,442,339,精神扰乱,技能石,
1151,442,346,羽化加速,技能石,
1152,442,423,连续爪击,技能石,
1153,442,477,风起,技能石,
1154,442,478,风隐,技能石,
1155,442,47,冰爪,血脉,
1156,442,68,升龙咆哮,血脉,
1157,442,94,噬心,血脉,
1158,442,143,念力膨胀,血脉,
1159,442,150,恶能量,血脉,
1160,442,164,折线冲击,血脉,
1161,442,211,械斗,血脉,
1162,442,218,毒沼,血脉,
1163,442,242,泡沫,血脉,
1164,442,266,火焰冲锋,血脉,
1165,442,273,灵媒,血脉,
1166,442,294,猛烈撞击,血脉,
1167,442,296,球状闪电,血脉,
1168,442,324,碰爪,血脉,
1169,442,343,缠丝劲,血脉,
1170,442,365,花香,血脉,
1171,442,416,跺地,血脉,
1172,442,476,风矢,血脉,
1173,442,2,三连破,默认,36
1174,442,29,偷袭,默认,48
1175,442,31,先发制人,默认,5
1176,442,32,光之矛,默认,29
1177,442,33,光刃,默认,37
1178,442,62,力量增效,默认,1
1179,442,142,快速移动,默认,41
1180,442,163,折射,默认,39
1181,442,260,漫反射,默认,22
1182,442,285,热身运动,默认,38
1183,442,430,透射,默认,1
1184,442,451,防御,默认,13
1185,250,8,主场优势,技能石,
1186,250,74,反击拳,技能石,
1187,250,92,嗜痛,技能石,
1188,250,131,应激反应,技能石,
1189,250,137,影袭,技能石,
1190,250,142,快速移动,技能石,
1191,250,177,提气,技能石,
1192,250,207,架势,技能石,
1193,250,224,气沉丹田,技能石,
1194,250,226,气波,技能石,
1195,250,285,热身运动,技能石,
1196,250,317,破绽,技能石,
1197,250,339,精神扰乱,技能石,
1198,250,341,绵里藏针,技能石,
1199,250,427,退化,技能石,
1200,250,501,龙之利爪,技能石,
1201,250,27,假寐,血脉,
1202,250,66,勾魂,血脉,
1203,250,67,化劲,血脉,
1204,250,68,升龙咆哮,血脉,
1205,250,91,啮合传递,血脉,
1206,250,132,引燃,血脉,
1207,250,139,徒长,血脉,
1208,250,192,星星撞击,血脉,
1209,250,217,毒孢子,血脉,
1210,250,232,水弹枪,血脉,
1211,250,246,泥浆铠甲,血脉,
1212,250,297,甜心续航,血脉,
1213,250,346,羽化加速,血脉,
1214,250,391,虹光冲击,血脉,
1215,250,404,贪婪,血脉,
1216,250,413,超维投射,血脉,
1217,250,468,霜降,血脉,
1218,250,496,麻痹,血脉,
1219,250,21,伺机而动,默认,18
1220,250,24,借用,默认,1
1221,250,31,先发制人,默认,5
1222,250,62,力量增效,默认,30
1223,250,83,吞噬,默认,34
1224,250,104,埋伏,默认,28
1225,250,112,天旋地转,默认,12
1226,250,169,拍击,默认,1
1227,250,178,摇篮曲,默认,49
1228,250,212,棘刺,默认,35
1229,250,376,蓄能轰击,默认,40
1230,250,442,锐利眼神,默认,39
1231,250,450,防反,默认,21
1232,250,451,防御,默认,1
1233,250,489,魔法增效,默认,9
1234,111,24,借用,技能石,
1235,111,62,力量增效,技能石,
1236,111,115,孢子,技能石,
1237,111,131,应激反应,技能石,
1238,111,136,彗星,技能石,
1239,111,142,快速移动,技能石,
1240,111,155,扇风,技能石,
1241,111,163,折射,技能石,
1242,111,189,无畏之心,技能石,
1243,111,195,晒太阳,技能石,
1244,111,227,氧输送,技能石,
1245,111,305,疾风刺,技能石,
1246,111,310,盛开,技能石,
1247,111,445,闪光,技能石,
1248,111,451,防御,技能石,
1249,111,482,飞羽,技能石,
1250,111,27,假寐,血脉,
1251,111,66,勾魂,血脉,
1252,111,67,化劲,血脉,
1253,111,68,升龙咆哮,血脉,
1254,111,91,啮合传递,血脉,
1255,111,132,引燃,血脉,
1256,111,143,念力膨胀,血脉,
1257,111,164,折线冲击,血脉,
1258,111,192,星星撞击,血脉,
1259,111,217,毒孢子,血脉,
1260,111,246,泥浆铠甲,血脉,
1261,111,324,碰爪,血脉,
1262,111,346,羽化加速,血脉,
1263,111,367,荆棘爪,血脉,
1264,111,375,蓄水,血脉,
1265,111,404,贪婪,血脉,
1266,111,468,霜降,血脉,
1267,111,496,麻痹,血脉,
1268,111,32,光之矛,默认,12
1269,111,79,叶绿光束,默认,43
1270,111,139,徒长,默认,7
1271,111,184,放晴,默认,44
1272,111,209,根吸收,默认,18
1273,111,240,汲取,默认,1
1274,111,260,漫反射,默认,35
1275,111,332,移花接木,默认,41
1276,111,366,芳香诱引,默认,50
1277,111,419,过曝,默认,32
1278,111,425,迫近攻击,默认,36
1279,111,427,退化,默认,25
1280,111,430,透射,默认,4
1281,111,444,镜像反射,默认,1
1282,111,472,顶端优势,默认,23
1283,111,489,魔法增效,默认,1
1284,35,17,以重制重,技能石,
1285,35,21,伺机而动,技能石,
1286,35,24,借用,技能石,
1287,35,29,偷袭,技能石,
1288,35,144,怒火,技能石,
1289,35,180,撕咬,技能石,
1290,35,201,有效预防,技能石,
1291,35,229,水刃,技能石,
1292,35,230,水幕冲击,技能石,
1293,35,262,潮涌,技能石,
1294,35,285,热身运动,技能石,
1295,35,305,疾风刺,技能石,
1296,35,375,蓄水,技能石,
1297,35,449,闪燃,技能石,
1298,35,486,高温回火,技能石,
1299,35,47,冰爪,血脉,
1300,35,68,升龙咆哮,血脉,
1301,35,94,噬心,血脉,
1302,35,150,恶能量,血脉,
1303,35,191,星云漩涡,血脉,
1304,35,192,星星撞击,血脉,
1305,35,211,械斗,血脉,
1306,35,218,毒沼,血脉,
1307,35,242,泡沫,血脉,
1308,35,269,火焰箭,血脉,
1309,35,273,灵媒,血脉,
1310,35,296,球状闪电,血脉,
1311,35,324,碰爪,血脉,
1312,35,343,缠丝劲,血脉,
1313,35,365,花香,血脉,
1314,35,416,跺地,血脉,
1315,35,430,透射,血脉,
1316,35,476,风矢,血脉,
1317,35,11,乘风,默认,13
1318,35,23,俯冲猛击,默认,40
1319,35,31,先发制人,默认,8
1320,35,62,力量增效,默认,1
1321,35,90,啄击,默认,1
1322,35,142,快速移动,默认,41
1323,35,155,扇风,默认,28
1324,35,345,羽刃,默认,42
1325,35,346,羽化加速,默认,34
1326,35,447,闪击,默认,35
1327,35,451,防御,默认,23
1328,35,477,风起,默认,37
1329,35,502,龙卷风,默认,47
1330,36,17,以重制重,技能石,
1331,36,21,伺机而动,技能石,
1332,36,24,借用,技能石,
1333,36,29,偷袭,技能石,
1334,36,167,抽枝,技能石,
1335,36,180,撕咬,技能石,
1336,36,201,有效预防,技能石,
1337,36,229,水刃,技能石,
1338,36,230,水幕冲击,技能石,
1339,36,262,潮涌,技能石,
1340,36,285,热身运动,技能石,
1341,36,305,疾风刺,技能石,
1342,36,332,移花接木,技能石,
1343,36,337,筛管奔流,技能石,
1344,36,375,蓄水,技能石,
1345,36,47,冰爪,血脉,
1346,36,68,升龙咆哮,血脉,
1347,36,94,噬心,血脉,
1348,36,150,恶能量,血脉,
1349,36,191,星云漩涡,血脉,
1350,36,192,星星撞击,血脉,
1351,36,211,械斗,血脉,
1352,36,218,毒沼,血脉,
1353,36,242,泡沫,血脉,
1354,36,266,火焰冲锋,血脉,
1355,36,273,灵媒,血脉,
1356,36,296,球状闪电,血脉,
1357,36,324,碰爪,血脉,
1358,36,343,缠丝劲,血脉,
1359,36,367,荆棘爪,血脉,
1360,36,416,跺地,血脉,
1361,36,430,透射,血脉,
1362,36,476,风矢,血脉,
1363,36,11,乘风,默认,13
1364,36,23,俯冲猛击,默认,40
1365,36,31,先发制人,默认,7
1366,36,62,力量增效,默认,1
1367,36,90,啄击,默认,1
1368,36,142,快速移动,默认,43
1369,36,155,扇风,默认,25
1370,36,345,羽刃,默认,48
1371,36,346,羽化加速,默认,33
1372,36,447,闪击,默认,34
1373,36,451,防御,默认,16
1374,36,477,风起,默认,37
1375,36,502,龙卷风,默认,50
1376,37,17,以重制重,技能石,
1377,37,21,伺机而动,技能石,
1378,37,24,借用,技能石,
1379,37,29,偷袭,技能石,
1380,37,47,冰爪,技能石,
1381,37,52,冰雹,技能石,
1382,37,180,撕咬,技能石,
1383,37,201,有效预防,技能石,
1384,37,229,水刃,技能石,
1385,37,230,水幕冲击,技能石,
1386,37,262,潮涌,技能石,
1387,37,285,热身运动,技能石,
1388,37,305,疾风刺,技能石,
1389,37,375,蓄水,技能石,
1390,37,431,速冻,技能石,
1391,37,55,冷风,血脉,
1392,37,68,升龙咆哮,血脉,
1393,37,94,噬心,血脉,
1394,37,150,恶能量,血脉,
1395,37,191,星云漩涡,血脉,
1396,37,192,星星撞击,血脉,
1397,37,211,械斗,血脉,
1398,37,218,毒沼,血脉,
1399,37,242,泡沫,血脉,
1400,37,266,火焰冲锋,血脉,
1401,37,273,灵媒,血脉,
1402,37,296,球状闪电,血脉,
1403,37,324,碰爪,血脉,
1404,37,343,缠丝劲,血脉,
1405,37,365,花香,血脉,
1406,37,416,跺地,血脉,
1407,37,430,透射,血脉,
1408,37,476,风矢,血脉,
1409,37,11,乘风,默认,8
1410,37,23,俯冲猛击,默认,30
1411,37,31,先发制人,默认,6
1412,37,62,力量增效,默认,1
1413,37,90,啄击,默认,1
1414,37,142,快速移动,默认,37
1415,37,155,扇风,默认,13
1416,37,345,羽刃,默认,38
1417,37,346,羽化加速,默认,18
1418,37,447,闪击,默认,21
1419,37,451,防御,默认,10
1420,37,477,风起,默认,29
1421,37,502,龙卷风,默认,40
1422,38,17,以重制重,技能石,
1423,38,21,伺机而动,技能石,
1424,38,24,借用,技能石,
1425,38,29,偷袭,技能石,
1426,38,180,撕咬,技能石,
1427,38,201,有效预防,技能石,
1428,38,229,水刃,技能石,
1429,38,230,水幕冲击,技能石,
1430,38,246,泥浆铠甲,技能石,
1431,38,262,潮涌,技能石,
1432,38,285,热身运动,技能石,
1433,38,305,疾风刺,技能石,
1434,38,313,石肤术,技能石,
1435,38,375,蓄水,技能石,
1436,38,465,震击,技能石,
1437,38,47,冰爪,血脉,
1438,38,68,升龙咆哮,血脉,
1439,38,94,噬心,血脉,
1440,38,150,恶能量,血脉,
1441,38,191,星云漩涡,血脉,
1442,38,192,星星撞击,血脉,
1443,38,211,械斗,血脉,
1444,38,218,毒沼,血脉,
1445,38,242,泡沫,血脉,
1446,38,266,火焰冲锋,血脉,
1447,38,273,灵媒,血脉,
1448,38,296,球状闪电,血脉,
1449,38,324,碰爪,血脉,
1450,38,343,缠丝劲,血脉,
1451,38,365,花香,血脉,
1452,38,416,跺地,血脉,
1453,38,430,透射,血脉,
1454,38,476,风矢,血脉,
1455,38,11,乘风,默认,8
1456,38,23,俯冲猛击,默认,35
1457,38,31,先发制人,默认,6
1458,38,62,力量增效,默认,1
1459,38,90,啄击,默认,1
1460,38,142,快速移动,默认,37
1461,38,155,扇风,默认,12
1462,38,345,羽刃,默认,38
1463,38,346,羽化加速,默认,16
1464,38,447,闪击,默认,27
1465,38,451,防御,默认,10
1466,38,477,风起,默认,34
1467,38,502,龙卷风,默认,46
1468,217,13,二律背反,技能石,
1469,217,24,借用,技能石,
1470,217,42,冰墙,技能石,
1471,217,66,勾魂,技能石,
1472,217,93,嘲弄,技能石,
1473,217,95,四维降解,技能石,
1474,217,146,恐吓,技能石,
1475,217,147,恶作剧,技能石,
1476,217,178,摇篮曲,技能石,
1477,217,183,操控,技能石,
1478,217,193,星轨裂变,技能石,
1479,217,201,有效预防,技能石,
1480,217,272,灵光,技能石,
1481,217,285,热身运动,技能石,
1482,217,338,粒子对撞,技能石,
1483,217,403,诡刺,技能石,
1484,217,18,休息回复,血脉,
1485,217,27,假寐,血脉,
1486,217,47,冰爪,血脉,
1487,217,67,化劲,血脉,
1488,217,68,升龙咆哮,血脉,
1489,217,91,啮合传递,血脉,
1490,217,132,引燃,血脉,
1491,217,139,徒长,血脉,
1492,217,217,毒孢子,血脉,
1493,217,246,泥浆铠甲,血脉,
1494,217,273,灵媒,血脉,
1495,217,297,甜心续航,血脉,
1496,217,346,羽化加速,血脉,
1497,217,375,蓄水,血脉,
1498,217,391,虹光冲击,血脉,
1499,217,404,贪婪,血脉,
1500,217,413,超维投射,血脉,
1501,217,496,麻痹,血脉,
1502,217,6,丢冰块,默认,12
1503,217,39,冬至,默认,49
1504,217,40,冰冻光线,默认,48
1505,217,44,冰捆缚,默认,46
1506,217,50,冰锋横扫,默认,42
1507,217,51,冰锥,默认,1
1508,217,187,旋转突击,默认,4
1509,217,263,激怒,默认,9
1510,217,312,瞬间零度,默认,50
1511,217,352,聒噪,默认,38
1512,217,359,能量炮,默认,35
1513,217,431,速冻,默认,47
1514,217,451,防御,默认,1
1515,217,461,雪替身,默认,33
1516,217,462,雪球,默认,1
1517,217,464,雾气环绕,默认,26
1518,378,9,主轴,技能石,
1519,378,25,倾泻,技能石,
1520,378,29,偷袭,技能石,
1521,378,61,力量吞噬,技能石,
1522,378,76,取念,技能石,
1523,378,180,撕咬,技能石,
1524,378,195,晒太阳,技能石,
1525,378,196,暗突袭,技能石,
1526,378,201,有效预防,技能石,
1527,378,285,热身运动,技能石,
1528,378,339,精神扰乱,技能石,
1529,378,371,落石,技能石,
1530,378,423,连续爪击,技能石,
1531,378,424,迫害,技能石,
1532,378,55,冷风,血脉,
1533,378,68,升龙咆哮,血脉,
1534,378,94,噬心,血脉,
1535,378,150,恶能量,血脉,
1536,378,191,星云漩涡,血脉,
1537,378,211,械斗,血脉,
1538,378,218,毒沼,血脉,
1539,378,242,泡沫,血脉,
1540,378,266,火焰冲锋,血脉,
1541,378,273,灵媒,血脉,
1542,378,294,猛烈撞击,血脉,
1543,378,296,球状闪电,血脉,
1544,378,324,碰爪,血脉,
1545,378,343,缠丝劲,血脉,
1546,378,365,花香,血脉,
1547,378,416,跺地,血脉,
1548,378,430,透射,血脉,
1549,378,476,风矢,血脉,
1550,378,6,丢冰块,默认,23
1551,378,31,先发制人,默认,9
1552,378,44,冰捆缚,默认,26
1553,378,45,冰晶坠,默认,38
1554,378,47,冰爪,默认,1
1555,378,52,冰雹,默认,50
1556,378,62,力量增效,默认,21
1557,378,199,暴风雪,默认,33
1558,378,259,滚雪球,默认,49
1559,378,312,瞬间零度,默认,48
1560,378,431,速冻,默认,35
1561,378,451,防御,默认,11
1562,378,468,霜降,默认,1
1563,482,2,三连破,技能石,
1564,482,12,乱打,技能石,
1565,482,21,伺机而动,技能石,
1566,482,32,光之矛,技能石,
1567,482,78,叠势,技能石,
1568,482,104,埋伏,技能石,
1569,482,108,复写,技能石,
1570,482,111,天光,技能石,
1571,482,142,快速移动,技能石,
1572,482,195,晒太阳,技能石,
1573,482,238,水花四溅,技能石,
1574,482,262,潮涌,技能石,
1575,482,285,热身运动,技能石,
1576,482,335,突袭,技能石,
1577,482,343,缠丝劲,技能石,
1578,482,423,连续爪击,技能石,
1579,482,502,龙卷风,技能石,
1580,482,47,冰爪,血脉,
1581,482,68,升龙咆哮,血脉,
1582,482,94,噬心,血脉,
1583,482,150,恶能量,血脉,
1584,482,160,扬沙,血脉,
1585,482,191,星云漩涡,血脉,
1586,482,192,星星撞击,血脉,
1587,482,218,毒沼,血脉,
1588,482,242,泡沫,血脉,
1589,482,266,火焰冲锋,血脉,
1590,482,273,灵媒,血脉,
1591,482,296,球状闪电,血脉,
1592,482,324,碰爪,血脉,
1593,482,365,花香,血脉,
1594,482,406,贯手,血脉,
1595,482,430,透射,血脉,
1596,482,435,金属噪音,血脉,
1597,482,476,风矢,血脉,
1598,482,11,乘风,默认,6
1599,482,22,俯冲,默认,49
1600,482,31,先发制人,默认,29
1601,482,83,吞噬,默认,44
1602,482,198,暴风眼,默认,43
1603,482,305,疾风刺,默认,23
1604,482,346,羽化加速,默认,35
1605,482,350,翼击,默认,34
1606,482,359,能量炮,默认,36
1607,482,397,见招拆招,默认,39
1608,482,442,锐利眼神,默认,26
1609,482,451,防御,默认,1
1610,482,470,音波弹,默认,12
1611,482,,飞箭,默认,46
1612,482,492,鸣叫,默认,1
1613,484,2,三连破,技能石,
1614,484,12,乱打,技能石,
1615,484,21,伺机而动,技能石,
1616,484,32,光之矛,技能石,
1617,484,78,叠势,技能石,
1618,484,104,埋伏,技能石,
1619,484,108,复写,技能石,
1620,484,111,天光,技能石,
1621,484,142,快速移动,技能石,
1622,484,195,晒太阳,技能石,
1623,484,238,水花四溅,技能石,
1624,484,262,潮涌,技能石,
1625,484,285,热身运动,技能石,
1626,484,335,突袭,技能石,
1627,484,343,缠丝劲,技能石,
1628,484,423,连续爪击,技能石,
1629,484,502,龙卷风,技能石,
1630,484,47,冰爪,血脉,
1631,484,68,升龙咆哮,血脉,
1632,484,94,噬心,血脉,
1633,484,150,恶能量,血脉,
1634,484,160,扬沙,血脉,
1635,484,191,星云漩涡,血脉,
1636,484,192,星星撞击,血脉,
1637,484,218,毒沼,血脉,
1638,484,242,泡沫,血脉,
1639,484,266,火焰冲锋,血脉,
1640,484,273,灵媒,血脉,
1641,484,296,球状闪电,血脉,
1642,484,324,碰爪,血脉,
1643,484,365,花香,血脉,
1644,484,406,贯手,血脉,
1645,484,430,透射,血脉,
1646,484,435,金属噪音,血脉,
1647,484,476,风矢,血脉,
1648,484,11,乘风,默认,6
1649,484,22,俯冲,默认,49
1650,484,31,先发制人,默认,29
1651,484,83,吞噬,默认,44
1652,484,198,暴风眼,默认,43
1653,484,305,疾风刺,默认,23
1654,484,346,羽化加速,默认,35
1655,484,350,翼击,默认,34
1656,484,359,能量炮,默认,36
1657,484,397,见招拆招,默认,39
1658,484,442,锐利眼神,默认,26
1659,484,451,防御,默认,1
1660,484,470,音波弹,默认,12
1661,484,,飞箭,默认,46
1662,484,492,鸣叫,默认,1
1663,452,20,伪造账单,技能石,
1664,452,24,借用,技能石,
1665,452,142,快速移动,技能石,
1666,452,146,恐吓,技能石,
1667,452,156,打湿,技能石,
1668,452,175,掠夺,技能石,
1669,452,178,摇篮曲,技能石,
1670,452,252,涌泉,技能石,
1671,452,351,耀眼,技能石,
1672,452,414,跌落,技能石,
1673,452,434,重击,技能石,
1674,452,451,防御,技能石,
1675,452,454,阻断,技能石,
1676,452,68,升龙咆哮,血脉,
1677,452,123,尾后针,血脉,
1678,452,192,星星撞击,血脉,
1679,452,218,毒沼,血脉,
1680,452,232,水弹枪,血脉,
1681,452,270,火爪,血脉,
1682,452,273,灵媒,血脉,
1683,452,329,离子震荡,血脉,
1684,452,367,荆棘爪,血脉,
1685,452,391,虹光冲击,血脉,
1686,452,400,触电,血脉,
1687,452,406,贯手,血脉,
1688,452,416,跺地,血脉,
1689,452,437,针状物,血脉,
1690,452,468,霜降,血脉,
1691,452,476,风矢,血脉,
1692,452,488,魅惑,血脉,
1693,452,497,黑手,血脉,
1694,452,25,倾泻,默认,21
1695,452,64,加大功率,默认,10
1696,452,73,双联脉冲,默认,32
1697,452,134,强制重启,默认,49
1698,452,228,水光冲击,默认,40
1699,452,231,水弹,默认,1
1700,452,235,水波术,默认,50
1701,452,253,润泽,默认,20
1702,452,264,激流,默认,24
1703,452,359,能量炮,默认,13
1704,452,372,落雨,默认,23
1705,452,373,落雷,默认,33
1706,452,410,超导加速,默认,2
1707,452,489,魔法增效,默认,1
1708,312,25,倾泻,技能石,
1709,312,29,偷袭,技能石,
1710,312,46,冰点,技能石,
1711,312,66,勾魂,技能石,
1712,312,76,取念,技能石,
1713,312,88,咆哮,技能石,
1714,312,146,恐吓,技能石,
1715,312,151,惊吓盒子,技能石,
1716,312,175,掠夺,技能石,
1717,312,196,暗突袭,技能石,
1718,312,215,欺诈契约,技能石,
1719,312,273,灵媒,技能石,
1720,312,339,精神扰乱,技能石,
1721,312,403,诡刺,技能石,
1722,312,424,迫害,技能石,
1723,312,431,速冻,技能石,
1724,312,491,魔能爆,技能石,
1725,312,68,升龙咆哮,血脉,
1726,312,94,噬心,血脉,
1727,312,128,幻象,血脉,
1728,312,150,恶能量,血脉,
1729,312,160,扬沙,血脉,
1730,312,169,拍击,血脉,
1731,312,191,星云漩涡,血脉,
1732,312,242,泡沫,血脉,
1733,312,258,溃烂触碰,血脉,
1734,312,266,火焰冲锋,血脉,
1735,312,329,离子震荡,血脉,
1736,312,343,缠丝劲,血脉,
1737,312,365,花香,血脉,
1738,312,391,虹光冲击,血脉,
1739,312,400,触电,血脉,
1740,312,468,霜降,血脉,
1741,312,488,魅惑,血脉,
1742,312,495,鹰爪,血脉,
1743,312,14,交叉闪电,默认,45
1744,312,31,先发制人,默认,28
1745,312,64,加大功率,默认,40
1746,312,106,增程电池,默认,33
1747,312,121,导电撞击,默认,5
1748,312,133,引雷,默认,35
1749,312,134,强制重启,默认,50
1750,312,183,操控,默认,1
1751,312,195,晒太阳,默认,9
1752,312,300,电弧,默认,13
1753,312,301,电流,默认,1
1754,312,303,电离爆破,默认,22
1755,312,373,落雷,默认,47
1756,312,451,防御,默认,1
1757,312,454,阻断,默认,49
1758,312,496,麻痹,默认,46
1759,140,60,剧毒,技能石,
1760,140,61,力量吞噬,技能石,
1761,140,63,加固,技能石,
1762,140,108,复写,技能石,
1763,140,131,应激反应,技能石,
1764,140,156,打湿,技能石,
1765,140,175,掠夺,技能石,
1766,140,195,晒太阳,技能石,
1767,140,197,暗箱操作,技能石,
1768,140,253,润泽,技能石,
1769,140,257,湮灭,技能石,
1770,140,339,精神扰乱,技能石,
1771,140,498,鼓劲,技能石,
1772,140,27,假寐,血脉,
1773,140,66,勾魂,血脉,
1774,140,67,化劲,血脉,
1775,140,68,升龙咆哮,血脉,
1776,140,91,啮合传递,血脉,
1777,140,132,引燃,血脉,
1778,140,139,徒长,血脉,
1779,140,192,星星撞击,血脉,
1780,140,218,毒沼,血脉,
1781,140,232,水弹枪,血脉,
1782,140,246,泥浆铠甲,血脉,
1783,140,297,甜心续航,血脉,
1784,140,346,羽化加速,血脉,
1785,140,391,虹光冲击,血脉,
1786,140,404,贪婪,血脉,
1787,140,413,超维投射,血脉,
1788,140,468,霜降,血脉,
1789,140,496,麻痹,血脉,
1790,140,152,感染病,默认,50
1791,140,220,毒液渗透,默认,37
1792,140,222,毒雾,默认,40
1793,140,243,泡沫幻影,默认,36
1794,140,252,涌泉,默认,41
1795,140,299,甩水,默认,1
1796,140,304,疫病吐息,默认,35
1797,140,309,盐水浴,默认,49
1798,140,361,腐化,默认,16
1799,140,362,腐蚀酸液,默认,9
1800,140,375,蓄水,默认,8
1801,140,401,许愿星,默认,28
1802,140,451,防御,默认,1
1803,141,60,剧毒,技能石,
1804,141,61,力量吞噬,技能石,
1805,141,63,加固,技能石,
1806,141,108,复写,技能石,
1807,141,131,应激反应,技能石,
1808,141,156,打湿,技能石,
1809,141,175,掠夺,技能石,
1810,141,195,晒太阳,技能石,
1811,141,197,暗箱操作,技能石,
1812,141,253,润泽,技能石,
1813,141,257,湮灭,技能石,
1814,141,339,精神扰乱,技能石,
1815,141,498,鼓劲,技能石,
1816,141,27,假寐,血脉,
1817,141,66,勾魂,血脉,
1818,141,67,化劲,血脉,
1819,141,68,升龙咆哮,血脉,
1820,141,91,啮合传递,血脉,
1821,141,132,引燃,血脉,
1822,141,139,徒长,血脉,
1823,141,192,星星撞击,血脉,
1824,141,218,毒沼,血脉,
1825,141,232,水弹枪,血脉,
1826,141,246,泥浆铠甲,血脉,
1827,141,297,甜心续航,血脉,
1828,141,346,羽化加速,血脉,
1829,141,391,虹光冲击,血脉,
1830,141,404,贪婪,血脉,
1831,141,413,超维投射,血脉,
1832,141,468,霜降,血脉,
1833,141,496,麻痹,血脉,
1834,141,152,感染病,默认,50
1835,141,220,毒液渗透,默认,36
1836,141,222,毒雾,默认,38
1837,141,243,泡沫幻影,默认,35
1838,141,252,涌泉,默认,41
1839,141,299,甩水,默认,1
1840,141,304,疫病吐息,默认,28
1841,141,309,盐水浴,默认,48
1842,141,361,腐化,默认,17
1843,141,362,腐蚀酸液,默认,13
1844,141,375,蓄水,默认,4
1845,141,401,许愿星,默认,27
1846,141,451,防御,默认,1
1847,359,18,休息回复,技能石,
1848,359,63,加固,技能石,
1849,359,76,取念,技能石,
1850,359,82,吓退,技能石,
1851,359,131,应激反应,技能石,
1852,359,158,打鼾,技能石,
1853,359,178,摇篮曲,技能石,
1854,359,195,晒太阳,技能石,
1855,359,222,毒雾,技能石,
1856,359,243,泡沫幻影,技能石,
1857,359,247,洗礼,技能石,
1858,359,253,润泽,技能石,
1859,359,262,潮涌,技能石,
1860,359,309,盐水浴,技能石,
1861,359,339,精神扰乱,技能石,
1862,359,355,肥皂泡,技能石,
1863,359,407,赤子之心,技能石,
1864,359,498,鼓劲,技能石,
1865,359,27,假寐,血脉,
1866,359,66,勾魂,血脉,
1867,359,67,化劲,血脉,
1868,359,68,升龙咆哮,血脉,
1869,359,91,啮合传递,血脉,
1870,359,132,引燃,血脉,
1871,359,139,徒长,血脉,
1872,359,192,星星撞击,血脉,
1873,359,246,泥浆铠甲,血脉,
1874,359,258,溃烂触碰,血脉,
1875,359,346,羽化加速,血脉,
1876,359,375,蓄水,血脉,
1877,359,391,虹光冲击,血脉,
1878,359,402,诋毁,血脉,
1879,359,413,超维投射,血脉,
1880,359,468,霜降,血脉,
1881,359,480,飞吻,血脉,
1882,359,496,麻痹,血脉,
1883,359,5,不可接触,默认,1
1884,359,60,剧毒,默认,40
1885,359,70,压扁,默认,46
1886,359,179,撒娇,默认,39
1887,359,217,毒孢子,默认,16
1888,359,218,毒沼,默认,36
1889,359,219,毒泡泡,默认,11
1890,359,220,毒液渗透,默认,49
1891,359,221,毒针,默认,1
1892,359,291,爆米花爆破,默认,45
1893,359,297,甜心续航,默认,6
1894,359,298,生日蛋糕,默认,25
1895,359,304,疫病吐息,默认,37
1896,359,451,防御,默认,29
1897,359,469,鞭打,默认,23
1898,360,18,休息回复,技能石,
1899,360,63,加固,技能石,
1900,360,76,取念,技能石,
1901,360,82,吓退,技能石,
1902,360,131,应激反应,技能石,
1903,360,158,打鼾,技能石,
1904,360,178,摇篮曲,技能石,
1905,360,195,晒太阳,技能石,
1906,360,222,毒雾,技能石,
1907,360,243,泡沫幻影,技能石,
1908,360,247,洗礼,技能石,
1909,360,253,润泽,技能石,
1910,360,262,潮涌,技能石,
1911,360,309,盐水浴,技能石,
1912,360,339,精神扰乱,技能石,
1913,360,355,肥皂泡,技能石,
1914,360,407,赤子之心,技能石,
1915,360,498,鼓劲,技能石,
1916,360,27,假寐,血脉,
1917,360,66,勾魂,血脉,
1918,360,67,化劲,血脉,
1919,360,68,升龙咆哮,血脉,
1920,360,91,啮合传递,血脉,
1921,360,132,引燃,血脉,
1922,360,139,徒长,血脉,
1923,360,192,星星撞击,血脉,
1924,360,246,泥浆铠甲,血脉,
1925,360,258,溃烂触碰,血脉,
1926,360,346,羽化加速,血脉,
1927,360,375,蓄水,血脉,
1928,360,391,虹光冲击,血脉,
1929,360,402,诋毁,血脉,
1930,360,413,超维投射,血脉,
1931,360,468,霜降,血脉,
1932,360,480,飞吻,血脉,
1933,360,496,麻痹,血脉,
1934,360,5,不可接触,默认,1
1935,360,60,剧毒,默认,34
1936,360,70,压扁,默认,39
1937,360,179,撒娇,默认,33
1938,360,217,毒孢子,默认,10
1939,360,218,毒沼,默认,25
1940,360,219,毒泡泡,默认,7
1941,360,220,毒液渗透,默认,45
1942,360,221,毒针,默认,1
1943,360,291,爆米花爆破,默认,37
1944,360,297,甜心续航,默认,1
1945,360,298,生日蛋糕,默认,16
1946,360,304,疫病吐息,默认,26
1947,360,451,防御,默认,21
1948,360,469,鞭打,默认,11
1949,491,1,一拳,技能石,
1950,491,8,主场优势,技能石,
1951,491,57,击鼓传花,技能石,
1952,491,76,取念,技能石,
1953,491,131,应激反应,技能石,
1954,491,135,当头棒喝,技能石,
1955,491,142,快速移动,技能石,
1956,491,156,打湿,技能石,
1957,491,201,有效预防,技能石,
1958,491,319,破防,技能石,
1959,491,327,示弱,技能石,
1960,491,343,缠丝劲,技能石,
1961,491,401,许愿星,技能石,
1962,491,407,赤子之心,技能石,
1963,491,473,预备势,技能石,
1964,491,18,休息回复,血脉,
1965,491,27,假寐,血脉,
1966,491,68,升龙咆哮,血脉,
1967,491,132,引燃,血脉,
1968,491,139,徒长,血脉,
1969,491,160,扬沙,血脉,
1970,491,217,毒孢子,血脉,
1971,491,273,灵媒,血脉,
1972,491,324,碰爪,血脉,
1973,491,346,羽化加速,血脉,
1974,491,375,蓄水,血脉,
1975,491,391,虹光冲击,血脉,
1976,491,404,贪婪,血脉,
1977,491,406,贯手,血脉,
1978,491,413,超维投射,血脉,
1979,491,435,金属噪音,血脉,
1980,491,468,霜降,血脉,
1981,491,496,麻痹,血脉,
1982,491,65,加油,默认,43
1983,491,179,撒娇,默认,45
1984,491,228,水光冲击,默认,41
1985,491,230,水幕冲击,默认,31
1986,491,256,清洗,默认,24
1987,491,261,潮汐,默认,35
1988,491,262,潮涌,默认,8
1989,491,291,爆米花爆破,默认,48
1990,491,298,生日蛋糕,默认,40
1991,491,309,盐水浴,默认,49
1992,491,316,砂糖弹球,默认,39
1993,491,412,超级糖果,默认,12
1994,491,451,防御,默认,22
1995,491,469,鞭打,默认,1
1996,491,498,鼓劲,默认,1
1997,492,1,一拳,技能石,
1998,492,8,主场优势,技能石,
1999,492,57,击鼓传花,技能石,
2000,492,76,取念,技能石,
2001,492,131,应激反应,技能石,
2002,492,135,当头棒喝,技能石,
2003,492,142,快速移动,技能石,
2004,492,156,打湿,技能石,
2005,492,201,有效预防,技能石,
2006,492,319,破防,技能石,
2007,492,327,示弱,技能石,
2008,492,343,缠丝劲,技能石,
2009,492,401,许愿星,技能石,
2010,492,407,赤子之心,技能石,
2011,492,473,预备势,技能石,
2012,492,18,休息回复,血脉,
2013,492,27,假寐,血脉,
2014,492,68,升龙咆哮,血脉,
2015,492,132,引燃,血脉,
2016,492,139,徒长,血脉,
2017,492,160,扬沙,血脉,
2018,492,217,毒孢子,血脉,
2019,492,273,灵媒,血脉,
2020,492,324,碰爪,血脉,
2021,492,346,羽化加速,血脉,
2022,492,375,蓄水,血脉,
2023,492,391,虹光冲击,血脉,
2024,492,404,贪婪,血脉,
2025,492,406,贯手,血脉,
2026,492,413,超维投射,血脉,
2027,492,435,金属噪音,血脉,
2028,492,468,霜降,血脉,
2029,492,496,麻痹,血脉,
2030,492,65,加油,默认,43
2031,492,179,撒娇,默认,45
2032,492,228,水光冲击,默认,41
2033,492,230,水幕冲击,默认,31
2034,492,256,清洗,默认,24
2035,492,261,潮汐,默认,35
2036,492,262,潮涌,默认,8
2037,492,291,爆米花爆破,默认,48
2038,492,298,生日蛋糕,默认,40
2039,492,309,盐水浴,默认,49
2040,492,316,砂糖弹球,默认,39
2041,492,412,超级糖果,默认,12
2042,492,451,防御,默认,22
2043,492,469,鞭打,默认,1
2044,492,498,鼓劲,默认,1
2045,136,1,一拳,技能石,
2046,136,24,借用,技能石,
2047,136,47,冰爪,技能石,
2048,136,52,冰雹,技能石,
2049,136,63,加固,技能石,
2050,136,83,吞噬,技能石,
2051,136,103,垂死反击,技能石,
2052,136,123,尾后针,技能石,
2053,136,177,提气,技能石,
2054,136,201,有效预防,技能石,
2055,136,290,爆冲,技能石,
2056,136,339,精神扰乱,技能石,
2057,136,357,能量刃,技能石,
2058,136,423,连续爪击,技能石,
2059,136,462,雪球,技能石,
2060,136,55,冷风,血脉,
2061,136,68,升龙咆哮,血脉,
2062,136,94,噬心,血脉,
2063,136,150,恶能量,血脉,
2064,136,191,星云漩涡,血脉,
2065,136,192,星星撞击,血脉,
2066,136,211,械斗,血脉,
2067,136,218,毒沼,血脉,
2068,136,242,泡沫,血脉,
2069,136,266,火焰冲锋,血脉,
2070,136,273,灵媒,血脉,
2071,136,296,球状闪电,血脉,
2072,136,324,碰爪,血脉,
2073,136,365,花香,血脉,
2074,136,406,贯手,血脉,
2075,136,416,跺地,血脉,
2076,136,430,透射,血脉,
2077,136,476,风矢,血脉,
2078,136,29,偷袭,默认,47
2079,136,31,先发制人,默认,1
2080,136,62,力量增效,默认,17
2081,136,67,化劲,默认,30
2082,136,70,压扁,默认,35
2083,136,81,后发制人,默认,24
2084,136,96,回旋踢,默认,39
2085,136,120,寸拳,默认,1
2086,136,131,应激反应,默认,41
2087,136,161,技巧打击,默认,45
2088,136,186,斩断,默认,40
2089,136,195,晒太阳,默认,8
2090,136,224,气沉丹田,默认,36
2091,136,451,防御,默认,13
2092,61,75,反弹,技能石,
2093,61,76,取念,技能石,
2094,61,88,咆哮,技能石,
2095,61,92,嗜痛,技能石,
2096,61,131,应激反应,技能石,
2097,61,142,快速移动,技能石,
2098,61,178,摇篮曲,技能石,
2099,61,183,操控,技能石,
2100,61,195,晒太阳,技能石,
2101,61,212,棘刺,技能石,
2102,61,263,激怒,技能石,
2103,61,318,破罐破摔,技能石,
2104,61,339,精神扰乱,技能石,
2105,61,427,退化,技能石,
2106,61,447,闪击,技能石,
2107,61,492,鸣叫,技能石,
2108,61,18,休息回复,血脉,
2109,61,66,勾魂,血脉,
2110,61,67,化劲,血脉,
2111,61,68,升龙咆哮,血脉,
2112,61,91,啮合传递,血脉,
2113,61,123,尾后针,血脉,
2114,61,132,引燃,血脉,
2115,61,139,徒长,血脉,
2116,61,217,毒孢子,血脉,
2117,61,246,泥浆铠甲,血脉,
2118,61,346,羽化加速,血脉,
2119,61,375,蓄水,血脉,
2120,61,391,虹光冲击,血脉,
2121,61,404,贪婪,血脉,
2122,61,413,超维投射,血脉,
2123,61,468,霜降,血脉,
2124,61,480,飞吻,血脉,
2125,61,496,麻痹,血脉,
2126,61,94,噬心,默认,2
2127,61,158,打鼾,默认,50
2128,61,172,捆缚,默认,7
2129,61,176,掩护,默认,21
2130,61,291,爆米花爆破,默认,49
2131,61,297,甜心续航,默认,37
2132,61,298,生日蛋糕,默认,17
2133,61,382,虫刺,默认,11
2134,61,388,虫茧,默认,1
2135,61,389,虫蛊,默认,40
2136,61,392,蛰针,默认,1
2137,61,412,超级糖果,默认,35
2138,61,451,防御,默认,1
2139,61,484,食腐,默认,34
2140,61,488,魅惑,默认,27
2141,62,75,反弹,技能石,
2142,62,76,取念,技能石,
2143,62,88,咆哮,技能石,
2144,62,92,嗜痛,技能石,
2145,62,131,应激反应,技能石,
2146,62,142,快速移动,技能石,
2147,62,178,摇篮曲,技能石,
2148,62,183,操控,技能石,
2149,62,195,晒太阳,技能石,
2150,62,212,棘刺,技能石,
2151,62,263,激怒,技能石,
2152,62,318,破罐破摔,技能石,
2153,62,339,精神扰乱,技能石,
2154,62,427,退化,技能石,
2155,62,447,闪击,技能石,
2156,62,492,鸣叫,技能石,
2157,62,18,休息回复,血脉,
2158,62,66,勾魂,血脉,
2159,62,67,化劲,血脉,
2160,62,68,升龙咆哮,血脉,
2161,62,91,啮合传递,血脉,
2162,62,123,尾后针,血脉,
2163,62,132,引燃,血脉,
2164,62,139,徒长,血脉,
2165,62,217,毒孢子,血脉,
2166,62,246,泥浆铠甲,血脉,
2167,62,346,羽化加速,血脉,
2168,62,375,蓄水,血脉,
2169,62,391,虹光冲击,血脉,
2170,62,404,贪婪,血脉,
2171,62,413,超维投射,血脉,
2172,62,468,霜降,血脉,
2173,62,480,飞吻,血脉,
2174,62,496,麻痹,血脉,
2175,62,94,噬心,默认,2
2176,62,158,打鼾,默认,50
2177,62,172,捆缚,默认,7
2178,62,176,掩护,默认,21
2179,62,291,爆米花爆破,默认,49
2180,62,297,甜心续航,默认,37
2181,62,298,生日蛋糕,默认,17
2182,62,382,虫刺,默认,11
2183,62,388,虫茧,默认,1
2184,62,389,虫蛊,默认,40
2185,62,392,蛰针,默认,1
2186,62,412,超级糖果,默认,35
2187,62,451,防御,默认,1
2188,62,484,食腐,默认,34
2189,62,488,魅惑,默认,27
2190,63,75,反弹,技能石,
2191,63,76,取念,技能石,
2192,63,88,咆哮,技能石,
2193,63,92,嗜痛,技能石,
2194,63,131,应激反应,技能石,
2195,63,142,快速移动,技能石,
2196,63,178,摇篮曲,技能石,
2197,63,183,操控,技能石,
2198,63,195,晒太阳,技能石,
2199,63,212,棘刺,技能石,
2200,63,263,激怒,技能石,
2201,63,318,破罐破摔,技能石,
2202,63,339,精神扰乱,技能石,
2203,63,427,退化,技能石,
2204,63,447,闪击,技能石,
2205,63,492,鸣叫,技能石,
2206,63,18,休息回复,血脉,
2207,63,66,勾魂,血脉,
2208,63,67,化劲,血脉,
2209,63,68,升龙咆哮,血脉,
2210,63,91,啮合传递,血脉,
2211,63,123,尾后针,血脉,
2212,63,132,引燃,血脉,
2213,63,139,徒长,血脉,
2214,63,217,毒孢子,血脉,
2215,63,246,泥浆铠甲,血脉,
2216,63,346,羽化加速,血脉,
2217,63,375,蓄水,血脉,
2218,63,391,虹光冲击,血脉,
2219,63,404,贪婪,血脉,
2220,63,413,超维投射,血脉,
2221,63,468,霜降,血脉,
2222,63,480,飞吻,血脉,
2223,63,496,麻痹,血脉,
2224,63,94,噬心,默认,2
2225,63,158,打鼾,默认,50
2226,63,172,捆缚,默认,7
2227,63,176,掩护,默认,21
2228,63,291,爆米花爆破,默认,49
2229,63,297,甜心续航,默认,37
2230,63,298,生日蛋糕,默认,17
2231,63,382,虫刺,默认,11
2232,63,388,虫茧,默认,1
2233,63,389,虫蛊,默认,40
2234,63,392,蛰针,默认,1
2235,63,412,超级糖果,默认,35
2236,63,451,防御,默认,1
2237,63,484,食腐,默认,34
2238,63,488,魅惑,默认,27
2239,64,75,反弹,技能石,
2240,64,76,取念,技能石,
2241,64,88,咆哮,技能石,
2242,64,92,嗜痛,技能石,
2243,64,131,应激反应,技能石,
2244,64,142,快速移动,技能石,
2245,64,178,摇篮曲,技能石,
2246,64,183,操控,技能石,
2247,64,195,晒太阳,技能石,
2248,64,212,棘刺,技能石,
2249,64,263,激怒,技能石,
2250,64,318,破罐破摔,技能石,
2251,64,339,精神扰乱,技能石,
2252,64,427,退化,技能石,
2253,64,447,闪击,技能石,
2254,64,492,鸣叫,技能石,
2255,64,18,休息回复,血脉,
2256,64,66,勾魂,血脉,
2257,64,67,化劲,血脉,
2258,64,68,升龙咆哮,血脉,
2259,64,91,啮合传递,血脉,
2260,64,123,尾后针,血脉,
2261,64,132,引燃,血脉,
2262,64,139,徒长,血脉,
2263,64,217,毒孢子,血脉,
2264,64,246,泥浆铠甲,血脉,
2265,64,346,羽化加速,血脉,
2266,64,375,蓄水,血脉,
2267,64,391,虹光冲击,血脉,
2268,64,404,贪婪,血脉,
2269,64,413,超维投射,血脉,
2270,64,468,霜降,血脉,
2271,64,480,飞吻,血脉,
2272,64,496,麻痹,血脉,
2273,64,94,噬心,默认,2
2274,64,158,打鼾,默认,50
2275,64,172,捆缚,默认,7
2276,64,176,掩护,默认,21
2277,64,291,爆米花爆破,默认,49
2278,64,297,甜心续航,默认,37
2279,64,298,生日蛋糕,默认,17
2280,64,382,虫刺,默认,11
2281,64,388,虫茧,默认,1
2282,64,389,虫蛊,默认,40
2283,64,392,蛰针,默认,1
2284,64,412,超级糖果,默认,35
2285,64,451,防御,默认,1
2286,64,484,食腐,默认,34
2287,64,488,魅惑,默认,27
2288,522,27,假寐,血脉,
2289,522,67,化劲,血脉,
2290,522,68,升龙咆哮,血脉,
2291,522,91,啮合传递,血脉,
2292,522,122,小偷小摸,血脉,
2293,522,132,引燃,血脉,
2294,522,139,徒长,血脉,
2295,522,192,星星撞击,血脉,
2296,522,208,柔弱,血脉,
2297,522,218,毒沼,血脉,
2298,522,232,水弹枪,血脉,
2299,522,246,泥浆铠甲,血脉,
2300,522,346,羽化加速,血脉,
2301,522,391,虹光冲击,血脉,
2302,522,404,贪婪,血脉,
2303,522,413,超维投射,血脉,
2304,522,468,霜降,血脉,
2305,522,496,麻痹,血脉,
2306,522,3,三鼓作气,默认,
2307,522,12,乱打,默认,
2308,522,16,以毒攻毒,默认,
2309,522,18,休息回复,默认,
2310,522,60,剧毒,默认,
2311,522,131,应激反应,默认,
2312,522,142,快速移动,默认,
2313,522,152,感染病,默认,
2314,522,159,扫尾,默认,
2315,522,177,提气,默认,
2316,522,221,毒针,默认,
2317,522,222,毒雾,默认,
2318,522,225,气泡,默认,
2319,522,228,水光冲击,默认,
2320,522,231,水弹,默认,
2321,522,238,水花四溅,默认,
2322,522,251,消毒法,默认,
2323,522,252,涌泉,默认,
2324,522,253,润泽,默认,
2325,522,,湿润印记,默认,
2326,522,,溶解液,默认,
2327,522,294,猛烈撞击,默认,
2328,522,299,甩水,默认,
2329,522,309,盐水浴,默认,
2330,522,355,肥皂泡,默认,
2331,522,359,能量炮,默认,
2332,522,422,连续毒针,默认,
2333,522,451,防御,默认,
2334,522,470,音波弹,默认,
2335,142,60,剧毒,技能石,
2336,142,61,力量吞噬,技能石,
2337,142,63,加固,技能石,
2338,142,108,复写,技能石,
2339,142,131,应激反应,技能石,
2340,142,156,打湿,技能石,
2341,142,175,掠夺,技能石,
2342,142,195,晒太阳,技能石,
2343,142,197,暗箱操作,技能石,
2344,142,253,润泽,技能石,
2345,142,257,湮灭,技能石,
2346,142,339,精神扰乱,技能石,
2347,142,498,鼓劲,技能石,
2348,142,27,假寐,血脉,
2349,142,66,勾魂,血脉,
2350,142,67,化劲,血脉,
2351,142,68,升龙咆哮,血脉,
2352,142,91,啮合传递,血脉,
2353,142,132,引燃,血脉,
2354,142,139,徒长,血脉,
2355,142,192,星星撞击,血脉,
2356,142,218,毒沼,血脉,
2357,142,232,水弹枪,血脉,
2358,142,246,泥浆铠甲,血脉,
2359,142,297,甜心续航,血脉,
2360,142,346,羽化加速,血脉,
2361,142,391,虹光冲击,血脉,
2362,142,404,贪婪,血脉,
2363,142,413,超维投射,血脉,
2364,142,468,霜降,血脉,
2365,142,496,麻痹,血脉,
2366,142,152,感染病,默认,50
2367,142,220,毒液渗透,默认,37
2368,142,222,毒雾,默认,40
2369,142,243,泡沫幻影,默认,36
2370,142,252,涌泉,默认,41
2371,142,299,甩水,默认,1
2372,142,304,疫病吐息,默认,35
2373,142,309,盐水浴,默认,49
2374,142,361,腐化,默认,16
2375,142,362,腐蚀酸液,默认,9
2376,142,375,蓄水,默认,8
2377,142,401,许愿星,默认,28
2378,142,451,防御,默认,1
2379,143,60,剧毒,技能石,
2380,143,61,力量吞噬,技能石,
2381,143,63,加固,技能石,
2382,143,108,复写,技能石,
2383,143,131,应激反应,技能石,
2384,143,156,打湿,技能石,
2385,143,175,掠夺,技能石,
2386,143,195,晒太阳,技能石,
2387,143,197,暗箱操作,技能石,
2388,143,253,润泽,技能石,
2389,143,257,湮灭,技能石,
2390,143,339,精神扰乱,技能石,
2391,143,498,鼓劲,技能石,
2392,143,27,假寐,血脉,
2393,143,66,勾魂,血脉,
2394,143,67,化劲,血脉,
2395,143,68,升龙咆哮,血脉,
2396,143,91,啮合传递,血脉,
2397,143,132,引燃,血脉,
2398,143,139,徒长,血脉,
2399,143,192,星星撞击,血脉,
2400,143,218,毒沼,血脉,
2401,143,232,水弹枪,血脉,
2402,143,246,泥浆铠甲,血脉,
2403,143,297,甜心续航,血脉,
2404,143,346,羽化加速,血脉,
2405,143,391,虹光冲击,血脉,
2406,143,404,贪婪,血脉,
2407,143,413,超维投射,血脉,
2408,143,468,霜降,血脉,
2409,143,496,麻痹,血脉,
2410,143,152,感染病,默认,50
2411,143,220,毒液渗透,默认,37
2412,143,222,毒雾,默认,40
2413,143,243,泡沫幻影,默认,36
2414,143,252,涌泉,默认,41
2415,143,299,甩水,默认,1
2416,143,304,疫病吐息,默认,35
2417,143,309,盐水浴,默认,49
2418,143,361,腐化,默认,16
2419,143,362,腐蚀酸液,默认,9
2420,143,375,蓄水,默认,8
2421,143,401,许愿星,默认,28
2422,143,451,防御,默认,1
2423,144,60,剧毒,技能石,
2424,144,61,力量吞噬,技能石,
2425,144,63,加固,技能石,
2426,144,108,复写,技能石,
2427,144,131,应激反应,技能石,
2428,144,156,打湿,技能石,
2429,144,175,掠夺,技能石,
2430,144,195,晒太阳,技能石,
2431,144,197,暗箱操作,技能石,
2432,144,253,润泽,技能石,
2433,144,257,湮灭,技能石,
2434,144,339,精神扰乱,技能石,
2435,144,498,鼓劲,技能石,
2436,144,27,假寐,血脉,
2437,144,66,勾魂,血脉,
2438,144,67,化劲,血脉,
2439,144,68,升龙咆哮,血脉,
2440,144,91,啮合传递,血脉,
2441,144,132,引燃,血脉,
2442,144,139,徒长,血脉,
2443,144,192,星星撞击,血脉,
2444,144,218,毒沼,血脉,
2445,144,232,水弹枪,血脉,
2446,144,246,泥浆铠甲,血脉,
2447,144,297,甜心续航,血脉,
2448,144,346,羽化加速,血脉,
2449,144,391,虹光冲击,血脉,
2450,144,404,贪婪,血脉,
2451,144,413,超维投射,血脉,
2452,144,468,霜降,血脉,
2453,144,496,麻痹,血脉,
2454,144,152,感染病,默认,50
2455,144,220,毒液渗透,默认,36
2456,144,222,毒雾,默认,38
2457,144,243,泡沫幻影,默认,35
2458,144,252,涌泉,默认,41
2459,144,299,甩水,默认,1
2460,144,304,疫病吐息,默认,28
2461,144,309,盐水浴,默认,48
2462,144,361,腐化,默认,17
2463,144,362,腐蚀酸液,默认,13
2464,144,375,蓄水,默认,4
2465,144,401,许愿星,默认,27
2466,144,451,防御,默认,1
2467,86,76,取念,技能石,
2468,86,103,垂死反击,技能石,
2469,86,123,尾后针,技能石,
2470,86,126,岩脉崩毁,技能石,
2471,86,178,摇篮曲,技能石,
2472,86,195,晒太阳,技能石,
2473,86,285,热身运动,技能石,
2474,86,381,虫击,技能石,
2475,86,386,虫群智慧,技能石,
2476,86,423,连续爪击,技能石,
2477,86,440,钧势,技能石,
2478,86,451,防御,技能石,
2479,86,490,魔爪,技能石,
2480,86,47,冰爪,血脉,
2481,86,68,升龙咆哮,血脉,
2482,86,94,噬心,血脉,
2483,86,150,恶能量,血脉,
2484,86,191,星云漩涡,血脉,
2485,86,211,械斗,血脉,
2486,86,218,毒沼,血脉,
2487,86,242,泡沫,血脉,
2488,86,266,火焰冲锋,血脉,
2489,86,273,灵媒,血脉,
2490,86,294,猛烈撞击,血脉,
2491,86,296,球状闪电,血脉,
2492,86,324,碰爪,血脉,
2493,86,343,缠丝劲,血脉,
2494,86,367,荆棘爪,血脉,
2495,86,416,跺地,血脉,
2496,86,430,透射,血脉,
2497,86,476,风矢,血脉,
2498,86,7,丰饶,默认,24
2499,86,62,力量增效,默认,1
2500,86,98,地刺,默认,44
2501,86,112,天旋地转,默认,31
2502,86,116,孢子爆散,默认,34
2503,86,118,富养化,默认,16
2504,86,167,抽枝,默认,48
2505,86,310,盛开,默认,33
2506,86,313,石肤术,默认,9
2507,86,337,筛管奔流,默认,11
2508,86,371,落石,默认,1
2509,86,465,震击,默认,8
2510,86,472,顶端优势,默认,21
2511,88,29,偷袭,技能石,
2512,88,76,取念,技能石,
2513,88,103,垂死反击,技能石,
2514,88,123,尾后针,技能石,
2515,88,178,摇篮曲,技能石,
2516,88,195,晒太阳,技能石,
2517,88,332,移花接木,技能石,
2518,88,339,精神扰乱,技能石,
2519,88,352,聒噪,技能石,
2520,88,381,虫击,技能石,
2521,88,386,虫群智慧,技能石,
2522,88,423,连续爪击,技能石,
2523,88,490,魔爪,技能石,
2524,88,47,冰爪,血脉,
2525,88,68,升龙咆哮,血脉,
2526,88,94,噬心,血脉,
2527,88,150,恶能量,血脉,
2528,88,191,星云漩涡,血脉,
2529,88,211,械斗,血脉,
2530,88,218,毒沼,血脉,
2531,88,242,泡沫,血脉,
2532,88,266,火焰冲锋,血脉,
2533,88,273,灵媒,血脉,
2534,88,294,猛烈撞击,血脉,
2535,88,296,球状闪电,血脉,
2536,88,324,碰爪,血脉,
2537,88,343,缠丝劲,血脉,
2538,88,367,荆棘爪,血脉,
2539,88,416,跺地,血脉,
2540,88,430,透射,血脉,
2541,88,476,风矢,血脉,
2542,88,7,丰饶,默认,33
2543,88,8,主场优势,默认,23
2544,88,62,力量增效,默认,1
2545,88,112,天旋地转,默认,12
2546,88,116,孢子爆散,默认,31
2547,88,118,富养化,默认,17
2548,88,167,抽枝,默认,39
2549,88,212,棘刺,默认,6
2550,88,310,盛开,默认,40
2551,88,337,筛管奔流,默认,1
2552,88,377,藤绞,默认,21
2553,88,451,防御,默认,1
2554,88,472,顶端优势,默认,5
2555,89,45,冰晶坠,技能石,
2556,89,76,取念,技能石,
2557,89,103,垂死反击,技能石,
2558,89,118,富养化,技能石,
2559,89,123,尾后针,技能石,
2560,89,178,摇篮曲,技能石,
2561,89,195,晒太阳,技能石,
2562,89,285,热身运动,技能石,
2563,89,381,虫击,技能石,
2564,89,386,虫群智慧,技能石,
2565,89,423,连续爪击,技能石,
2566,89,451,防御,技能石,
2567,89,490,魔爪,技能石,
2568,89,47,冰爪,血脉,
2569,89,68,升龙咆哮,血脉,
2570,89,94,噬心,血脉,
2571,89,150,恶能量,血脉,
2572,89,191,星云漩涡,血脉,
2573,89,211,械斗,血脉,
2574,89,218,毒沼,血脉,
2575,89,242,泡沫,血脉,
2576,89,266,火焰冲锋,血脉,
2577,89,273,灵媒,血脉,
2578,89,294,猛烈撞击,血脉,
2579,89,296,球状闪电,血脉,
2580,89,324,碰爪,血脉,
2581,89,343,缠丝劲,血脉,
2582,89,367,荆棘爪,血脉,
2583,89,416,跺地,血脉,
2584,89,430,透射,血脉,
2585,89,476,风矢,血脉,
2586,89,7,丰饶,默认,11
2587,89,39,冬至,默认,40
2588,89,44,冰捆缚,默认,3
2589,89,51,冰锥,默认,1
2590,89,52,冰雹,默认,34
2591,89,62,力量增效,默认,1
2592,89,112,天旋地转,默认,26
2593,89,116,孢子爆散,默认,33
2594,89,167,抽枝,默认,37
2595,89,199,暴风雪,默认,17
2596,89,310,盛开,默认,28
2597,89,337,筛管奔流,默认,1
2598,89,431,速冻,默认,23
2599,89,472,顶端优势,默认,4
2600,283,24,借用,技能石,
2601,283,62,力量增效,技能石,
2602,283,179,撒娇,技能石,
2603,283,189,无畏之心,技能石,
2604,283,201,有效预防,技能石,
2605,283,235,水波术,技能石,
2606,283,247,洗礼,技能石,
2607,283,252,涌泉,技能石,
2608,283,261,潮汐,技能石,
2609,283,285,热身运动,技能石,
2610,283,318,破罐破摔,技能石,
2611,283,335,突袭,技能石,
2612,283,344,网缚,技能石,
2613,283,383,虫结阵,技能石,
2614,283,390,虫鸣,技能石,
2615,283,451,防御,技能石,
2616,283,471,音爆,技能石,
2617,283,68,升龙咆哮,血脉,
2618,283,74,反击拳,血脉,
2619,283,143,念力膨胀,血脉,
2620,283,176,掩护,血脉,
2621,283,232,水弹枪,血脉,
2622,283,254,淤泥表皮,血脉,
2623,283,258,溃烂触碰,血脉,
2624,283,268,火焰护盾,血脉,
2625,283,329,离子震荡,血脉,
2626,283,336,等价交换,血脉,
2627,283,348,羽翼庇护,血脉,
2628,283,380,虚化,血脉,
2629,283,391,虹光冲击,血脉,
2630,283,393,蜡质膜,血脉,
2631,283,450,防反,血脉,
2632,283,460,集中,血脉,
2633,283,461,雪替身,血脉,
2634,283,480,飞吻,血脉,
2635,283,156,打湿,默认,19
2636,283,173,捧杀,默认,40
2637,283,200,月光合奏,默认,49
2638,283,229,水刃,默认,50
2639,283,237,水环,默认,22
2640,283,242,泡沫,默认,1
2641,283,243,泡沫幻影,默认,1
2642,283,262,潮涌,默认,13
2643,283,291,爆米花爆破,默认,33
2644,283,297,甜心续航,默认,1
2645,283,298,生日蛋糕,默认,45
2646,283,316,砂糖弹球,默认,23
2647,283,355,肥皂泡,默认,5
2648,283,372,落雨,默认,31
2649,283,489,魔法增效,默认,9
2650,90,76,取念,技能石,
2651,90,103,垂死反击,技能石,
2652,90,123,尾后针,技能石,
2653,90,126,岩脉崩毁,技能石,
2654,90,178,摇篮曲,技能石,
2655,90,195,晒太阳,技能石,
2656,90,285,热身运动,技能石,
2657,90,381,虫击,技能石,
2658,90,386,虫群智慧,技能石,
2659,90,423,连续爪击,技能石,
2660,90,440,钧势,技能石,
2661,90,451,防御,技能石,
2662,90,490,魔爪,技能石,
2663,90,47,冰爪,血脉,
2664,90,68,升龙咆哮,血脉,
2665,90,94,噬心,血脉,
2666,90,150,恶能量,血脉,
2667,90,191,星云漩涡,血脉,
2668,90,211,械斗,血脉,
2669,90,218,毒沼,血脉,
2670,90,242,泡沫,血脉,
2671,90,266,火焰冲锋,血脉,
2672,90,273,灵媒,血脉,
2673,90,294,猛烈撞击,血脉,
2674,90,296,球状闪电,血脉,
2675,90,324,碰爪,血脉,
2676,90,343,缠丝劲,血脉,
2677,90,367,荆棘爪,血脉,
2678,90,416,跺地,血脉,
2679,90,430,透射,血脉,
2680,90,476,风矢,血脉,
2681,90,7,丰饶,默认,24
2682,90,62,力量增效,默认,1
2683,90,98,地刺,默认,44
2684,90,112,天旋地转,默认,31
2685,90,116,孢子爆散,默认,34
2686,90,118,富养化,默认,16
2687,90,167,抽枝,默认,48
2688,90,310,盛开,默认,33
2689,90,313,石肤术,默认,9
2690,90,337,筛管奔流,默认,11
2691,90,371,落石,默认,1
2692,90,465,震击,默认,8
2693,90,472,顶端优势,默认,21
2694,92,29,偷袭,技能石,
2695,92,76,取念,技能石,
2696,92,103,垂死反击,技能石,
2697,92,123,尾后针,技能石,
2698,92,178,摇篮曲,技能石,
2699,92,195,晒太阳,技能石,
2700,92,332,移花接木,技能石,
2701,92,339,精神扰乱,技能石,
2702,92,352,聒噪,技能石,
2703,92,381,虫击,技能石,
2704,92,386,虫群智慧,技能石,
2705,92,423,连续爪击,技能石,
2706,92,490,魔爪,技能石,
2707,92,47,冰爪,血脉,
2708,92,68,升龙咆哮,血脉,
2709,92,94,噬心,血脉,
2710,92,150,恶能量,血脉,
2711,92,191,星云漩涡,血脉,
2712,92,211,械斗,血脉,
2713,92,218,毒沼,血脉,
2714,92,242,泡沫,血脉,
2715,92,266,火焰冲锋,血脉,
2716,92,273,灵媒,血脉,
2717,92,294,猛烈撞击,血脉,
2718,92,296,球状闪电,血脉,
2719,92,324,碰爪,血脉,
2720,92,343,缠丝劲,血脉,
2721,92,367,荆棘爪,血脉,
2722,92,416,跺地,血脉,
2723,92,430,透射,血脉,
2724,92,476,风矢,血脉,
2725,92,7,丰饶,默认,33
2726,92,8,主场优势,默认,23
2727,92,62,力量增效,默认,1
2728,92,112,天旋地转,默认,12
2729,92,116,孢子爆散,默认,31
2730,92,118,富养化,默认,17
2731,92,167,抽枝,默认,39
2732,92,212,棘刺,默认,6
2733,92,310,盛开,默认,40
2734,92,337,筛管奔流,默认,1
2735,92,377,藤绞,默认,21
2736,92,451,防御,默认,1
2737,92,472,顶端优势,默认,5
2738,93,45,冰晶坠,技能石,
2739,93,76,取念,技能石,
2740,93,103,垂死反击,技能石,
2741,93,118,富养化,技能石,
2742,93,123,尾后针,技能石,
2743,93,178,摇篮曲,技能石,
2744,93,195,晒太阳,技能石,
2745,93,285,热身运动,技能石,
2746,93,381,虫击,技能石,
2747,93,386,虫群智慧,技能石,
2748,93,423,连续爪击,技能石,
2749,93,451,防御,技能石,
2750,93,490,魔爪,技能石,
2751,93,47,冰爪,血脉,
2752,93,68,升龙咆哮,血脉,
2753,93,94,噬心,血脉,
2754,93,150,恶能量,血脉,
2755,93,191,星云漩涡,血脉,
2756,93,211,械斗,血脉,
2757,93,218,毒沼,血脉,
2758,93,242,泡沫,血脉,
2759,93,266,火焰冲锋,血脉,
2760,93,273,灵媒,血脉,
2761,93,294,猛烈撞击,血脉,
2762,93,296,球状闪电,血脉,
2763,93,324,碰爪,血脉,
2764,93,343,缠丝劲,血脉,
2765,93,367,荆棘爪,血脉,
2766,93,416,跺地,血脉,
2767,93,430,透射,血脉,
2768,93,476,风矢,血脉,
2769,93,7,丰饶,默认,11
2770,93,39,冬至,默认,40
2771,93,44,冰捆缚,默认,3
2772,93,51,冰锥,默认,1
2773,93,52,冰雹,默认,34
2774,93,62,力量增效,默认,1
2775,93,112,天旋地转,默认,26
2776,93,116,孢子爆散,默认,33
2777,93,167,抽枝,默认,37
2778,93,199,暴风雪,默认,17
2779,93,310,盛开,默认,28
2780,93,337,筛管奔流,默认,1
2781,93,431,速冻,默认,23
2782,93,472,顶端优势,默认,4
2783,276,29,偷袭,技能石,
2784,276,76,取念,技能石,
2785,276,131,应激反应,技能石,
2786,276,186,斩断,技能石,
2787,276,188,无影脚,技能石,
2788,276,195,晒太阳,技能石,
2789,276,201,有效预防,技能石,
2790,276,229,水刃,技能石,
2791,276,305,疾风刺,技能石,
2792,276,372,落雨,技能石,
2793,276,375,蓄水,技能石,
2794,276,397,见招拆招,技能石,
2795,276,423,连续爪击,技能石,
2796,276,451,防御,技能石,
2797,276,47,冰爪,血脉,
2798,276,68,升龙咆哮,血脉,
2799,276,94,噬心,血脉,
2800,276,150,恶能量,血脉,
2801,276,191,星云漩涡,血脉,
2802,276,192,星星撞击,血脉,
2803,276,211,械斗,血脉,
2804,276,218,毒沼,血脉,
2805,276,232,水弹枪,血脉,
2806,276,266,火焰冲锋,血脉,
2807,276,273,灵媒,血脉,
2808,276,296,球状闪电,血脉,
2809,276,324,碰爪,血脉,
2810,276,367,荆棘爪,血脉,
2811,276,406,贯手,血脉,
2812,276,416,跺地,血脉,
2813,276,430,透射,血脉,
2814,276,476,风矢,血脉,
2815,276,1,一拳,默认,44
2816,276,31,先发制人,默认,36
2817,276,59,刺藤,默认,1
2818,276,62,力量增效,默认,13
2819,276,127,崩拳,默认,6
2820,276,167,抽枝,默认,50
2821,276,185,散手,默认,49
2822,276,209,根吸收,默认,1
2823,276,285,热身运动,默认,28
2824,276,290,爆冲,默认,39
2825,276,310,盛开,默认,35
2826,276,377,藤绞,默认,30
2827,276,436,针刺射击,默认,37
2828,276,472,顶端优势,默认,21
2829,69,76,取念,技能石,
2830,69,82,吓退,技能石,
2831,69,83,吞噬,技能石,
2832,69,92,嗜痛,技能石,
2833,69,136,彗星,技能石,
2834,69,183,操控,技能石,
2835,69,244,泥巴喷射,技能石,
2836,69,261,潮汐,技能石,
2837,69,262,潮涌,技能石,
2838,69,320,硬化,技能石,
2839,69,395,血气,技能石,
2840,69,399,触底强击,技能石,
2841,69,450,防反,技能石,
2842,69,454,阻断,技能石,
2843,69,465,震击,技能石,
2844,69,491,魔能爆,技能石,
2845,69,38,冥想,血脉,
2846,69,68,升龙咆哮,血脉,
2847,69,74,反击拳,血脉,
2848,69,176,掩护,血脉,
2849,69,192,星星撞击,血脉,
2850,69,232,水弹枪,血脉,
2851,69,254,淤泥表皮,血脉,
2852,69,258,溃烂触碰,血脉,
2853,69,268,火焰护盾,血脉,
2854,69,329,离子震荡,血脉,
2855,69,336,等价交换,血脉,
2856,69,380,虚化,血脉,
2857,69,391,虹光冲击,血脉,
2858,69,393,蜡质膜,血脉,
2859,69,460,集中,血脉,
2860,69,461,雪替身,血脉,
2861,69,475,风墙,血脉,
2862,69,488,魅惑,血脉,
2863,69,88,咆哮,默认,25
2864,69,162,抓挠,默认,7
2865,69,201,有效预防,默认,40
2866,69,231,水弹,默认,23
2867,69,234,水泡盾,默认,28
2868,69,236,水炮,默认,41
2869,69,237,水环,默认,50
2870,69,242,泡沫,默认,35
2871,69,247,洗礼,默认,14
2872,69,263,激怒,默认,1
2873,69,370,落星,默认,1
2874,69,415,践踏,默认,39
2875,69,423,连续爪击,默认,49
2876,69,451,防御,默认,6
2877,69,498,鼓劲,默认,36
2878,423,2,三连破,技能石,
2879,423,21,伺机而动,技能石,
2880,423,25,倾泻,技能石,
2881,423,29,偷袭,技能石,
2882,423,61,力量吞噬,技能石,
2883,423,76,取念,技能石,
2884,423,142,快速移动,技能石,
2885,423,285,热身运动,技能石,
2886,423,305,疾风刺,技能石,
2887,423,331,种皮爆裂,技能石,
2888,423,345,羽刃,技能石,
2889,423,423,连续爪击,技能石,
2890,423,451,防御,技能石,
2891,423,47,冰爪,血脉,
2892,423,68,升龙咆哮,血脉,
2893,423,94,噬心,血脉,
2894,423,191,星云漩涡,血脉,
2895,423,192,星星撞击,血脉,
2896,423,211,械斗,血脉,
2897,423,218,毒沼,血脉,
2898,423,242,泡沫,血脉,
2899,423,266,火焰冲锋,血脉,
2900,423,273,灵媒,血脉,
2901,423,296,球状闪电,血脉,
2902,423,324,碰爪,血脉,
2903,423,343,缠丝劲,血脉,
2904,423,365,花香,血脉,
2905,423,402,诋毁,血脉,
2906,423,416,跺地,血脉,
2907,423,430,透射,血脉,
2908,423,476,风矢,血脉,
2909,423,62,力量增效,默认,1
2910,423,152,感染病,默认,37
2911,423,180,撕咬,默认,7
2912,423,215,欺诈契约,默认,12
2913,423,216,毒囊,默认,39
2914,423,221,毒针,默认,1
2915,423,222,毒雾,默认,27
2916,423,361,腐化,默认,5
2917,423,397,见招拆招,默认,34
2918,423,408,趁火打劫,默认,35
2919,423,414,跌落,默认,47
2920,423,422,连续毒针,默认,23
2921,423,490,魔爪,默认,1
2922,422,2,三连破,技能石,
2923,422,21,伺机而动,技能石,
2924,422,25,倾泻,技能石,
2925,422,29,偷袭,技能石,
2926,422,61,力量吞噬,技能石,
2927,422,76,取念,技能石,
2928,422,142,快速移动,技能石,
2929,422,285,热身运动,技能石,
2930,422,305,疾风刺,技能石,
2931,422,331,种皮爆裂,技能石,
2932,422,345,羽刃,技能石,
2933,422,423,连续爪击,技能石,
2934,422,451,防御,技能石,
2935,422,47,冰爪,血脉,
2936,422,68,升龙咆哮,血脉,
2937,422,94,噬心,血脉,
2938,422,191,星云漩涡,血脉,
2939,422,192,星星撞击,血脉,
2940,422,211,械斗,血脉,
2941,422,218,毒沼,血脉,
2942,422,242,泡沫,血脉,
2943,422,266,火焰冲锋,血脉,
2944,422,273,灵媒,血脉,
2945,422,296,球状闪电,血脉,
2946,422,324,碰爪,血脉,
2947,422,343,缠丝劲,血脉,
2948,422,365,花香,血脉,
2949,422,402,诋毁,血脉,
2950,422,416,跺地,血脉,
2951,422,430,透射,血脉,
2952,422,476,风矢,血脉,
2953,422,62,力量增效,默认,1
2954,422,152,感染病,默认,37
2955,422,180,撕咬,默认,7
2956,422,215,欺诈契约,默认,12
2957,422,216,毒囊,默认,39
2958,422,221,毒针,默认,1
2959,422,222,毒雾,默认,27
2960,422,361,腐化,默认,5
2961,422,397,见招拆招,默认,34
2962,422,408,趁火打劫,默认,35
2963,422,414,跌落,默认,47
2964,422,422,连续毒针,默认,23
2965,422,490,魔爪,默认,1
2966,451,20,伪造账单,技能石,
2967,451,24,借用,技能石,
2968,451,142,快速移动,技能石,
2969,451,146,恐吓,技能石,
2970,451,156,打湿,技能石,
2971,451,175,掠夺,技能石,
2972,451,178,摇篮曲,技能石,
2973,451,252,涌泉,技能石,
2974,451,351,耀眼,技能石,
2975,451,414,跌落,技能石,
2976,451,434,重击,技能石,
2977,451,451,防御,技能石,
2978,451,454,阻断,技能石,
2979,451,68,升龙咆哮,血脉,
2980,451,123,尾后针,血脉,
2981,451,192,星星撞击,血脉,
2982,451,218,毒沼,血脉,
2983,451,232,水弹枪,血脉,
2984,451,270,火爪,血脉,
2985,451,273,灵媒,血脉,
2986,451,329,离子震荡,血脉,
2987,451,367,荆棘爪,血脉,
2988,451,391,虹光冲击,血脉,
2989,451,400,触电,血脉,
2990,451,406,贯手,血脉,
2991,451,416,跺地,血脉,
2992,451,437,针状物,血脉,
2993,451,468,霜降,血脉,
2994,451,476,风矢,血脉,
2995,451,488,魅惑,血脉,
2996,451,497,黑手,血脉,
2997,451,25,倾泻,默认,21
2998,451,64,加大功率,默认,10
2999,451,73,双联脉冲,默认,32
3000,451,134,强制重启,默认,49
3001,451,228,水光冲击,默认,40
3002,451,231,水弹,默认,1
3003,451,235,水波术,默认,50
3004,451,253,润泽,默认,20
3005,451,264,激流,默认,24
3006,451,359,能量炮,默认,13
3007,451,372,落雨,默认,23
3008,451,373,落雷,默认,33
3009,451,410,超导加速,默认,2
3010,451,489,魔法增效,默认,1
3011,437,18,休息回复,技能石,
3012,437,21,伺机而动,技能石,
3013,437,24,借用,技能石,
3014,437,78,叠势,技能石,
3015,437,85,听桥,技能石,
3016,437,92,嗜痛,技能石,
3017,437,110,大爆炸,技能石,
3018,437,127,崩拳,技能石,
3019,437,136,彗星,技能石,
3020,437,175,掠夺,技能石,
3021,437,186,斩断,技能石,
3022,437,189,无畏之心,技能石,
3023,437,257,湮灭,技能石,
3024,437,376,蓄能轰击,技能石,
3025,437,379,虚假破产,技能石,
3026,437,450,防反,技能石,
3027,437,491,魔能爆,技能石,
3028,437,38,冥想,血脉,
3029,437,68,升龙咆哮,血脉,
3030,437,176,掩护,血脉,
3031,437,192,星星撞击,血脉,
3032,437,234,水泡盾,血脉,
3033,437,254,淤泥表皮,血脉,
3034,437,258,溃烂触碰,血脉,
3035,437,268,火焰护盾,血脉,
3036,437,329,离子震荡,血脉,
3037,437,336,等价交换,血脉,
3038,437,380,虚化,血脉,
3039,437,391,虹光冲击,血脉,
3040,437,393,蜡质膜,血脉,
3041,437,406,贯手,血脉,
3042,437,460,集中,血脉,
3043,437,461,雪替身,血脉,
3044,437,475,风墙,血脉,
3045,437,488,魅惑,血脉,
3046,437,31,先发制人,默认,12
3047,437,62,力量增效,默认,24
3048,437,74,反击拳,默认,41
3049,437,83,吞噬,默认,48
3050,437,103,垂死反击,默认,46
3051,437,137,影袭,默认,40
3052,437,335,突袭,默认,50
3053,437,338,粒子对撞,默认,1
3054,437,357,能量刃,默认,36
3055,437,395,血气,默认,38
3056,437,401,许愿星,默认,16
3057,437,423,连续爪击,默认,49
3058,437,451,防御,默认,10
3059,437,452,防御反击,默认,43
3060,437,489,魔法增效,默认,1
3061,436,18,休息回复,技能石,
3062,436,21,伺机而动,技能石,
3063,436,24,借用,技能石,
3064,436,78,叠势,技能石,
3065,436,101,坍缩,技能石,
3066,436,110,大爆炸,技能石,
3067,436,111,天光,技能石,
3068,436,136,彗星,技能石,
3069,436,186,斩断,技能石,
3070,436,189,无畏之心,技能石,
3071,436,201,有效预防,技能石,
3072,436,257,湮灭,技能石,
3073,436,376,蓄能轰击,技能石,
3074,436,395,血气,技能石,
3075,436,430,透射,技能石,
3076,436,452,防御反击,技能石,
3077,436,491,魔能爆,技能石,
3078,436,68,升龙咆哮,血脉,
3079,436,74,反击拳,血脉,
3080,436,143,念力膨胀,血脉,
3081,436,176,掩护,血脉,
3082,436,192,星星撞击,血脉,
3083,436,234,水泡盾,血脉,
3084,436,254,淤泥表皮,血脉,
3085,436,258,溃烂触碰,血脉,
3086,436,268,火焰护盾,血脉,
3087,436,329,离子震荡,血脉,
3088,436,336,等价交换,血脉,
3089,436,380,虚化,血脉,
3090,436,391,虹光冲击,血脉,
3091,436,393,蜡质膜,血脉,
3092,436,460,集中,血脉,
3093,436,461,雪替身,血脉,
3094,436,476,风矢,血脉,
3095,436,488,魅惑,血脉,
3096,436,31,先发制人,默认,12
3097,436,38,冥想,默认,41
3098,436,62,力量增效,默认,24
3099,436,83,吞噬,默认,46
3100,436,103,垂死反击,默认,43
3101,436,333,空间压迫,默认,40
3102,436,335,突袭,默认,49
3103,436,338,粒子对撞,默认,1
3104,436,357,能量刃,默认,36
3105,436,401,许愿星,默认,16
3106,436,423,连续爪击,默认,48
3107,436,443,错乱,默认,50
3108,436,450,防反,默认,38
3109,436,451,防御,默认,10
3110,436,489,魔法增效,默认,1
3111,203,25,倾泻,技能石,
3112,203,58,刺盾,技能石,
3113,203,82,吓退,技能石,
3114,203,92,嗜痛,技能石,
3115,203,108,复写,技能石,
3116,203,125,岩土暴击,技能石,
3117,203,152,感染病,技能石,
3118,203,173,捧杀,技能石,
3119,203,179,撒娇,技能石,
3120,203,263,激怒,技能石,
3121,203,285,热身运动,技能石,
3122,203,320,硬化,技能石,
3123,203,427,退化,技能石,
3124,203,432,遁地,技能石,
3125,203,469,鞭打,技能石,
3126,203,471,音爆,技能石,
3127,203,38,冥想,血脉,
3128,203,68,升龙咆哮,血脉,
3129,203,74,反击拳,血脉,
3130,203,123,尾后针,血脉,
3131,203,217,毒孢子,血脉,
3132,203,234,水泡盾,血脉,
3133,203,268,火焰护盾,血脉,
3134,203,329,离子震荡,血脉,
3135,203,336,等价交换,血脉,
3136,203,380,虚化,血脉,
3137,203,391,虹光冲击,血脉,
3138,203,393,蜡质膜,血脉,
3139,203,416,跺地,血脉,
3140,203,450,防反,血脉,
3141,203,460,集中,血脉,
3142,203,461,雪替身,血脉,
3143,203,475,风墙,血脉,
3144,203,488,魅惑,血脉,
3145,203,5,不可接触,默认,1
3146,203,16,以毒攻毒,默认,1
3147,203,99,地陷,默认,50
3148,203,107,壁垒,默认,34
3149,203,160,扬沙,默认,6
3150,203,187,旋转突击,默认,28
3151,203,216,毒囊,默认,40
3152,203,218,毒沼,默认,30
3153,203,258,溃烂触碰,默认,1
3154,203,313,石肤术,默认,9
3155,203,314,石锁,默认,36
3156,203,362,腐蚀酸液,默认,13
3157,203,369,落井下毒,默认,17
3158,203,451,防御,默认,22
3159,203,457,陨石,默认,35
3160,203,494,鸩毒,默认,49
3161,316,20,伪造账单,技能石,
3162,316,24,借用,技能石,
3163,316,45,冰晶坠,技能石,
3164,316,104,埋伏,技能石,
3165,316,142,快速移动,技能石,
3166,316,157,打雪仗,技能石,
3167,316,180,撕咬,技能石,
3168,316,181,撕裂,技能石,
3169,316,195,晒太阳,技能石,
3170,316,201,有效预防,技能石,
3171,316,285,热身运动,技能石,
3172,316,308,瘴气喷射,技能石,
3173,316,423,连续爪击,技能石,
3174,316,426,追打,技能石,
3175,316,451,防御,技能石,
3176,316,489,魔法增效,技能石,
3177,316,494,鸩毒,技能石,
3178,316,497,黑手,技能石,
3179,316,55,冷风,血脉,
3180,316,68,升龙咆哮,血脉,
3181,316,94,噬心,血脉,
3182,316,128,幻象,血脉,
3183,316,160,扬沙,血脉,
3184,316,169,拍击,血脉,
3185,316,191,星云漩涡,血脉,
3186,316,218,毒沼,血脉,
3187,316,242,泡沫,血脉,
3188,316,266,火焰冲锋,血脉,
3189,316,296,球状闪电,血脉,
3190,316,329,离子震荡,血脉,
3191,316,343,缠丝劲,血脉,
3192,316,365,花香,血脉,
3193,316,391,虹光冲击,血脉,
3194,316,402,诋毁,血脉,
3195,316,480,飞吻,血脉,
3196,316,495,鹰爪,血脉,
3197,316,16,以毒攻毒,默认,5
3198,316,60,剧毒,默认,40
3199,316,62,力量增效,默认,21
3200,316,179,撒娇,默认,34
3201,316,187,旋转突击,默认,7
3202,316,200,月光合奏,默认,39
3203,316,216,毒囊,默认,49
3204,316,217,毒孢子,默认,12
3205,316,220,毒液渗透,默认,47
3206,316,258,溃烂触碰,默认,1
3207,316,298,生日蛋糕,默认,27
3208,316,327,示弱,默认,1
3209,316,407,赤子之心,默认,35
3210,316,412,超级糖果,默认,17
3211,316,422,连续毒针,默认,26
3212,316,488,魅惑,默认,1
3213,318,20,伪造账单,技能石,
3214,318,24,借用,技能石,
3215,318,45,冰晶坠,技能石,
3216,318,104,埋伏,技能石,
3217,318,142,快速移动,技能石,
3218,318,157,打雪仗,技能石,
3219,318,180,撕咬,技能石,
3220,318,181,撕裂,技能石,
3221,318,195,晒太阳,技能石,
3222,318,201,有效预防,技能石,
3223,318,285,热身运动,技能石,
3224,318,308,瘴气喷射,技能石,
3225,318,423,连续爪击,技能石,
3226,318,426,追打,技能石,
3227,318,451,防御,技能石,
3228,318,489,魔法增效,技能石,
3229,318,494,鸩毒,技能石,
3230,318,497,黑手,技能石,
3231,318,55,冷风,血脉,
3232,318,68,升龙咆哮,血脉,
3233,318,94,噬心,血脉,
3234,318,128,幻象,血脉,
3235,318,160,扬沙,血脉,
3236,318,169,拍击,血脉,
3237,318,191,星云漩涡,血脉,
3238,318,218,毒沼,血脉,
3239,318,242,泡沫,血脉,
3240,318,266,火焰冲锋,血脉,
3241,318,296,球状闪电,血脉,
3242,318,329,离子震荡,血脉,
3243,318,343,缠丝劲,血脉,
3244,318,365,花香,血脉,
3245,318,391,虹光冲击,血脉,
3246,318,402,诋毁,血脉,
3247,318,480,飞吻,血脉,
3248,318,495,鹰爪,血脉,
3249,318,16,以毒攻毒,默认,5
3250,318,60,剧毒,默认,40
3251,318,62,力量增效,默认,21
3252,318,179,撒娇,默认,34
3253,318,187,旋转突击,默认,7
3254,318,200,月光合奏,默认,39
3255,318,216,毒囊,默认,49
3256,318,217,毒孢子,默认,12
3257,318,220,毒液渗透,默认,47
3258,318,258,溃烂触碰,默认,1
3259,318,298,生日蛋糕,默认,27
3260,318,327,示弱,默认,1
3261,318,407,赤子之心,默认,35
3262,318,412,超级糖果,默认,17
3263,318,422,连续毒针,默认,26
3264,318,488,魅惑,默认,1
3265,58,2,三连破,技能石,
3266,58,10,乘胜追击,技能石,
3267,58,29,偷袭,技能石,
3268,58,108,复写,技能石,
3269,58,128,幻象,技能石,
3270,58,138,彼岸之手,技能石,
3271,58,142,快速移动,技能石,
3272,58,151,惊吓盒子,技能石,
3273,58,181,撕裂,技能石,
3274,58,285,热身运动,技能石,
3275,58,346,羽化加速,技能石,
3276,58,422,连续毒针,技能石,
3277,58,455,降灵,技能石,
3278,58,47,冰爪,血脉,
3279,58,68,升龙咆哮,血脉,
3280,58,94,噬心,血脉,
3281,58,191,星云漩涡,血脉,
3282,58,192,星星撞击,血脉,
3283,58,211,械斗,血脉,
3284,58,218,毒沼,血脉,
3285,58,242,泡沫,血脉,
3286,58,266,火焰冲锋,血脉,
3287,58,273,灵媒,血脉,
3288,58,296,球状闪电,血脉,
3289,58,324,碰爪,血脉,
3290,58,343,缠丝劲,血脉,
3291,58,365,花香,血脉,
3292,58,402,诋毁,血脉,
3293,58,416,跺地,血脉,
3294,58,430,透射,血脉,
3295,58,476,风矢,血脉,
3296,58,11,乘风,默认,1
3297,58,155,扇风,默认,30
3298,58,162,抓挠,默认,6
3299,58,180,撕咬,默认,20
3300,58,196,暗突袭,默认,38
3301,58,197,暗箱操作,默认,23
3302,58,305,疾风刺,默认,29
3303,58,404,贪婪,默认,10
3304,58,408,趁火打劫,默认,37
3305,58,451,防御,默认,8
3306,58,490,魔爪,默认,1
3307,58,495,鹰爪,默认,13
3308,58,502,龙卷风,默认,40
3309,373,9,主轴,技能石,
3310,373,25,倾泻,技能石,
3311,373,29,偷袭,技能石,
3312,373,70,压扁,技能石,
3313,373,76,取念,技能石,
3314,373,98,地刺,技能石,
3315,373,125,岩土暴击,技能石,
3316,373,135,当头棒喝,技能石,
3317,373,142,快速移动,技能石,
3318,373,195,晒太阳,技能石,
3319,373,201,有效预防,技能石,
3320,373,291,爆米花爆破,技能石,
3321,373,298,生日蛋糕,技能石,
3322,373,412,超级糖果,技能石,
3323,373,423,连续爪击,技能石,
3324,373,440,钧势,技能石,
3325,373,493,鸣沙陷阱,技能石,
3326,373,47,冰爪,血脉,
3327,373,68,升龙咆哮,血脉,
3328,373,94,噬心,血脉,
3329,373,150,恶能量,血脉,
3330,373,191,星云漩涡,血脉,
3331,373,192,星星撞击,血脉,
3332,373,211,械斗,血脉,
3333,373,218,毒沼,血脉,
3334,373,242,泡沫,血脉,
3335,373,269,火焰箭,血脉,
3336,373,273,灵媒,血脉,
3337,373,296,球状闪电,血脉,
3338,373,343,缠丝劲,血脉,
3339,373,365,花香,血脉,
3340,373,416,跺地,血脉,
3341,373,430,透射,血脉,
3342,373,476,风矢,血脉,
3343,373,480,飞吻,血脉,
3344,373,30,充分燃烧,默认,35
3345,373,31,先发制人,默认,26
3346,373,62,力量增效,默认,1
3347,373,86,吹火,默认,5
3348,373,144,怒火,默认,29
3349,373,170,持续高温,默认,50
3350,373,265,火云车,默认,36
3351,373,274,灼伤,默认,30
3352,373,276,炎息,默认,1
3353,373,284,热身,默认,39
3354,373,288,焚烧烙印,默认,16
3355,373,449,闪燃,默认,40
3356,373,451,防御,默认,11
3357,393,25,倾泻,技能石,
3358,393,108,复写,技能石,
3359,393,142,快速移动,技能石,
3360,393,144,怒火,技能石,
3361,393,195,晒太阳,技能石,
3362,393,198,暴风眼,技能石,
3363,393,290,爆冲,技能石,
3364,393,345,羽刃,技能石,
3365,393,371,落石,技能石,
3366,393,451,防御,技能石,
3367,393,55,冷风,血脉,
3368,393,68,升龙咆哮,血脉,
3369,393,94,噬心,血脉,
3370,393,128,幻象,血脉,
3371,393,150,恶能量,血脉,
3372,393,160,扬沙,血脉,
3373,393,169,拍击,血脉,
3374,393,191,星云漩涡,血脉,
3375,393,242,泡沫,血脉,
3376,393,258,溃烂触碰,血脉,
3377,393,269,火焰箭,血脉,
3378,393,296,球状闪电,血脉,
3379,393,329,离子震荡,血脉,
3380,393,365,花香,血脉,
3381,393,391,虹光冲击,血脉,
3382,393,406,贯手,血脉,
3383,393,476,风矢,血脉,
3384,393,488,魅惑,血脉,
3385,393,31,先发制人,默认,16
3386,393,62,力量增效,默认,1
3387,393,71,双响炮,默认,1
3388,393,96,回旋踢,默认,27
3389,393,177,提气,默认,23
3390,393,266,火焰冲锋,默认,1
3391,393,267,火焰切割,默认,25
3392,393,284,热身,默认,30
3393,393,285,热身运动,默认,11
3394,393,288,焚烧烙印,默认,5
3395,393,343,缠丝劲,默认,10
3396,5,24,借用,技能石,
3397,5,60,剧毒,技能石,
3398,5,111,天光,技能石,
3399,5,131,应激反应,技能石,
3400,5,178,摇篮曲,技能石,
3401,5,195,晒太阳,技能石,
3402,5,217,毒孢子,技能石,
3403,5,218,毒沼,技能石,
3404,5,308,瘴气喷射,技能石,
3405,5,332,移花接木,技能石,
3406,5,339,精神扰乱,技能石,
3407,5,340,纤维化,技能石,
3408,5,361,腐化,技能石,
3409,5,362,腐蚀酸液,技能石,
3410,5,430,透射,技能石,
3411,5,434,重击,技能石,
3412,5,27,假寐,血脉,
3413,5,66,勾魂,血脉,
3414,5,67,化劲,血脉,
3415,5,68,升龙咆哮,血脉,
3416,5,91,啮合传递,血脉,
3417,5,132,引燃,血脉,
3418,5,192,星星撞击,血脉,
3419,5,246,泥浆铠甲,血脉,
3420,5,258,溃烂触碰,血脉,
3421,5,297,甜心续航,血脉,
3422,5,346,羽化加速,血脉,
3423,5,367,荆棘爪,血脉,
3424,5,375,蓄水,血脉,
3425,5,391,虹光冲击,血脉,
3426,5,404,贪婪,血脉,
3427,5,413,超维投射,血脉,
3428,5,468,霜降,血脉,
3429,5,496,麻痹,血脉,
3430,5,7,丰饶,默认,48
3431,5,15,仙人掌刺击,默认,42
3432,5,18,休息回复,默认,1
3433,5,34,光合作用,默认,49
3434,5,36,光能聚集,默认,50
3435,5,79,叶绿光束,默认,17
3436,5,115,孢子,默认,36
3437,5,139,徒长,默认,12
3438,5,159,扫尾,默认,7
3439,5,162,抓挠,默认,1
3440,5,213,棘突,默认,6
3441,5,310,盛开,默认,30
3442,5,337,筛管奔流,默认,29
3443,5,377,藤绞,默认,8
3444,5,433,酶浓度调整,默认,21
3445,5,451,防御,默认,10
3446,279,9,主轴,技能石,
3447,279,66,勾魂,技能石,
3448,279,76,取念,技能石,
3449,279,93,嘲弄,技能石,
3450,279,142,快速移动,技能石,
3451,279,146,恐吓,技能石,
3452,279,147,恶作剧,技能石,
3453,279,183,操控,技能石,
3454,279,203,杠杆置换,技能石,
3455,279,212,棘刺,技能石,
3456,279,273,灵媒,技能石,
3457,279,339,精神扰乱,技能石,
3458,279,489,魔法增效,技能石,
3459,279,18,休息回复,血脉,
3460,279,27,假寐,血脉,
3461,279,67,化劲,血脉,
3462,279,68,升龙咆哮,血脉,
3463,279,91,啮合传递,血脉,
3464,279,132,引燃,血脉,
3465,279,139,徒长,血脉,
3466,279,217,毒孢子,血脉,
3467,279,232,水弹枪,血脉,
3468,279,246,泥浆铠甲,血脉,
3469,279,297,甜心续航,血脉,
3470,279,346,羽化加速,血脉,
3471,279,391,虹光冲击,血脉,
3472,279,404,贪婪,血脉,
3473,279,413,超维投射,血脉,
3474,279,468,霜降,血脉,
3475,279,487,鬼火,血脉,
3476,279,496,麻痹,血脉,
3477,279,156,打湿,默认,16
3478,279,236,水炮,默认,26
3479,279,243,泡沫幻影,默认,21
3480,279,247,洗礼,默认,8
3481,279,252,涌泉,默认,35
3482,279,253,润泽,默认,33
3483,279,263,激怒,默认,1
3484,279,299,甩水,默认,1
3485,279,309,盐水浴,默认,50
3486,279,355,肥皂泡,默认,4
3487,279,372,落雨,默认,40
3488,279,401,许愿星,默认,12
3489,279,451,防御,默认,1
3490,418,25,倾泻,技能石,
3491,418,99,地陷,技能石,
3492,418,108,复写,技能石,
3493,418,146,恐吓,技能石,
3494,418,178,摇篮曲,技能石,
3495,418,195,晒太阳,技能石,
3496,418,196,暗突袭,技能石,
3497,418,201,有效预防,技能石,
3498,418,215,欺诈契约,技能石,
3499,418,346,羽化加速,技能石,
3500,418,423,连续爪击,技能石,
3501,418,424,迫害,技能石,
3502,418,440,钧势,技能石,
3503,418,451,防御,技能石,
3504,418,47,冰爪,血脉,
3505,418,68,升龙咆哮,血脉,
3506,418,94,噬心,血脉,
3507,418,191,星云漩涡,血脉,
3508,418,211,械斗,血脉,
3509,418,218,毒沼,血脉,
3510,418,242,泡沫,血脉,
3511,418,266,火焰冲锋,血脉,
3512,418,273,灵媒,血脉,
3513,418,294,猛烈撞击,血脉,
3514,418,296,球状闪电,血脉,
3515,418,324,碰爪,血脉,
3516,418,343,缠丝劲,血脉,
3517,418,365,花香,血脉,
3518,418,402,诋毁,血脉,
3519,418,416,跺地,血脉,
3520,418,430,透射,血脉,
3521,418,476,风矢,血脉,
3522,418,11,乘风,默认,8
3523,418,31,先发制人,默认,16
3524,418,62,力量增效,默认,1
3525,418,90,啄击,默认,7
3526,418,98,地刺,默认,50
3527,418,125,岩土暴击,默认,47
3528,418,155,扇风,默认,34
3529,418,246,泥浆铠甲,默认,33
3530,418,305,疾风刺,默认,26
3531,418,313,石肤术,默认,23
3532,418,345,羽刃,默认,49
3533,418,371,落石,默认,1
3534,418,493,鸣沙陷阱,默认,38
3535,297,2,三连破,技能石,
3536,297,24,借用,技能石,
3537,297,142,快速移动,技能石,
3538,297,195,晒太阳,技能石,
3539,297,227,氧输送,技能石,
3540,297,285,热身运动,技能石,
3541,297,298,生日蛋糕,技能石,
3542,297,318,破罐破摔,技能石,
3543,297,340,纤维化,技能石,
3544,297,341,绵里藏针,技能石,
3545,297,366,芳香诱引,技能石,
3546,297,407,赤子之心,技能石,
3547,297,450,防反,技能石,
3548,297,498,鼓劲,技能石,
3549,297,501,龙之利爪,技能石,
3550,297,503,龙吟,技能石,
3551,297,27,假寐,血脉,
3552,297,66,勾魂,血脉,
3553,297,67,化劲,血脉,
3554,297,68,升龙咆哮,血脉,
3555,297,91,啮合传递,血脉,
3556,297,132,引燃,血脉,
3557,297,192,星星撞击,血脉,
3558,297,217,毒孢子,血脉,
3559,297,246,泥浆铠甲,血脉,
3560,297,346,羽化加速,血脉,
3561,297,367,荆棘爪,血脉,
3562,297,375,蓄水,血脉,
3563,297,391,虹光冲击,血脉,
3564,297,404,贪婪,血脉,
3565,297,413,超维投射,血脉,
3566,297,468,霜降,血脉,
3567,297,480,飞吻,血脉,
3568,297,496,麻痹,血脉,
3569,297,34,光合作用,默认,37
3570,297,36,光能聚集,默认,50
3571,297,57,击鼓传花,默认,7
3572,297,115,孢子,默认,29
3573,297,116,孢子爆散,默认,30
3574,297,200,月光合奏,默认,49
3575,297,310,盛开,默认,39
3576,297,324,碰爪,默认,23
3577,297,327,示弱,默认,1
3578,297,330,种子弹,默认,1
3579,297,364,花炮,默认,17
3580,297,365,花香,默认,3
3581,297,415,践踏,默认,38
3582,297,451,防御,默认,1
3583,297,488,魅惑,默认,13
3584,214,66,勾魂,技能石,
3585,214,100,地震,技能石,
3586,214,108,复写,技能石,
3587,214,131,应激反应,技能石,
3588,214,136,彗星,技能石,
3589,214,151,惊吓盒子,技能石,
3590,214,158,打鼾,技能石,
3591,214,312,瞬间零度,技能石,
3592,214,335,突袭,技能石,
3593,214,352,聒噪,技能石,
3594,214,403,诡刺,技能石,
3595,214,412,超级糖果,技能石,
3596,214,440,钧势,技能石,
3597,214,47,冰爪,血脉,
3598,214,68,升龙咆哮,血脉,
3599,214,94,噬心,血脉,
3600,214,150,恶能量,血脉,
3601,214,191,星云漩涡,血脉,
3602,214,211,械斗,血脉,
3603,214,218,毒沼,血脉,
3604,214,242,泡沫,血脉,
3605,214,266,火焰冲锋,血脉,
3606,214,273,灵媒,血脉,
3607,214,294,猛烈撞击,血脉,
3608,214,296,球状闪电,血脉,
3609,214,324,碰爪,血脉,
3610,214,343,缠丝劲,血脉,
3611,214,365,花香,血脉,
3612,214,416,跺地,血脉,
3613,214,430,透射,血脉,
3614,214,476,风矢,血脉,
3615,214,6,丢冰块,默认,1
3616,214,45,冰晶坠,默认,33
3617,214,52,冰雹,默认,45
3618,214,62,力量增效,默认,1
3619,214,98,地刺,默认,25
3620,214,126,岩脉崩毁,默认,12
3621,214,199,暴风雪,默认,7
3622,214,259,滚雪球,默认,50
3623,214,313,石肤术,默认,39
3624,214,314,石锁,默认,41
3625,214,315,砂石冲撞,默认,40
3626,214,451,防御,默认,17
3627,214,462,雪球,默认,32
3628,214,466,霜冻,默认,42
3629,24,67,化劲,技能石,
3630,24,78,叠势,技能石,
3631,24,108,复写,技能石,
3632,24,189,无畏之心,技能石,
3633,24,201,有效预防,技能石,
3634,24,213,棘突,技能石,
3635,24,226,气波,技能石,
3636,24,321,硬门,技能石,
3637,24,335,突袭,技能石,
3638,24,433,酶浓度调整,技能石,
3639,24,450,防反,技能石,
3640,24,452,防御反击,技能石,
3641,24,491,魔能爆,技能石,
3642,24,38,冥想,血脉,
3643,24,68,升龙咆哮,血脉,
3644,24,176,掩护,血脉,
3645,24,192,星星撞击,血脉,
3646,24,218,毒沼,血脉,
3647,24,232,水弹枪,血脉,
3648,24,254,淤泥表皮,血脉,
3649,24,268,火焰护盾,血脉,
3650,24,329,离子震荡,血脉,
3651,24,336,等价交换,血脉,
3652,24,380,虚化,血脉,
3653,24,391,虹光冲击,血脉,
3654,24,393,蜡质膜,血脉,
3655,24,406,贯手,血脉,
3656,24,460,集中,血脉,
3657,24,461,雪替身,血脉,
3658,24,475,风墙,血脉,
3659,24,488,魅惑,血脉,
3660,24,81,后发制人,默认,18
3661,24,113,天洪,默认,49
3662,24,225,气泡,默认,8
3663,24,228,水光冲击,默认,22
3664,24,234,水泡盾,默认,21
3665,24,236,水炮,默认,34
3666,24,237,水环,默认,50
3667,24,243,泡沫幻影,默认,39
3668,24,247,洗礼,默认,12
3669,24,355,肥皂泡,默认,1
3670,24,372,落雨,默认,28
3671,24,451,防御,默认,1
3672,24,489,魔法增效,默认,6
3673,25,67,化劲,技能石,
3674,25,78,叠势,技能石,
3675,25,108,复写,技能石,
3676,25,189,无畏之心,技能石,
3677,25,201,有效预防,技能石,
3678,25,213,棘突,技能石,
3679,25,226,气波,技能石,
3680,25,321,硬门,技能石,
3681,25,335,突袭,技能石,
3682,25,433,酶浓度调整,技能石,
3683,25,450,防反,技能石,
3684,25,452,防御反击,技能石,
3685,25,491,魔能爆,技能石,
3686,25,38,冥想,血脉,
3687,25,68,升龙咆哮,血脉,
3688,25,176,掩护,血脉,
3689,25,192,星星撞击,血脉,
3690,25,218,毒沼,血脉,
3691,25,232,水弹枪,血脉,
3692,25,254,淤泥表皮,血脉,
3693,25,268,火焰护盾,血脉,
3694,25,329,离子震荡,血脉,
3695,25,336,等价交换,血脉,
3696,25,380,虚化,血脉,
3697,25,391,虹光冲击,血脉,
3698,25,393,蜡质膜,血脉,
3699,25,406,贯手,血脉,
3700,25,460,集中,血脉,
3701,25,461,雪替身,血脉,
3702,25,475,风墙,血脉,
3703,25,488,魅惑,血脉,
3704,25,81,后发制人,默认,21
3705,25,113,天洪,默认,38
3706,25,225,气泡,默认,8
3707,25,228,水光冲击,默认,26
3708,25,234,水泡盾,默认,24
3709,25,236,水炮,默认,34
3710,25,237,水环,默认,46
3711,25,243,泡沫幻影,默认,37
3712,25,247,洗礼,默认,12
3713,25,355,肥皂泡,默认,1
3714,25,372,落雨,默认,32
3715,25,451,防御,默认,1
3716,25,489,魔法增效,默认,6
3717,165,2,三连破,技能石,
3718,165,10,乘胜追击,技能石,
3719,165,21,伺机而动,技能石,
3720,165,59,刺藤,技能石,
3721,165,79,叶绿光束,技能石,
3722,165,104,埋伏,技能石,
3723,165,131,应激反应,技能石,
3724,165,167,抽枝,技能石,
3725,165,285,热身运动,技能石,
3726,165,324,碰爪,技能石,
3727,165,354,聚盐,技能石,
3728,165,359,能量炮,技能石,
3729,165,364,花炮,技能石,
3730,165,423,连续爪击,技能石,
3731,165,480,飞吻,技能石,
3732,165,502,龙卷风,技能石,
3733,165,47,冰爪,血脉,
3734,165,68,升龙咆哮,血脉,
3735,165,94,噬心,血脉,
3736,165,150,恶能量,血脉,
3737,165,191,星云漩涡,血脉,
3738,165,192,星星撞击,血脉,
3739,165,211,械斗,血脉,
3740,165,218,毒沼,血脉,
3741,165,242,泡沫,血脉,
3742,165,266,火焰冲锋,血脉,
3743,165,273,灵媒,血脉,
3744,165,296,球状闪电,血脉,
3745,165,343,缠丝劲,血脉,
3746,165,367,荆棘爪,血脉,
3747,165,416,跺地,血脉,
3748,165,430,透射,血脉,
3749,165,476,风矢,血脉,
3750,165,488,魅惑,血脉,
3751,165,90,啄击,默认,1
3752,165,97,回旋风暴,默认,41
3753,165,108,复写,默认,5
3754,165,142,快速移动,默认,39
3755,165,187,旋转突击,默认,28
3756,165,198,暴风眼,默认,27
3757,165,294,猛烈撞击,默认,6
3758,165,305,疾风刺,默认,34
3759,165,345,羽刃,默认,49
3760,165,346,羽化加速,默认,33
3761,165,350,翼击,默认,47
3762,165,426,追打,默认,50
3763,165,451,防御,默认,1
3764,165,470,音波弹,默认,23
3765,165,489,魔法增效,默认,13
3766,166,2,三连破,技能石,
3767,166,10,乘胜追击,技能石,
3768,166,21,伺机而动,技能石,
3769,166,59,刺藤,技能石,
3770,166,79,叶绿光束,技能石,
3771,166,104,埋伏,技能石,
3772,166,131,应激反应,技能石,
3773,166,167,抽枝,技能石,
3774,166,285,热身运动,技能石,
3775,166,324,碰爪,技能石,
3776,166,354,聚盐,技能石,
3777,166,359,能量炮,技能石,
3778,166,364,花炮,技能石,
3779,166,423,连续爪击,技能石,
3780,166,480,飞吻,技能石,
3781,166,502,龙卷风,技能石,
3782,166,47,冰爪,血脉,
3783,166,68,升龙咆哮,血脉,
3784,166,94,噬心,血脉,
3785,166,150,恶能量,血脉,
3786,166,191,星云漩涡,血脉,
3787,166,192,星星撞击,血脉,
3788,166,211,械斗,血脉,
3789,166,218,毒沼,血脉,
3790,166,242,泡沫,血脉,
3791,166,266,火焰冲锋,血脉,
3792,166,273,灵媒,血脉,
3793,166,296,球状闪电,血脉,
3794,166,343,缠丝劲,血脉,
3795,166,367,荆棘爪,血脉,
3796,166,416,跺地,血脉,
3797,166,430,透射,血脉,
3798,166,476,风矢,血脉,
3799,166,488,魅惑,血脉,
3800,166,90,啄击,默认,1
3801,166,97,回旋风暴,默认,41
3802,166,108,复写,默认,5
3803,166,142,快速移动,默认,39
3804,166,187,旋转突击,默认,28
3805,166,198,暴风眼,默认,27
3806,166,294,猛烈撞击,默认,6
3807,166,305,疾风刺,默认,34
3808,166,345,羽刃,默认,49
3809,166,346,羽化加速,默认,33
3810,166,350,翼击,默认,47
3811,166,426,追打,默认,50
3812,166,451,防御,默认,1
3813,166,470,音波弹,默认,23
3814,166,489,魔法增效,默认,13
3815,167,2,三连破,技能石,
3816,167,10,乘胜追击,技能石,
3817,167,21,伺机而动,技能石,
3818,167,59,刺藤,技能石,
3819,167,79,叶绿光束,技能石,
3820,167,104,埋伏,技能石,
3821,167,131,应激反应,技能石,
3822,167,167,抽枝,技能石,
3823,167,285,热身运动,技能石,
3824,167,324,碰爪,技能石,
3825,167,354,聚盐,技能石,
3826,167,359,能量炮,技能石,
3827,167,364,花炮,技能石,
3828,167,423,连续爪击,技能石,
3829,167,480,飞吻,技能石,
3830,167,502,龙卷风,技能石,
3831,167,47,冰爪,血脉,
3832,167,68,升龙咆哮,血脉,
3833,167,94,噬心,血脉,
3834,167,150,恶能量,血脉,
3835,167,191,星云漩涡,血脉,
3836,167,192,星星撞击,血脉,
3837,167,211,械斗,血脉,
3838,167,218,毒沼,血脉,
3839,167,242,泡沫,血脉,
3840,167,266,火焰冲锋,血脉,
3841,167,273,灵媒,血脉,
3842,167,296,球状闪电,血脉,
3843,167,343,缠丝劲,血脉,
3844,167,367,荆棘爪,血脉,
3845,167,416,跺地,血脉,
3846,167,430,透射,血脉,
3847,167,476,风矢,血脉,
3848,167,488,魅惑,血脉,
3849,167,90,啄击,默认,1
3850,167,97,回旋风暴,默认,41
3851,167,108,复写,默认,5
3852,167,142,快速移动,默认,39
3853,167,187,旋转突击,默认,28
3854,167,198,暴风眼,默认,27
3855,167,294,猛烈撞击,默认,6
3856,167,305,疾风刺,默认,34
3857,167,345,羽刃,默认,49
3858,167,346,羽化加速,默认,33
3859,167,350,翼击,默认,47
3860,167,426,追打,默认,50
3861,167,451,防御,默认,1
3862,167,470,音波弹,默认,23
3863,167,489,魔法增效,默认,13
3864,498,13,二律背反,技能石,
3865,498,24,借用,技能石,
3866,498,72,双星,技能石,
3867,498,82,吓退,技能石,
3868,498,101,坍缩,技能石,
3869,498,108,复写,技能石,
3870,498,142,快速移动,技能石,
3871,498,193,星轨裂变,技能石,
3872,498,197,暗箱操作,技能石,
3873,498,215,欺诈契约,技能石,
3874,498,333,空间压迫,技能石,
3875,498,339,精神扰乱,技能石,
3876,498,402,诋毁,技能石,
3877,498,497,黑手,技能石,
3878,498,18,休息回复,血脉,
3879,498,27,假寐,血脉,
3880,498,67,化劲,血脉,
3881,498,68,升龙咆哮,血脉,
3882,498,139,徒长,血脉,
3883,498,150,恶能量,血脉,
3884,498,217,毒孢子,血脉,
3885,498,269,火焰箭,血脉,
3886,498,273,灵媒,血脉,
3887,498,297,甜心续航,血脉,
3888,498,346,羽化加速,血脉,
3889,498,375,蓄水,血脉,
3890,498,413,超维投射,血脉,
3891,498,416,跺地,血脉,
3892,498,430,透射,血脉,
3893,498,435,金属噪音,血脉,
3894,498,468,霜降,血脉,
3895,498,496,麻痹,血脉,
3896,498,37,入梦,默认,36
3897,498,66,勾魂,默认,1
3898,498,76,取念,默认,47
3899,498,93,嘲弄,默认,31
3900,498,130,幽灵爆发,默认,41
3901,498,146,恐吓,默认,9
3902,498,147,恶作剧,默认,48
3903,498,151,惊吓盒子,默认,50
3904,498,166,报复,默认,16
3905,498,182,撞鬼,默认,34
3906,498,183,操控,默认,12
3907,498,397,见招拆招,默认,26
3908,498,403,诡刺,默认,1
3909,498,451,防御,默认,1
3910,498,455,降灵,默认,39
3911,499,13,二律背反,技能石,
3912,499,24,借用,技能石,
3913,499,72,双星,技能石,
3914,499,82,吓退,技能石,
3915,499,101,坍缩,技能石,
3916,499,108,复写,技能石,
3917,499,142,快速移动,技能石,
3918,499,193,星轨裂变,技能石,
3919,499,197,暗箱操作,技能石,
3920,499,215,欺诈契约,技能石,
3921,499,333,空间压迫,技能石,
3922,499,339,精神扰乱,技能石,
3923,499,402,诋毁,技能石,
3924,499,497,黑手,技能石,
3925,499,18,休息回复,血脉,
3926,499,27,假寐,血脉,
3927,499,67,化劲,血脉,
3928,499,68,升龙咆哮,血脉,
3929,499,139,徒长,血脉,
3930,499,150,恶能量,血脉,
3931,499,217,毒孢子,血脉,
3932,499,269,火焰箭,血脉,
3933,499,273,灵媒,血脉,
3934,499,297,甜心续航,血脉,
3935,499,346,羽化加速,血脉,
3936,499,375,蓄水,血脉,
3937,499,413,超维投射,血脉,
3938,499,416,跺地,血脉,
3939,499,430,透射,血脉,
3940,499,435,金属噪音,血脉,
3941,499,468,霜降,血脉,
3942,499,496,麻痹,血脉,
3943,499,37,入梦,默认,36
3944,499,66,勾魂,默认,1
3945,499,76,取念,默认,47
3946,499,93,嘲弄,默认,31
3947,499,130,幽灵爆发,默认,41
3948,499,146,恐吓,默认,9
3949,499,147,恶作剧,默认,48
3950,499,151,惊吓盒子,默认,50
3951,499,166,报复,默认,16
3952,499,182,撞鬼,默认,34
3953,499,183,操控,默认,12
3954,499,397,见招拆招,默认,26
3955,499,403,诡刺,默认,1
3956,499,451,防御,默认,1
3957,499,455,降灵,默认,39
3958,204,18,休息回复,技能石,
3959,204,31,先发制人,技能石,
3960,204,82,吓退,技能石,
3961,204,108,复写,技能石,
3962,204,128,幻象,技能石,
3963,204,141,心灵洞悉,技能石,
3964,204,146,恐吓,技能石,
3965,204,166,报复,技能石,
3966,204,189,无畏之心,技能石,
3967,204,240,汲取,技能石,
3968,204,285,热身运动,技能石,
3969,204,340,纤维化,技能石,
3970,204,364,花炮,技能石,
3971,204,377,藤绞,技能石,
3972,204,433,酶浓度调整,技能石,
3973,204,472,顶端优势,技能石,
3974,204,68,升龙咆哮,血脉,
3975,204,74,反击拳,血脉,
3976,204,143,念力膨胀,血脉,
3977,204,176,掩护,血脉,
3978,204,218,毒沼,血脉,
3979,204,232,水弹枪,血脉,
3980,204,254,淤泥表皮,血脉,
3981,204,268,火焰护盾,血脉,
3982,204,329,离子震荡,血脉,
3983,204,336,等价交换,血脉,
3984,204,348,羽翼庇护,血脉,
3985,204,380,虚化,血脉,
3986,204,391,虹光冲击,血脉,
3987,204,393,蜡质膜,血脉,
3988,204,450,防反,血脉,
3989,204,460,集中,血脉,
3990,204,461,雪替身,血脉,
3991,204,488,魅惑,血脉,
3992,204,28,偷师,默认,1
3993,204,38,冥想,默认,38
3994,204,92,嗜痛,默认,19
3995,204,95,四维降解,默认,36
3996,204,109,多维击打,默认,35
3997,204,135,当头棒喝,默认,23
3998,204,191,星云漩涡,默认,7
3999,204,194,星链,默认,10
4000,204,335,突袭,默认,49
4001,204,351,耀眼,默认,1
4002,204,395,血气,默认,30
4003,204,399,触底强击,默认,29
4004,204,437,针状物,默认,13
4005,204,443,错乱,默认,39
4006,204,451,防御,默认,1
4007,4,24,借用,技能石,
4008,4,60,剧毒,技能石,
4009,4,111,天光,技能石,
4010,4,131,应激反应,技能石,
4011,4,178,摇篮曲,技能石,
4012,4,195,晒太阳,技能石,
4013,4,217,毒孢子,技能石,
4014,4,218,毒沼,技能石,
4015,4,308,瘴气喷射,技能石,
4016,4,332,移花接木,技能石,
4017,4,339,精神扰乱,技能石,
4018,4,340,纤维化,技能石,
4019,4,361,腐化,技能石,
4020,4,362,腐蚀酸液,技能石,
4021,4,430,透射,技能石,
4022,4,434,重击,技能石,
4023,4,27,假寐,血脉,
4024,4,66,勾魂,血脉,
4025,4,67,化劲,血脉,
4026,4,68,升龙咆哮,血脉,
4027,4,91,啮合传递,血脉,
4028,4,132,引燃,血脉,
4029,4,192,星星撞击,血脉,
4030,4,246,泥浆铠甲,血脉,
4031,4,258,溃烂触碰,血脉,
4032,4,297,甜心续航,血脉,
4033,4,346,羽化加速,血脉,
4034,4,367,荆棘爪,血脉,
4035,4,375,蓄水,血脉,
4036,4,391,虹光冲击,血脉,
4037,4,404,贪婪,血脉,
4038,4,413,超维投射,血脉,
4039,4,468,霜降,血脉,
4040,4,496,麻痹,血脉,
4041,4,7,丰饶,默认,48
4042,4,15,仙人掌刺击,默认,42
4043,4,18,休息回复,默认,1
4044,4,34,光合作用,默认,49
4045,4,36,光能聚集,默认,50
4046,4,79,叶绿光束,默认,17
4047,4,115,孢子,默认,36
4048,4,139,徒长,默认,12
4049,4,159,扫尾,默认,7
4050,4,162,抓挠,默认,1
4051,4,213,棘突,默认,6
4052,4,310,盛开,默认,30
4053,4,337,筛管奔流,默认,29
4054,4,377,藤绞,默认,8
4055,4,433,酶浓度调整,默认,21
4056,4,451,防御,默认,10
4057,3,24,借用,技能石,
4058,3,60,剧毒,技能石,
4059,3,111,天光,技能石,
4060,3,131,应激反应,技能石,
4061,3,178,摇篮曲,技能石,
4062,3,195,晒太阳,技能石,
4063,3,217,毒孢子,技能石,
4064,3,218,毒沼,技能石,
4065,3,308,瘴气喷射,技能石,
4066,3,332,移花接木,技能石,
4067,3,339,精神扰乱,技能石,
4068,3,340,纤维化,技能石,
4069,3,361,腐化,技能石,
4070,3,362,腐蚀酸液,技能石,
4071,3,430,透射,技能石,
4072,3,434,重击,技能石,
4073,3,27,假寐,血脉,
4074,3,66,勾魂,血脉,
4075,3,67,化劲,血脉,
4076,3,68,升龙咆哮,血脉,
4077,3,91,啮合传递,血脉,
4078,3,132,引燃,血脉,
4079,3,192,星星撞击,血脉,
4080,3,246,泥浆铠甲,血脉,
4081,3,258,溃烂触碰,血脉,
4082,3,297,甜心续航,血脉,
4083,3,346,羽化加速,血脉,
4084,3,367,荆棘爪,血脉,
4085,3,375,蓄水,血脉,
4086,3,391,虹光冲击,血脉,
4087,3,404,贪婪,血脉,
4088,3,413,超维投射,血脉,
4089,3,468,霜降,血脉,
4090,3,496,麻痹,血脉,
4091,3,7,丰饶,默认,48
4092,3,15,仙人掌刺击,默认,42
4093,3,18,休息回复,默认,1
4094,3,34,光合作用,默认,49
4095,3,36,光能聚集,默认,50
4096,3,79,叶绿光束,默认,17
4097,3,115,孢子,默认,36
4098,3,139,徒长,默认,12
4099,3,159,扫尾,默认,7
4100,3,162,抓挠,默认,1
4101,3,213,棘突,默认,6
4102,3,310,盛开,默认,30
4103,3,337,筛管奔流,默认,29
4104,3,377,藤绞,默认,8
4105,3,433,酶浓度调整,默认,21
4106,3,451,防御,默认,10
4107,454,25,倾泻,技能石,
4108,454,32,光之矛,技能石,
4109,454,62,力量增效,技能石,
4110,454,104,埋伏,技能石,
4111,454,108,复写,技能石,
4112,454,123,尾后针,技能石,
4113,454,149,恶意逃离,技能石,
4114,454,263,激怒,技能石,
4115,454,285,热身运动,技能石,
4116,454,362,腐蚀酸液,技能石,
4117,454,381,虫击,技能石,
4118,454,387,虫群过境,技能石,
4119,454,390,虫鸣,技能石,
4120,454,422,连续毒针,技能石,
4121,454,423,连续爪击,技能石,
4122,454,451,防御,技能石,
4123,454,454,阻断,技能石,
4124,454,458,隐藏条款,技能石,
4125,454,55,冷风,血脉,
4126,454,68,升龙咆哮,血脉,
4127,454,94,噬心,血脉,
4128,454,128,幻象,血脉,
4129,454,160,扬沙,血脉,
4130,454,164,折线冲击,血脉,
4131,454,169,拍击,血脉,
4132,454,191,星云漩涡,血脉,
4133,454,242,泡沫,血脉,
4134,454,258,溃烂触碰,血脉,
4135,454,266,火焰冲锋,血脉,
4136,454,296,球状闪电,血脉,
4137,454,329,离子震荡,血脉,
4138,454,343,缠丝劲,血脉,
4139,454,365,花香,血脉,
4140,454,402,诋毁,血脉,
4141,454,488,魅惑,血脉,
4142,454,495,鹰爪,血脉,
4143,454,31,先发制人,默认,36
4144,454,33,光刃,默认,40
4145,454,35,光球,默认,29
4146,454,61,力量吞噬,默认,30
4147,454,197,暗箱操作,默认,37
4148,454,260,漫反射,默认,26
4149,454,275,灾厄,默认,43
4150,454,293,牵连,默认,41
4151,454,394,蝙蝠,默认,17
4152,454,404,贪婪,默认,11
4153,454,414,跌落,默认,46
4154,454,419,过曝,默认,38
4155,454,424,迫害,默认,1
4156,454,489,魔法增效,默认,1
4157,454,497,黑手,默认,5
4158,268,58,刺盾,技能石,
4159,268,76,取念,技能石,
4160,268,92,嗜痛,技能石,
4161,268,158,打鼾,技能石,
4162,268,189,无畏之心,技能石,
4163,268,211,械斗,技能石,
4164,268,212,棘刺,技能石,
4165,268,228,水光冲击,技能石,
4166,268,229,水刃,技能石,
4167,268,374,蓄势待发,技能石,
4168,268,395,血气,技能石,
4169,268,415,践踏,技能石,
4170,268,426,追打,技能石,
4171,268,427,退化,技能石,
4172,268,432,遁地,技能石,
4173,268,435,金属噪音,技能石,
4174,268,38,冥想,血脉,
4175,268,68,升龙咆哮,血脉,
4176,268,74,反击拳,血脉,
4177,268,176,掩护,血脉,
4178,268,232,水弹枪,血脉,
4179,268,258,溃烂触碰,血脉,
4180,268,268,火焰护盾,血脉,
4181,268,329,离子震荡,血脉,
4182,268,336,等价交换,血脉,
4183,268,380,虚化,血脉,
4184,268,391,虹光冲击,血脉,
4185,268,393,蜡质膜,血脉,
4186,268,416,跺地,血脉,
4187,268,450,防反,血脉,
4188,268,460,集中,血脉,
4189,268,461,雪替身,血脉,
4190,268,475,风墙,血脉,
4191,268,488,魅惑,血脉,
4192,268,84,吨位压制,默认,31
4193,268,99,地陷,默认,50
4194,268,125,岩土暴击,默认,41
4195,268,165,抛石,默认,49
4196,268,225,气泡,默认,24
4197,268,234,水泡盾,默认,33
4198,268,237,水环,默认,46
4199,268,241,沙涌,默认,12
4200,268,242,泡沫,默认,1
4201,268,262,潮涌,默认,17
4202,268,283,热砂,默认,5
4203,268,320,硬化,默认,23
4204,268,375,蓄水,默认,4
4205,268,451,防御,默认,1
4206,268,457,陨石,默认,36
4207,269,58,刺盾,技能石,
4208,269,76,取念,技能石,
4209,269,92,嗜痛,技能石,
4210,269,158,打鼾,技能石,
4211,269,189,无畏之心,技能石,
4212,269,211,械斗,技能石,
4213,269,212,棘刺,技能石,
4214,269,228,水光冲击,技能石,
4215,269,229,水刃,技能石,
4216,269,374,蓄势待发,技能石,
4217,269,395,血气,技能石,
4218,269,415,践踏,技能石,
4219,269,426,追打,技能石,
4220,269,427,退化,技能石,
4221,269,432,遁地,技能石,
4222,269,435,金属噪音,技能石,
4223,269,38,冥想,血脉,
4224,269,68,升龙咆哮,血脉,
4225,269,74,反击拳,血脉,
4226,269,176,掩护,血脉,
4227,269,232,水弹枪,血脉,
4228,269,258,溃烂触碰,血脉,
4229,269,268,火焰护盾,血脉,
4230,269,329,离子震荡,血脉,
4231,269,336,等价交换,血脉,
4232,269,380,虚化,血脉,
4233,269,391,虹光冲击,血脉,
4234,269,393,蜡质膜,血脉,
4235,269,416,跺地,血脉,
4236,269,450,防反,血脉,
4237,269,460,集中,血脉,
4238,269,461,雪替身,血脉,
4239,269,475,风墙,血脉,
4240,269,488,魅惑,血脉,
4241,269,84,吨位压制,默认,35
4242,269,99,地陷,默认,49
4243,269,125,岩土暴击,默认,41
4244,269,165,抛石,默认,47
4245,269,225,气泡,默认,33
4246,269,234,水泡盾,默认,36
4247,269,237,水环,默认,44
4248,269,241,沙涌,默认,19
4249,269,242,泡沫,默认,1
4250,269,262,潮涌,默认,22
4251,269,283,热砂,默认,13
4252,269,320,硬化,默认,23
4253,269,375,蓄水,默认,5
4254,269,451,防御,默认,1
4255,269,457,陨石,默认,38
4256,100,82,吓退,技能石,
4257,100,131,应激反应,技能石,
4258,100,132,引燃,技能石,
4259,100,178,摇篮曲,技能石,
4260,100,190,易燃物质,技能石,
4261,100,195,晒太阳,技能石,
4262,100,263,激怒,技能石,
4263,100,278,炎枪,技能石,
4264,100,284,热身,技能石,
4265,100,285,热身运动,技能石,
4266,100,288,焚烧烙印,技能石,
4267,100,329,离子震荡,技能石,
4268,100,339,精神扰乱,技能石,
4269,100,418,轴承支撑,技能石,
4270,100,18,休息回复,血脉,
4271,100,27,假寐,血脉,
4272,100,66,勾魂,血脉,
4273,100,67,化劲,血脉,
4274,100,68,升龙咆哮,血脉,
4275,100,91,啮合传递,血脉,
4276,100,139,徒长,血脉,
4277,100,218,毒沼,血脉,
4278,100,246,泥浆铠甲,血脉,
4279,100,269,火焰箭,血脉,
4280,100,297,甜心续航,血脉,
4281,100,346,羽化加速,血脉,
4282,100,375,蓄水,血脉,
4283,100,391,虹光冲击,血脉,
4284,100,404,贪婪,血脉,
4285,100,413,超维投射,血脉,
4286,100,468,霜降,血脉,
4287,100,496,麻痹,血脉,
4288,100,16,以毒攻毒,默认,27
4289,100,60,剧毒,默认,49
4290,100,76,取念,默认,5
4291,100,169,拍击,默认,12
4292,100,217,毒孢子,默认,16
4293,100,219,毒泡泡,默认,1
4294,100,220,毒液渗透,默认,39
4295,100,222,毒雾,默认,38
4296,100,304,疫病吐息,默认,34
4297,100,308,瘴气喷射,默认,30
4298,100,362,腐蚀酸液,默认,23
4299,100,369,落井下毒,默认,35
4300,100,451,防御,默认,1
4301,101,82,吓退,技能石,
4302,101,131,应激反应,技能石,
4303,101,132,引燃,技能石,
4304,101,178,摇篮曲,技能石,
4305,101,190,易燃物质,技能石,
4306,101,195,晒太阳,技能石,
4307,101,263,激怒,技能石,
4308,101,278,炎枪,技能石,
4309,101,284,热身,技能石,
4310,101,285,热身运动,技能石,
4311,101,288,焚烧烙印,技能石,
4312,101,329,离子震荡,技能石,
4313,101,339,精神扰乱,技能石,
4314,101,418,轴承支撑,技能石,
4315,101,18,休息回复,血脉,
4316,101,27,假寐,血脉,
4317,101,66,勾魂,血脉,
4318,101,67,化劲,血脉,
4319,101,68,升龙咆哮,血脉,
4320,101,91,啮合传递,血脉,
4321,101,139,徒长,血脉,
4322,101,218,毒沼,血脉,
4323,101,246,泥浆铠甲,血脉,
4324,101,269,火焰箭,血脉,
4325,101,297,甜心续航,血脉,
4326,101,346,羽化加速,血脉,
4327,101,375,蓄水,血脉,
4328,101,391,虹光冲击,血脉,
4329,101,404,贪婪,血脉,
4330,101,413,超维投射,血脉,
4331,101,468,霜降,血脉,
4332,101,496,麻痹,血脉,
4333,101,16,以毒攻毒,默认,27
4334,101,60,剧毒,默认,49
4335,101,76,取念,默认,5
4336,101,169,拍击,默认,12
4337,101,217,毒孢子,默认,16
4338,101,219,毒泡泡,默认,1
4339,101,220,毒液渗透,默认,39
4340,101,222,毒雾,默认,38
4341,101,304,疫病吐息,默认,34
4342,101,308,瘴气喷射,默认,30
4343,101,362,腐蚀酸液,默认,23
4344,101,369,落井下毒,默认,35
4345,101,451,防御,默认,1
4346,399,25,倾泻,技能石,
4347,399,62,力量增效,技能石,
4348,399,76,取念,技能石,
4349,399,91,啮合传递,技能石,
4350,399,195,晒太阳,技能石,
4351,399,203,杠杆置换,技能石,
4352,399,305,疾风刺,技能石,
4353,399,339,精神扰乱,技能石,
4354,399,341,绵里藏针,技能石,
4355,399,410,超导加速,技能石,
4356,399,418,轴承支撑,技能石,
4357,399,447,闪击,技能石,
4358,399,451,防御,技能石,
4359,399,454,阻断,技能石,
4360,399,496,麻痹,技能石,
4361,399,501,龙之利爪,技能石,
4362,399,68,升龙咆哮,血脉,
4363,399,94,噬心,血脉,
4364,399,128,幻象,血脉,
4365,399,150,恶能量,血脉,
4366,399,160,扬沙,血脉,
4367,399,169,拍击,血脉,
4368,399,191,星云漩涡,血脉,
4369,399,242,泡沫,血脉,
4370,399,258,溃烂触碰,血脉,
4371,399,266,火焰冲锋,血脉,
4372,399,329,离子震荡,血脉,
4373,399,343,缠丝劲,血脉,
4374,399,365,花香,血脉,
4375,399,391,虹光冲击,血脉,
4376,399,400,触电,血脉,
4377,399,468,霜降,血脉,
4378,399,476,风矢,血脉,
4379,399,488,魅惑,血脉,
4380,399,14,交叉闪电,默认,1
4381,399,97,回旋风暴,默认,17
4382,399,106,增程电池,默认,12
4383,399,112,天旋地转,默认,25
4384,399,133,引雷,默认,34
4385,399,134,强制重启,默认,40
4386,399,155,扇风,默认,9
4387,399,198,暴风眼,默认,23
4388,399,300,电弧,默认,1
4389,399,345,羽刃,默认,39
4390,399,346,羽化加速,默认,28
4391,399,350,翼击,默认,35
4392,399,420,过载回路,默认,3
4393,399,489,魔法增效,默认,1
4394,399,502,龙卷风,默认,47
4395,280,9,主轴,技能石,
4396,280,66,勾魂,技能石,
4397,280,76,取念,技能石,
4398,280,93,嘲弄,技能石,
4399,280,142,快速移动,技能石,
4400,280,146,恐吓,技能石,
4401,280,147,恶作剧,技能石,
4402,280,183,操控,技能石,
4403,280,203,杠杆置换,技能石,
4404,280,212,棘刺,技能石,
4405,280,273,灵媒,技能石,
4406,280,339,精神扰乱,技能石,
4407,280,489,魔法增效,技能石,
4408,280,18,休息回复,血脉,
4409,280,27,假寐,血脉,
4410,280,67,化劲,血脉,
4411,280,68,升龙咆哮,血脉,
4412,280,91,啮合传递,血脉,
4413,280,132,引燃,血脉,
4414,280,139,徒长,血脉,
4415,280,217,毒孢子,血脉,
4416,280,232,水弹枪,血脉,
4417,280,246,泥浆铠甲,血脉,
4418,280,297,甜心续航,血脉,
4419,280,346,羽化加速,血脉,
4420,280,391,虹光冲击,血脉,
4421,280,404,贪婪,血脉,
4422,280,413,超维投射,血脉,
4423,280,468,霜降,血脉,
4424,280,487,鬼火,血脉,
4425,280,496,麻痹,血脉,
4426,280,156,打湿,默认,16
4427,280,236,水炮,默认,26
4428,280,243,泡沫幻影,默认,21
4429,280,247,洗礼,默认,8
4430,280,252,涌泉,默认,35
4431,280,253,润泽,默认,33
4432,280,263,激怒,默认,1
4433,280,299,甩水,默认,1
4434,280,309,盐水浴,默认,50
4435,280,355,肥皂泡,默认,4
4436,280,372,落雨,默认,40
4437,280,401,许愿星,默认,12
4438,280,451,防御,默认,1
4439,261,93,嘲弄,技能石,
4440,261,108,复写,技能石,
4441,261,128,幻象,技能石,
4442,261,131,应激反应,技能石,
4443,261,142,快速移动,技能石,
4444,261,151,惊吓盒子,技能石,
4445,261,152,感染病,技能石,
4446,261,179,撒娇,技能石,
4447,261,195,晒太阳,技能石,
4448,261,263,激怒,技能石,
4449,261,324,碰爪,技能石,
4450,261,382,虫刺,技能石,
4451,261,387,虫群过境,技能石,
4452,261,390,虫鸣,技能石,
4453,261,423,连续爪击,技能石,
4454,261,451,防御,技能石,
4455,261,55,冷风,血脉,
4456,261,68,升龙咆哮,血脉,
4457,261,123,尾后针,血脉,
4458,261,150,恶能量,血脉,
4459,261,160,扬沙,血脉,
4460,261,169,拍击,血脉,
4461,261,191,星云漩涡,血脉,
4462,261,218,毒沼,血脉,
4463,261,242,泡沫,血脉,
4464,261,266,火焰冲锋,血脉,
4465,261,273,灵媒,血脉,
4466,261,296,球状闪电,血脉,
4467,261,329,离子震荡,血脉,
4468,261,343,缠丝劲,血脉,
4469,261,365,花香,血脉,
4470,261,391,虹光冲击,血脉,
4471,261,488,魅惑,血脉,
4472,261,495,鹰爪,血脉,
4473,261,16,以毒攻毒,默认,4
4474,261,62,力量增效,默认,11
4475,261,89,啃咬,默认,7
4476,261,216,毒囊,默认,38
4477,261,219,毒泡泡,默认,29
4478,261,220,毒液渗透,默认,48
4479,261,221,毒针,默认,17
4480,261,362,腐蚀酸液,默认,37
4481,261,369,落井下毒,默认,30
4482,261,370,落星,默认,36
4483,261,381,虫击,默认,49
4484,261,384,虫网,默认,1
4485,261,388,虫茧,默认,1
4486,261,392,蛰针,默认,1
4487,261,405,贮藏,默认,22
4488,350,25,倾泻,技能石,
4489,350,40,冰冻光线,技能石,
4490,350,66,勾魂,技能石,
4491,350,72,双星,技能石,
4492,350,101,坍缩,技能石,
4493,350,108,复写,技能石,
4494,350,130,幽灵爆发,技能石,
4495,350,146,恐吓,技能石,
4496,350,151,惊吓盒子,技能石,
4497,350,195,晒太阳,技能石,
4498,350,298,生日蛋糕,技能石,
4499,350,318,破罐破摔,技能石,
4500,350,339,精神扰乱,技能石,
4501,350,403,诡刺,技能石,
4502,350,412,超级糖果,技能石,
4503,350,454,阻断,技能石,
4504,350,47,冰爪,血脉,
4505,350,68,升龙咆哮,血脉,
4506,350,123,尾后针,血脉,
4507,350,192,星星撞击,血脉,
4508,350,218,毒沼,血脉,
4509,350,270,火爪,血脉,
4510,350,273,灵媒,血脉,
4511,350,325,磁干扰,血脉,
4512,350,329,离子震荡,血脉,
4513,350,355,肥皂泡,血脉,
4514,350,367,荆棘爪,血脉,
4515,350,391,虹光冲击,血脉,
4516,350,406,贯手,血脉,
4517,350,416,跺地,血脉,
4518,350,437,针状物,血脉,
4519,350,476,风矢,血脉,
4520,350,480,飞吻,血脉,
4521,350,497,黑手,血脉,
4522,350,45,冰晶坠,默认,22
4523,350,46,冰点,默认,37
4524,350,50,冰锋横扫,默认,40
4525,350,52,冰雹,默认,45
4526,350,62,力量增效,默认,26
4527,350,119,寒风吹,默认,8
4528,350,187,旋转突击,默认,29
4529,350,199,暴风雪,默认,11
4530,350,204,极寒领域,默认,48
4531,350,322,碎冰冰,默认,36
4532,350,451,防御,默认,1
4533,350,464,雾气环绕,默认,17
4534,350,467,霜天,默认,35
4535,350,468,霜降,默认,1
4536,350,474,风吹雪,默认,1
4537,350,489,魔法增效,默认,9
4538,351,25,倾泻,技能石,
4539,351,40,冰冻光线,技能石,
4540,351,66,勾魂,技能石,
4541,351,72,双星,技能石,
4542,351,101,坍缩,技能石,
4543,351,108,复写,技能石,
4544,351,130,幽灵爆发,技能石,
4545,351,146,恐吓,技能石,
4546,351,151,惊吓盒子,技能石,
4547,351,195,晒太阳,技能石,
4548,351,298,生日蛋糕,技能石,
4549,351,318,破罐破摔,技能石,
4550,351,339,精神扰乱,技能石,
4551,351,403,诡刺,技能石,
4552,351,412,超级糖果,技能石,
4553,351,454,阻断,技能石,
4554,351,47,冰爪,血脉,
4555,351,68,升龙咆哮,血脉,
4556,351,123,尾后针,血脉,
4557,351,192,星星撞击,血脉,
4558,351,218,毒沼,血脉,
4559,351,270,火爪,血脉,
4560,351,273,灵媒,血脉,
4561,351,325,磁干扰,血脉,
4562,351,329,离子震荡,血脉,
4563,351,355,肥皂泡,血脉,
4564,351,367,荆棘爪,血脉,
4565,351,391,虹光冲击,血脉,
4566,351,406,贯手,血脉,
4567,351,416,跺地,血脉,
4568,351,437,针状物,血脉,
4569,351,476,风矢,血脉,
4570,351,480,飞吻,血脉,
4571,351,497,黑手,血脉,
4572,351,45,冰晶坠,默认,22
4573,351,46,冰点,默认,37
4574,351,50,冰锋横扫,默认,40
4575,351,52,冰雹,默认,45
4576,351,62,力量增效,默认,26
4577,351,119,寒风吹,默认,8
4578,351,187,旋转突击,默认,29
4579,351,199,暴风雪,默认,11
4580,351,204,极寒领域,默认,48
4581,351,322,碎冰冰,默认,36
4582,351,451,防御,默认,1
4583,351,464,雾气环绕,默认,17
4584,351,467,霜天,默认,35
4585,351,468,霜降,默认,1
4586,351,474,风吹雪,默认,1
4587,351,489,魔法增效,默认,9
4588,352,25,倾泻,技能石,
4589,352,40,冰冻光线,技能石,
4590,352,66,勾魂,技能石,
4591,352,72,双星,技能石,
4592,352,101,坍缩,技能石,
4593,352,108,复写,技能石,
4594,352,130,幽灵爆发,技能石,
4595,352,146,恐吓,技能石,
4596,352,151,惊吓盒子,技能石,
4597,352,195,晒太阳,技能石,
4598,352,298,生日蛋糕,技能石,
4599,352,318,破罐破摔,技能石,
4600,352,339,精神扰乱,技能石,
4601,352,403,诡刺,技能石,
4602,352,412,超级糖果,技能石,
4603,352,454,阻断,技能石,
4604,352,47,冰爪,血脉,
4605,352,68,升龙咆哮,血脉,
4606,352,123,尾后针,血脉,
4607,352,192,星星撞击,血脉,
4608,352,218,毒沼,血脉,
4609,352,270,火爪,血脉,
4610,352,273,灵媒,血脉,
4611,352,325,磁干扰,血脉,
4612,352,329,离子震荡,血脉,
4613,352,355,肥皂泡,血脉,
4614,352,367,荆棘爪,血脉,
4615,352,391,虹光冲击,血脉,
4616,352,406,贯手,血脉,
4617,352,416,跺地,血脉,
4618,352,437,针状物,血脉,
4619,352,476,风矢,血脉,
4620,352,480,飞吻,血脉,
4621,352,497,黑手,血脉,
4622,352,45,冰晶坠,默认,22
4623,352,46,冰点,默认,37
4624,352,50,冰锋横扫,默认,40
4625,352,52,冰雹,默认,45
4626,352,62,力量增效,默认,26
4627,352,119,寒风吹,默认,8
4628,352,187,旋转突击,默认,29
4629,352,199,暴风雪,默认,11
4630,352,204,极寒领域,默认,48
4631,352,322,碎冰冰,默认,36
4632,352,451,防御,默认,1
4633,352,464,雾气环绕,默认,17
4634,352,467,霜天,默认,35
4635,352,468,霜降,默认,1
4636,352,474,风吹雪,默认,1
4637,352,489,魔法增效,默认,9
4638,353,25,倾泻,技能石,
4639,353,40,冰冻光线,技能石,
4640,353,66,勾魂,技能石,
4641,353,72,双星,技能石,
4642,353,101,坍缩,技能石,
4643,353,108,复写,技能石,
4644,353,130,幽灵爆发,技能石,
4645,353,146,恐吓,技能石,
4646,353,151,惊吓盒子,技能石,
4647,353,195,晒太阳,技能石,
4648,353,298,生日蛋糕,技能石,
4649,353,318,破罐破摔,技能石,
4650,353,339,精神扰乱,技能石,
4651,353,403,诡刺,技能石,
4652,353,412,超级糖果,技能石,
4653,353,454,阻断,技能石,
4654,353,47,冰爪,血脉,
4655,353,68,升龙咆哮,血脉,
4656,353,123,尾后针,血脉,
4657,353,192,星星撞击,血脉,
4658,353,218,毒沼,血脉,
4659,353,270,火爪,血脉,
4660,353,273,灵媒,血脉,
4661,353,325,磁干扰,血脉,
4662,353,329,离子震荡,血脉,
4663,353,355,肥皂泡,血脉,
4664,353,367,荆棘爪,血脉,
4665,353,391,虹光冲击,血脉,
4666,353,406,贯手,血脉,
4667,353,416,跺地,血脉,
4668,353,437,针状物,血脉,
4669,353,476,风矢,血脉,
4670,353,480,飞吻,血脉,
4671,353,497,黑手,血脉,
4672,353,45,冰晶坠,默认,22
4673,353,46,冰点,默认,37
4674,353,50,冰锋横扫,默认,40
4675,353,52,冰雹,默认,45
4676,353,62,力量增效,默认,26
4677,353,119,寒风吹,默认,8
4678,353,187,旋转突击,默认,29
4679,353,199,暴风雪,默认,11
4680,353,204,极寒领域,默认,48
4681,353,322,碎冰冰,默认,36
4682,353,451,防御,默认,1
4683,353,464,雾气环绕,默认,17
4684,353,467,霜天,默认,35
4685,353,468,霜降,默认,1
4686,353,474,风吹雪,默认,1
4687,353,489,魔法增效,默认,9
4688,354,25,倾泻,技能石,
4689,354,40,冰冻光线,技能石,
4690,354,66,勾魂,技能石,
4691,354,72,双星,技能石,
4692,354,101,坍缩,技能石,
4693,354,108,复写,技能石,
4694,354,130,幽灵爆发,技能石,
4695,354,146,恐吓,技能石,
4696,354,151,惊吓盒子,技能石,
4697,354,195,晒太阳,技能石,
4698,354,298,生日蛋糕,技能石,
4699,354,318,破罐破摔,技能石,
4700,354,339,精神扰乱,技能石,
4701,354,403,诡刺,技能石,
4702,354,412,超级糖果,技能石,
4703,354,454,阻断,技能石,
4704,354,47,冰爪,血脉,
4705,354,68,升龙咆哮,血脉,
4706,354,123,尾后针,血脉,
4707,354,192,星星撞击,血脉,
4708,354,218,毒沼,血脉,
4709,354,270,火爪,血脉,
4710,354,273,灵媒,血脉,
4711,354,325,磁干扰,血脉,
4712,354,329,离子震荡,血脉,
4713,354,355,肥皂泡,血脉,
4714,354,367,荆棘爪,血脉,
4715,354,391,虹光冲击,血脉,
4716,354,406,贯手,血脉,
4717,354,416,跺地,血脉,
4718,354,437,针状物,血脉,
4719,354,476,风矢,血脉,
4720,354,480,飞吻,血脉,
4721,354,497,黑手,血脉,
4722,354,45,冰晶坠,默认,22
4723,354,46,冰点,默认,37
4724,354,50,冰锋横扫,默认,40
4725,354,52,冰雹,默认,45
4726,354,62,力量增效,默认,26
4727,354,119,寒风吹,默认,8
4728,354,187,旋转突击,默认,29
4729,354,199,暴风雪,默认,11
4730,354,204,极寒领域,默认,48
4731,354,322,碎冰冰,默认,36
4732,354,451,防御,默认,1
4733,354,464,雾气环绕,默认,17
4734,354,467,霜天,默认,35
4735,354,468,霜降,默认,1
4736,354,474,风吹雪,默认,1
4737,354,489,魔法增效,默认,9
4738,355,25,倾泻,技能石,
4739,355,40,冰冻光线,技能石,
4740,355,66,勾魂,技能石,
4741,355,72,双星,技能石,
4742,355,101,坍缩,技能石,
4743,355,108,复写,技能石,
4744,355,130,幽灵爆发,技能石,
4745,355,146,恐吓,技能石,
4746,355,151,惊吓盒子,技能石,
4747,355,195,晒太阳,技能石,
4748,355,298,生日蛋糕,技能石,
4749,355,318,破罐破摔,技能石,
4750,355,339,精神扰乱,技能石,
4751,355,403,诡刺,技能石,
4752,355,412,超级糖果,技能石,
4753,355,454,阻断,技能石,
4754,355,47,冰爪,血脉,
4755,355,68,升龙咆哮,血脉,
4756,355,123,尾后针,血脉,
4757,355,192,星星撞击,血脉,
4758,355,218,毒沼,血脉,
4759,355,270,火爪,血脉,
4760,355,273,灵媒,血脉,
4761,355,325,磁干扰,血脉,
4762,355,329,离子震荡,血脉,
4763,355,355,肥皂泡,血脉,
4764,355,367,荆棘爪,血脉,
4765,355,391,虹光冲击,血脉,
4766,355,406,贯手,血脉,
4767,355,416,跺地,血脉,
4768,355,437,针状物,血脉,
4769,355,476,风矢,血脉,
4770,355,480,飞吻,血脉,
4771,355,497,黑手,血脉,
4772,355,45,冰晶坠,默认,22
4773,355,46,冰点,默认,37
4774,355,50,冰锋横扫,默认,40
4775,355,52,冰雹,默认,45
4776,355,62,力量增效,默认,26
4777,355,119,寒风吹,默认,8
4778,355,187,旋转突击,默认,29
4779,355,199,暴风雪,默认,11
4780,355,204,极寒领域,默认,48
4781,355,322,碎冰冰,默认,36
4782,355,451,防御,默认,1
4783,355,464,雾气环绕,默认,17
4784,355,467,霜天,默认,35
4785,355,468,霜降,默认,1
4786,355,474,风吹雪,默认,1
4787,355,489,魔法增效,默认,9
4788,356,25,倾泻,技能石,
4789,356,40,冰冻光线,技能石,
4790,356,66,勾魂,技能石,
4791,356,72,双星,技能石,
4792,356,101,坍缩,技能石,
4793,356,108,复写,技能石,
4794,356,130,幽灵爆发,技能石,
4795,356,146,恐吓,技能石,
4796,356,151,惊吓盒子,技能石,
4797,356,195,晒太阳,技能石,
4798,356,298,生日蛋糕,技能石,
4799,356,318,破罐破摔,技能石,
4800,356,339,精神扰乱,技能石,
4801,356,403,诡刺,技能石,
4802,356,412,超级糖果,技能石,
4803,356,454,阻断,技能石,
4804,356,47,冰爪,血脉,
4805,356,68,升龙咆哮,血脉,
4806,356,123,尾后针,血脉,
4807,356,192,星星撞击,血脉,
4808,356,218,毒沼,血脉,
4809,356,270,火爪,血脉,
4810,356,273,灵媒,血脉,
4811,356,325,磁干扰,血脉,
4812,356,329,离子震荡,血脉,
4813,356,355,肥皂泡,血脉,
4814,356,367,荆棘爪,血脉,
4815,356,391,虹光冲击,血脉,
4816,356,406,贯手,血脉,
4817,356,416,跺地,血脉,
4818,356,437,针状物,血脉,
4819,356,476,风矢,血脉,
4820,356,480,飞吻,血脉,
4821,356,497,黑手,血脉,
4822,356,45,冰晶坠,默认,22
4823,356,46,冰点,默认,37
4824,356,50,冰锋横扫,默认,40
4825,356,52,冰雹,默认,45
4826,356,62,力量增效,默认,26
4827,356,119,寒风吹,默认,8
4828,356,187,旋转突击,默认,29
4829,356,199,暴风雪,默认,11
4830,356,204,极寒领域,默认,48
4831,356,322,碎冰冰,默认,36
4832,356,451,防御,默认,1
4833,356,464,雾气环绕,默认,17
4834,356,467,霜天,默认,35
4835,356,468,霜降,默认,1
4836,356,474,风吹雪,默认,1
4837,356,489,魔法增效,默认,9
4838,357,25,倾泻,技能石,
4839,357,40,冰冻光线,技能石,
4840,357,66,勾魂,技能石,
4841,357,72,双星,技能石,
4842,357,101,坍缩,技能石,
4843,357,108,复写,技能石,
4844,357,130,幽灵爆发,技能石,
4845,357,146,恐吓,技能石,
4846,357,151,惊吓盒子,技能石,
4847,357,195,晒太阳,技能石,
4848,357,298,生日蛋糕,技能石,
4849,357,318,破罐破摔,技能石,
4850,357,339,精神扰乱,技能石,
4851,357,403,诡刺,技能石,
4852,357,412,超级糖果,技能石,
4853,357,454,阻断,技能石,
4854,357,47,冰爪,血脉,
4855,357,68,升龙咆哮,血脉,
4856,357,123,尾后针,血脉,
4857,357,192,星星撞击,血脉,
4858,357,218,毒沼,血脉,
4859,357,270,火爪,血脉,
4860,357,273,灵媒,血脉,
4861,357,325,磁干扰,血脉,
4862,357,329,离子震荡,血脉,
4863,357,355,肥皂泡,血脉,
4864,357,367,荆棘爪,血脉,
4865,357,391,虹光冲击,血脉,
4866,357,406,贯手,血脉,
4867,357,416,跺地,血脉,
4868,357,437,针状物,血脉,
4869,357,476,风矢,血脉,
4870,357,480,飞吻,血脉,
4871,357,497,黑手,血脉,
4872,357,45,冰晶坠,默认,22
4873,357,46,冰点,默认,37
4874,357,50,冰锋横扫,默认,40
4875,357,52,冰雹,默认,45
4876,357,62,力量增效,默认,26
4877,357,119,寒风吹,默认,8
4878,357,187,旋转突击,默认,29
4879,357,199,暴风雪,默认,11
4880,357,204,极寒领域,默认,48
4881,357,322,碎冰冰,默认,36
4882,357,451,防御,默认,1
4883,357,464,雾气环绕,默认,17
4884,357,467,霜天,默认,35
4885,357,468,霜降,默认,1
4886,357,474,风吹雪,默认,1
4887,357,489,魔法增效,默认,9
4888,358,25,倾泻,技能石,
4889,358,40,冰冻光线,技能石,
4890,358,66,勾魂,技能石,
4891,358,72,双星,技能石,
4892,358,101,坍缩,技能石,
4893,358,108,复写,技能石,
4894,358,130,幽灵爆发,技能石,
4895,358,146,恐吓,技能石,
4896,358,151,惊吓盒子,技能石,
4897,358,195,晒太阳,技能石,
4898,358,298,生日蛋糕,技能石,
4899,358,318,破罐破摔,技能石,
4900,358,339,精神扰乱,技能石,
4901,358,403,诡刺,技能石,
4902,358,412,超级糖果,技能石,
4903,358,454,阻断,技能石,
4904,358,47,冰爪,血脉,
4905,358,68,升龙咆哮,血脉,
4906,358,123,尾后针,血脉,
4907,358,192,星星撞击,血脉,
4908,358,218,毒沼,血脉,
4909,358,270,火爪,血脉,
4910,358,273,灵媒,血脉,
4911,358,325,磁干扰,血脉,
4912,358,329,离子震荡,血脉,
4913,358,355,肥皂泡,血脉,
4914,358,367,荆棘爪,血脉,
4915,358,391,虹光冲击,血脉,
4916,358,406,贯手,血脉,
4917,358,416,跺地,血脉,
4918,358,437,针状物,血脉,
4919,358,476,风矢,血脉,
4920,358,480,飞吻,血脉,
4921,358,497,黑手,血脉,
4922,358,45,冰晶坠,默认,22
4923,358,46,冰点,默认,37
4924,358,50,冰锋横扫,默认,40
4925,358,52,冰雹,默认,45
4926,358,62,力量增效,默认,26
4927,358,119,寒风吹,默认,8
4928,358,187,旋转突击,默认,29
4929,358,199,暴风雪,默认,11
4930,358,204,极寒领域,默认,48
4931,358,322,碎冰冰,默认,36
4932,358,451,防御,默认,1
4933,358,464,雾气环绕,默认,17
4934,358,467,霜天,默认,35
4935,358,468,霜降,默认,1
4936,358,474,风吹雪,默认,1
4937,358,489,魔法增效,默认,9
4938,416,29,偷袭,技能石,
4939,416,45,冰晶坠,技能石,
4940,416,47,冰爪,技能石,
4941,416,76,取念,技能石,
4942,416,99,地陷,技能石,
4943,416,111,天光,技能石,
4944,416,131,应激反应,技能石,
4945,416,201,有效预防,技能石,
4946,416,260,漫反射,技能石,
4947,416,360,脉冲光线,技能石,
4948,416,401,许愿星,技能石,
4949,416,426,追打,技能石,
4950,416,440,钧势,技能石,
4951,416,446,闪光冲击,技能石,
4952,416,457,陨石,技能石,
4953,416,493,鸣沙陷阱,技能石,
4954,416,55,冷风,血脉,
4955,416,68,升龙咆哮,血脉,
4956,416,94,噬心,血脉,
4957,416,150,恶能量,血脉,
4958,416,191,星云漩涡,血脉,
4959,416,192,星星撞击,血脉,
4960,416,218,毒沼,血脉,
4961,416,242,泡沫,血脉,
4962,416,266,火焰冲锋,血脉,
4963,416,273,灵媒,血脉,
4964,416,296,球状闪电,血脉,
4965,416,324,碰爪,血脉,
4966,416,329,离子震荡,血脉,
4967,416,343,缠丝劲,血脉,
4968,416,365,花香,血脉,
4969,416,416,跺地,血脉,
4970,416,430,透射,血脉,
4971,416,476,风矢,血脉,
4972,416,9,主轴,默认,29
4973,416,18,休息回复,默认,18
4974,416,31,先发制人,默认,12
4975,416,62,力量增效,默认,27
4976,416,91,啮合传递,默认,10
4977,416,211,械斗,默认,1
4978,416,326,磁暴,默认,36
4979,416,353,联动装置,默认,49
4980,416,418,轴承支撑,默认,38
4981,416,435,金属噪音,默认,7
4982,416,438,钢钻,默认,40
4983,416,451,防御,默认,1
4984,416,489,魔法增效,默认,1
4985,416,498,鼓劲,默认,35
4986,416,499,齿轮切开,默认,50
4987,416,500,齿轮扭矩,默认,23
4988,415,29,偷袭,技能石,
4989,415,45,冰晶坠,技能石,
4990,415,47,冰爪,技能石,
4991,415,76,取念,技能石,
4992,415,99,地陷,技能石,
4993,415,111,天光,技能石,
4994,415,131,应激反应,技能石,
4995,415,201,有效预防,技能石,
4996,415,260,漫反射,技能石,
4997,415,360,脉冲光线,技能石,
4998,415,401,许愿星,技能石,
4999,415,426,追打,技能石,
5000,415,440,钧势,技能石,
5001,415,446,闪光冲击,技能石,
5002,415,457,陨石,技能石,
5003,415,493,鸣沙陷阱,技能石,
5004,415,55,冷风,血脉,
5005,415,68,升龙咆哮,血脉,
5006,415,94,噬心,血脉,
5007,415,150,恶能量,血脉,
5008,415,191,星云漩涡,血脉,
5009,415,192,星星撞击,血脉,
5010,415,218,毒沼,血脉,
5011,415,242,泡沫,血脉,
5012,415,266,火焰冲锋,血脉,
5013,415,273,灵媒,血脉,
5014,415,296,球状闪电,血脉,
5015,415,324,碰爪,血脉,
5016,415,329,离子震荡,血脉,
5017,415,343,缠丝劲,血脉,
5018,415,365,花香,血脉,
5019,415,416,跺地,血脉,
5020,415,430,透射,血脉,
5021,415,476,风矢,血脉,
5022,415,9,主轴,默认,29
5023,415,18,休息回复,默认,18
5024,415,31,先发制人,默认,12
5025,415,62,力量增效,默认,27
5026,415,91,啮合传递,默认,10
5027,415,211,械斗,默认,1
5028,415,326,磁暴,默认,36
5029,415,353,联动装置,默认,49
5030,415,418,轴承支撑,默认,38
5031,415,435,金属噪音,默认,7
5032,415,438,钢钻,默认,40
5033,415,451,防御,默认,1
5034,415,489,魔法增效,默认,1
5035,415,498,鼓劲,默认,35
5036,415,499,齿轮切开,默认,50
5037,415,500,齿轮扭矩,默认,23
5038,417,29,偷袭,技能石,
5039,417,45,冰晶坠,技能石,
5040,417,47,冰爪,技能石,
5041,417,76,取念,技能石,
5042,417,99,地陷,技能石,
5043,417,111,天光,技能石,
5044,417,131,应激反应,技能石,
5045,417,201,有效预防,技能石,
5046,417,260,漫反射,技能石,
5047,417,360,脉冲光线,技能石,
5048,417,401,许愿星,技能石,
5049,417,426,追打,技能石,
5050,417,440,钧势,技能石,
5051,417,446,闪光冲击,技能石,
5052,417,457,陨石,技能石,
5053,417,493,鸣沙陷阱,技能石,
5054,417,55,冷风,血脉,
5055,417,68,升龙咆哮,血脉,
5056,417,94,噬心,血脉,
5057,417,150,恶能量,血脉,
5058,417,191,星云漩涡,血脉,
5059,417,192,星星撞击,血脉,
5060,417,218,毒沼,血脉,
5061,417,242,泡沫,血脉,
5062,417,266,火焰冲锋,血脉,
5063,417,273,灵媒,血脉,
5064,417,296,球状闪电,血脉,
5065,417,324,碰爪,血脉,
5066,417,329,离子震荡,血脉,
5067,417,343,缠丝劲,血脉,
5068,417,365,花香,血脉,
5069,417,416,跺地,血脉,
5070,417,430,透射,血脉,
5071,417,476,风矢,血脉,
5072,417,9,主轴,默认,29
5073,417,18,休息回复,默认,18
5074,417,31,先发制人,默认,12
5075,417,62,力量增效,默认,27
5076,417,91,啮合传递,默认,10
5077,417,211,械斗,默认,1
5078,417,326,磁暴,默认,36
5079,417,353,联动装置,默认,49
5080,417,418,轴承支撑,默认,38
5081,417,435,金属噪音,默认,7
5082,417,438,钢钻,默认,40
5083,417,451,防御,默认,1
5084,417,489,魔法增效,默认,1
5085,417,498,鼓劲,默认,35
5086,417,499,齿轮切开,默认,50
5087,417,500,齿轮扭矩,默认,23
5088,13,24,借用,技能石,
5089,13,42,冰墙,技能石,
5090,13,43,冰天雪地,技能石,
5091,13,55,冷风,技能石,
5092,13,82,吓退,技能石,
5093,13,92,嗜痛,技能石,
5094,13,109,多维击打,技能石,
5095,13,119,寒风吹,技能石,
5096,13,201,有效预防,技能石,
5097,13,235,水波术,技能石,
5098,13,335,突袭,技能石,
5099,13,431,速冻,技能石,
5100,13,491,魔能爆,技能石,
5101,13,38,冥想,血脉,
5102,13,68,升龙咆哮,血脉,
5103,13,74,反击拳,血脉,
5104,13,176,掩护,血脉,
5105,13,218,毒沼,血脉,
5106,13,232,水弹枪,血脉,
5107,13,254,淤泥表皮,血脉,
5108,13,268,火焰护盾,血脉,
5109,13,329,离子震荡,血脉,
5110,13,336,等价交换,血脉,
5111,13,348,羽翼庇护,血脉,
5112,13,380,虚化,血脉,
5113,13,391,虹光冲击,血脉,
5114,13,393,蜡质膜,血脉,
5115,13,450,防反,血脉,
5116,13,460,集中,血脉,
5117,13,461,雪替身,血脉,
5118,13,488,魅惑,血脉,
5119,13,113,天洪,默认,48
5120,13,169,拍击,默认,1
5121,13,225,气泡,默认,8
5122,13,234,水泡盾,默认,12
5123,13,236,水炮,默认,17
5124,13,243,泡沫幻影,默认,29
5125,13,247,洗礼,默认,21
5126,13,252,涌泉,默认,30
5127,13,261,潮汐,默认,42
5128,13,299,甩水,默认,6
5129,13,372,落雨,默认,36
5130,13,451,防御,默认,1
5131,13,489,魔法增效,默认,10
5132,230,2,三连破,技能石,
5133,230,10,乘胜追击,技能石,
5134,230,24,借用,技能石,
5135,230,32,光之矛,技能石,
5136,230,111,天光,技能石,
5137,230,142,快速移动,技能石,
5138,230,201,有效预防,技能石,
5139,230,229,水刃,技能石,
5140,230,230,水幕冲击,技能石,
5141,230,236,水炮,技能石,
5142,230,238,水花四溅,技能石,
5143,230,285,热身运动,技能石,
5144,230,375,蓄水,技能石,
5145,230,423,连续爪击,技能石,
5146,230,447,闪击,技能石,
5147,230,454,阻断,技能石,
5148,230,504,龙吼,技能石,
5149,230,507,龙炮,技能石,
5150,230,55,冷风,血脉,
5151,230,68,升龙咆哮,血脉,
5152,230,94,噬心,血脉,
5153,230,128,幻象,血脉,
5154,230,143,念力膨胀,血脉,
5155,230,150,恶能量,血脉,
5156,230,160,扬沙,血脉,
5157,230,164,折线冲击,血脉,
5158,230,169,拍击,血脉,
5159,230,242,泡沫,血脉,
5160,230,258,溃烂触碰,血脉,
5161,230,266,火焰冲锋,血脉,
5162,230,296,球状闪电,血脉,
5163,230,329,离子震荡,血脉,
5164,230,343,缠丝劲,血脉,
5165,230,365,花香,血脉,
5166,230,476,风矢,血脉,
5167,230,488,魅惑,血脉,
5168,230,21,伺机而动,默认,10
5169,230,62,力量增效,默认,16
5170,230,81,后发制人,默认,26
5171,230,90,啄击,默认,1
5172,230,97,回旋风暴,默认,23
5173,230,155,扇风,默认,11
5174,230,198,暴风眼,默认,25
5175,230,305,疾风刺,默认,3
5176,230,307,疾风连袭,默认,50
5177,230,345,羽刃,默认,39
5178,230,346,羽化加速,默认,31
5179,230,350,翼击,默认,34
5180,230,451,防御,默认,1
5181,230,477,风起,默认,36
5182,230,489,魔法增效,默认,1
5183,230,502,龙卷风,默认,50
5184,404,2,三连破,技能石,
5185,404,76,取念,技能石,
5186,404,216,毒囊,技能石,
5187,404,217,毒孢子,技能石,
5188,404,218,毒沼,技能石,
5189,404,241,沙涌,技能石,
5190,404,242,泡沫,技能石,
5191,404,247,洗礼,技能石,
5192,404,262,潮涌,技能石,
5193,404,339,精神扰乱,技能石,
5194,404,352,聒噪,技能石,
5195,404,422,连续毒针,技能石,
5196,404,423,连续爪击,技能石,
5197,404,481,飞断,技能石,
5198,404,47,冰爪,血脉,
5199,404,68,升龙咆哮,血脉,
5200,404,94,噬心,血脉,
5201,404,150,恶能量,血脉,
5202,404,191,星云漩涡,血脉,
5203,404,211,械斗,血脉,
5204,404,232,水弹枪,血脉,
5205,404,258,溃烂触碰,血脉,
5206,404,266,火焰冲锋,血脉,
5207,404,273,灵媒,血脉,
5208,404,294,猛烈撞击,血脉,
5209,404,296,球状闪电,血脉,
5210,404,324,碰爪,血脉,
5211,404,343,缠丝劲,血脉,
5212,404,365,花香,血脉,
5213,404,416,跺地,血脉,
5214,404,430,透射,血脉,
5215,404,476,风矢,血脉,
5216,404,31,先发制人,默认,12
5217,404,98,地刺,默认,40
5218,404,126,岩脉崩毁,默认,33
5219,404,162,抓挠,默认,1
5220,404,165,抛石,默认,50
5221,404,195,晒太阳,默认,1
5222,404,246,泥浆铠甲,默认,35
5223,404,313,石肤术,默认,5
5224,404,314,石锁,默认,26
5225,404,374,蓄势待发,默认,41
5226,404,396,裂石,默认,49
5227,404,451,防御,默认,18
5228,404,465,震击,默认,4
5229,404,491,魔能爆,默认,38
5230,405,2,三连破,技能石,
5231,405,19,传感器,技能石,
5232,405,29,偷袭,技能石,
5233,405,76,取念,技能石,
5234,405,203,杠杆置换,技能石,
5235,405,216,毒囊,技能石,
5236,405,217,毒孢子,技能石,
5237,405,218,毒沼,技能石,
5238,405,241,沙涌,技能石,
5239,405,285,热身运动,技能石,
5240,405,339,精神扰乱,技能石,
5241,405,422,连续毒针,技能石,
5242,405,423,连续爪击,技能石,
5243,405,481,飞断,技能石,
5244,405,47,冰爪,血脉,
5245,405,68,升龙咆哮,血脉,
5246,405,94,噬心,血脉,
5247,405,150,恶能量,血脉,
5248,405,191,星云漩涡,血脉,
5249,405,211,械斗,血脉,
5250,405,242,泡沫,血脉,
5251,405,258,溃烂触碰,血脉,
5252,405,266,火焰冲锋,血脉,
5253,405,273,灵媒,血脉,
5254,405,294,猛烈撞击,血脉,
5255,405,296,球状闪电,血脉,
5256,405,324,碰爪,血脉,
5257,405,343,缠丝劲,血脉,
5258,405,365,花香,血脉,
5259,405,416,跺地,血脉,
5260,405,430,透射,血脉,
5261,405,476,风矢,血脉,
5262,405,31,先发制人,默认,11
5263,405,98,地刺,默认,34
5264,405,126,岩脉崩毁,默认,24
5265,405,162,抓挠,默认,1
5266,405,165,抛石,默认,49
5267,405,195,晒太阳,默认,1
5268,405,246,泥浆铠甲,默认,31
5269,405,313,石肤术,默认,4
5270,405,314,石锁,默认,22
5271,405,374,蓄势待发,默认,38
5272,405,396,裂石,默认,48
5273,405,451,防御,默认,16
5274,405,465,震击,默认,3
5275,405,491,魔能爆,默认,33
5276,410,8,主场优势,技能石,
5277,410,25,倾泻,技能石,
5278,410,62,力量增效,技能石,
5279,410,72,双星,技能石,
5280,410,76,取念,技能石,
5281,410,83,吞噬,技能石,
5282,410,93,嘲弄,技能石,
5283,410,223,气势一击,技能石,
5284,410,338,粒子对撞,技能石,
5285,410,18,休息回复,血脉,
5286,410,27,假寐,血脉,
5287,410,67,化劲,血脉,
5288,410,68,升龙咆哮,血脉,
5289,410,91,啮合传递,血脉,
5290,410,132,引燃,血脉,
5291,410,143,念力膨胀,血脉,
5292,410,217,毒孢子,血脉,
5293,410,273,灵媒,血脉,
5294,410,346,羽化加速,血脉,
5295,410,367,荆棘爪,血脉,
5296,410,375,蓄水,血脉,
5297,410,391,虹光冲击,血脉,
5298,410,404,贪婪,血脉,
5299,410,416,跺地,血脉,
5300,410,468,霜降,血脉,
5301,410,480,飞吻,血脉,
5302,410,496,麻痹,血脉,
5303,410,61,力量吞噬,默认,24
5304,410,66,勾魂,默认,1
5305,410,102,坟场搏击,默认,35
5306,410,128,幻象,默认,22
5307,410,297,甜心续航,默认,2
5308,410,357,能量刃,默认,17
5309,410,380,虚化,默认,34
5310,410,402,诋毁,默认,7
5311,410,403,诡刺,默认,1
5312,410,412,超级糖果,默认,30
5313,410,451,防御,默认,12
5314,410,455,降灵,默认,36
5315,410,469,鞭打,默认,1
5316,342,29,偷袭,技能石,
5317,342,98,地刺,技能石,
5318,342,178,摇篮曲,技能石,
5319,342,201,有效预防,技能石,
5320,342,216,毒囊,技能石,
5321,342,266,火焰冲锋,技能石,
5322,342,285,热身运动,技能石,
5323,342,313,石肤术,技能石,
5324,342,361,腐化,技能石,
5325,342,371,落石,技能石,
5326,342,422,连续毒针,技能石,
5327,342,423,连续爪击,技能石,
5328,342,465,震击,技能石,
5329,342,483,飞踢,技能石,
5330,342,47,冰爪,血脉,
5331,342,68,升龙咆哮,血脉,
5332,342,94,噬心,血脉,
5333,342,150,恶能量,血脉,
5334,342,191,星云漩涡,血脉,
5335,342,192,星星撞击,血脉,
5336,342,218,毒沼,血脉,
5337,342,242,泡沫,血脉,
5338,342,270,火爪,血脉,
5339,342,273,灵媒,血脉,
5340,342,296,球状闪电,血脉,
5341,342,324,碰爪,血脉,
5342,342,343,缠丝劲,血脉,
5343,342,365,花香,血脉,
5344,342,416,跺地,血脉,
5345,342,430,透射,血脉,
5346,342,435,金属噪音,血脉,
5347,342,476,风矢,血脉,
5348,342,9,主轴,默认,29
5349,342,19,传感器,默认,10
5350,342,31,先发制人,默认,23
5351,342,62,力量增效,默认,32
5352,342,76,取念,默认,16
5353,342,91,啮合传递,默认,28
5354,342,142,快速移动,默认,48
5355,342,168,拆卸,默认,1
5356,342,203,杠杆置换,默认,1
5357,342,418,轴承支撑,默认,38
5358,342,451,防御,默认,12
5359,342,454,阻断,默认,49
5360,342,499,齿轮切开,默认,47
5361,342,500,齿轮扭矩,默认,33
5362,282,24,借用,技能石,
5363,282,62,力量增效,技能石,
5364,282,179,撒娇,技能石,
5365,282,189,无畏之心,技能石,
5366,282,201,有效预防,技能石,
5367,282,235,水波术,技能石,
5368,282,247,洗礼,技能石,
5369,282,252,涌泉,技能石,
5370,282,261,潮汐,技能石,
5371,282,285,热身运动,技能石,
5372,282,318,破罐破摔,技能石,
5373,282,335,突袭,技能石,
5374,282,344,网缚,技能石,
5375,282,383,虫结阵,技能石,
5376,282,390,虫鸣,技能石,
5377,282,451,防御,技能石,
5378,282,471,音爆,技能石,
5379,282,68,升龙咆哮,血脉,
5380,282,74,反击拳,血脉,
5381,282,143,念力膨胀,血脉,
5382,282,176,掩护,血脉,
5383,282,232,水弹枪,血脉,
5384,282,254,淤泥表皮,血脉,
5385,282,258,溃烂触碰,血脉,
5386,282,268,火焰护盾,血脉,
5387,282,329,离子震荡,血脉,
5388,282,336,等价交换,血脉,
5389,282,348,羽翼庇护,血脉,
5390,282,380,虚化,血脉,
5391,282,391,虹光冲击,血脉,
5392,282,393,蜡质膜,血脉,
5393,282,450,防反,血脉,
5394,282,460,集中,血脉,
5395,282,461,雪替身,血脉,
5396,282,480,飞吻,血脉,
5397,282,156,打湿,默认,19
5398,282,173,捧杀,默认,40
5399,282,200,月光合奏,默认,49
5400,282,229,水刃,默认,50
5401,282,237,水环,默认,22
5402,282,242,泡沫,默认,1
5403,282,243,泡沫幻影,默认,1
5404,282,262,潮涌,默认,13
5405,282,291,爆米花爆破,默认,33
5406,282,297,甜心续航,默认,1
5407,282,298,生日蛋糕,默认,45
5408,282,316,砂糖弹球,默认,23
5409,282,355,肥皂泡,默认,5
5410,282,372,落雨,默认,31
5411,282,489,魔法增效,默认,9
5412,202,25,倾泻,技能石,
5413,202,58,刺盾,技能石,
5414,202,82,吓退,技能石,
5415,202,92,嗜痛,技能石,
5416,202,108,复写,技能石,
5417,202,125,岩土暴击,技能石,
5418,202,152,感染病,技能石,
5419,202,173,捧杀,技能石,
5420,202,179,撒娇,技能石,
5421,202,263,激怒,技能石,
5422,202,285,热身运动,技能石,
5423,202,320,硬化,技能石,
5424,202,427,退化,技能石,
5425,202,432,遁地,技能石,
5426,202,469,鞭打,技能石,
5427,202,471,音爆,技能石,
5428,202,38,冥想,血脉,
5429,202,68,升龙咆哮,血脉,
5430,202,74,反击拳,血脉,
5431,202,123,尾后针,血脉,
5432,202,217,毒孢子,血脉,
5433,202,234,水泡盾,血脉,
5434,202,268,火焰护盾,血脉,
5435,202,329,离子震荡,血脉,
5436,202,336,等价交换,血脉,
5437,202,380,虚化,血脉,
5438,202,391,虹光冲击,血脉,
5439,202,393,蜡质膜,血脉,
5440,202,416,跺地,血脉,
5441,202,450,防反,血脉,
5442,202,460,集中,血脉,
5443,202,461,雪替身,血脉,
5444,202,475,风墙,血脉,
5445,202,488,魅惑,血脉,
5446,202,5,不可接触,默认,1
5447,202,16,以毒攻毒,默认,1
5448,202,99,地陷,默认,50
5449,202,107,壁垒,默认,34
5450,202,160,扬沙,默认,6
5451,202,187,旋转突击,默认,28
5452,202,216,毒囊,默认,40
5453,202,218,毒沼,默认,30
5454,202,258,溃烂触碰,默认,1
5455,202,313,石肤术,默认,9
5456,202,314,石锁,默认,36
5457,202,362,腐蚀酸液,默认,13
5458,202,369,落井下毒,默认,17
5459,202,451,防御,默认,22
5460,202,457,陨石,默认,35
5461,202,494,鸩毒,默认,49
5462,201,25,倾泻,技能石,
5463,201,58,刺盾,技能石,
5464,201,82,吓退,技能石,
5465,201,92,嗜痛,技能石,
5466,201,108,复写,技能石,
5467,201,125,岩土暴击,技能石,
5468,201,152,感染病,技能石,
5469,201,173,捧杀,技能石,
5470,201,179,撒娇,技能石,
5471,201,263,激怒,技能石,
5472,201,285,热身运动,技能石,
5473,201,320,硬化,技能石,
5474,201,427,退化,技能石,
5475,201,432,遁地,技能石,
5476,201,469,鞭打,技能石,
5477,201,471,音爆,技能石,
5478,201,38,冥想,血脉,
5479,201,68,升龙咆哮,血脉,
5480,201,74,反击拳,血脉,
5481,201,123,尾后针,血脉,
5482,201,217,毒孢子,血脉,
5483,201,234,水泡盾,血脉,
5484,201,268,火焰护盾,血脉,
5485,201,329,离子震荡,血脉,
5486,201,336,等价交换,血脉,
5487,201,380,虚化,血脉,
5488,201,391,虹光冲击,血脉,
5489,201,393,蜡质膜,血脉,
5490,201,416,跺地,血脉,
5491,201,450,防反,血脉,
5492,201,460,集中,血脉,
5493,201,461,雪替身,血脉,
5494,201,475,风墙,血脉,
5495,201,488,魅惑,血脉,
5496,201,5,不可接触,默认,1
5497,201,16,以毒攻毒,默认,1
5498,201,99,地陷,默认,50
5499,201,107,壁垒,默认,34
5500,201,160,扬沙,默认,6
5501,201,187,旋转突击,默认,28
5502,201,216,毒囊,默认,40
5503,201,218,毒沼,默认,30
5504,201,258,溃烂触碰,默认,1
5505,201,313,石肤术,默认,9
5506,201,314,石锁,默认,36
5507,201,362,腐蚀酸液,默认,13
5508,201,369,落井下毒,默认,17
5509,201,451,防御,默认,22
5510,201,457,陨石,默认,35
5511,201,494,鸩毒,默认,49
5512,391,108,复写,技能石,
5513,391,195,晒太阳,技能石,
5514,391,201,有效预防,技能石,
5515,391,297,甜心续航,技能石,
5516,391,300,电弧,技能石,
5517,391,302,电磁偏转,技能石,
5518,391,327,示弱,技能石,
5519,391,339,精神扰乱,技能石,
5520,391,412,超级糖果,技能石,
5521,391,420,过载回路,技能石,
5522,391,450,防反,技能石,
5523,391,469,鞭打,技能石,
5524,391,496,麻痹,技能石,
5525,391,18,休息回复,血脉,
5526,391,27,假寐,血脉,
5527,391,66,勾魂,血脉,
5528,391,67,化劲,血脉,
5529,391,68,升龙咆哮,血脉,
5530,391,132,引燃,血脉,
5531,391,139,徒长,血脉,
5532,391,217,毒孢子,血脉,
5533,391,246,泥浆铠甲,血脉,
5534,391,296,球状闪电,血脉,
5535,391,346,羽化加速,血脉,
5536,391,375,蓄水,血脉,
5537,391,404,贪婪,血脉,
5538,391,413,超维投射,血脉,
5539,391,430,透射,血脉,
5540,391,435,金属噪音,血脉,
5541,391,468,霜降,血脉,
5542,391,480,飞吻,血脉,
5543,391,8,主场优势,默认,34
5544,391,31,先发制人,默认,4
5545,391,62,力量增效,默认,21
5546,391,91,啮合传递,默认,6
5547,391,131,应激反应,默认,50
5548,391,203,杠杆置换,默认,1
5549,391,211,械斗,默认,1
5550,391,353,联动装置,默认,38
5551,391,397,见招拆招,默认,39
5552,391,418,轴承支撑,默认,32
5553,391,439,钢铁洪流,默认,23
5554,391,451,防御,默认,1
5555,391,500,齿轮扭矩,默认,12
5556,271,60,剧毒,技能石,
5557,271,63,加固,技能石,
5558,271,103,垂死反击,技能石,
5559,271,108,复写,技能石,
5560,271,118,富养化,技能石,
5561,271,131,应激反应,技能石,
5562,271,165,抛石,技能石,
5563,271,195,晒太阳,技能石,
5564,271,217,毒孢子,技能石,
5565,271,222,毒雾,技能石,
5566,271,241,沙涌,技能石,
5567,271,246,泥浆铠甲,技能石,
5568,271,285,热身运动,技能石,
5569,271,422,连续毒针,技能石,
5570,271,440,钧势,技能石,
5571,271,498,鼓劲,技能石,
5572,271,27,假寐,血脉,
5573,271,67,化劲,血脉,
5574,271,68,升龙咆哮,血脉,
5575,271,91,啮合传递,血脉,
5576,271,132,引燃,血脉,
5577,271,192,星星撞击,血脉,
5578,271,258,溃烂触碰,血脉,
5579,271,273,灵媒,血脉,
5580,271,297,甜心续航,血脉,
5581,271,346,羽化加速,血脉,
5582,271,367,荆棘爪,血脉,
5583,271,375,蓄水,血脉,
5584,271,391,虹光冲击,血脉,
5585,271,404,贪婪,血脉,
5586,271,413,超维投射,血脉,
5587,271,416,跺地,血脉,
5588,271,468,霜降,血脉,
5589,271,496,麻痹,血脉,
5590,271,15,仙人掌刺击,默认,48
5591,271,139,徒长,默认,1
5592,271,213,棘突,默认,5
5593,271,249,流沙,默认,37
5594,271,254,淤泥表皮,默认,23
5595,271,283,热砂,默认,1
5596,271,313,石肤术,默认,19
5597,271,332,移花接木,默认,29
5598,271,366,芳香诱引,默认,35
5599,271,377,藤绞,默认,28
5600,271,393,蜡质膜,默认,9
5601,271,451,防御,默认,1
5602,271,457,陨石,默认,13
5603,271,491,魔能爆,默认,36
5604,271,493,鸣沙陷阱,默认,34
5605,332,4,不动如山,技能石,
5606,332,58,刺盾,技能石,
5607,332,76,取念,技能石,
5608,332,82,吓退,技能石,
5609,332,92,嗜痛,技能石,
5610,332,138,彼岸之手,技能石,
5611,332,201,有效预防,技能石,
5612,332,212,棘刺,技能石,
5613,332,379,虚假破产,技能石,
5614,332,423,连续爪击,技能石,
5615,332,432,遁地,技能石,
5616,332,434,重击,技能石,
5617,332,451,防御,技能石,
5618,332,38,冥想,血脉,
5619,332,68,升龙咆哮,血脉,
5620,332,74,反击拳,血脉,
5621,332,176,掩护,血脉,
5622,332,234,水泡盾,血脉,
5623,332,258,溃烂触碰,血脉,
5624,332,268,火焰护盾,血脉,
5625,332,273,灵媒,血脉,
5626,332,324,碰爪,血脉,
5627,332,336,等价交换,血脉,
5628,332,348,羽翼庇护,血脉,
5629,332,393,蜡质膜,血脉,
5630,332,416,跺地,血脉,
5631,332,430,透射,血脉,
5632,332,435,金属噪音,血脉,
5633,332,450,防反,血脉,
5634,332,460,集中,血脉,
5635,332,461,雪替身,血脉,
5636,332,31,先发制人,默认,1
5637,332,91,啮合传递,默认,1
5638,332,98,地刺,默认,48
5639,332,100,地震,默认,37
5640,332,107,壁垒,默认,24
5641,332,125,岩土暴击,默认,35
5642,332,358,能量守恒,默认,6
5643,332,374,蓄势待发,默认,23
5644,332,418,轴承支撑,默认,11
5645,332,438,钢钻,默认,26
5646,332,493,鸣沙陷阱,默认,17
5647,332,499,齿轮切开,默认,33
5648,332,500,齿轮扭矩,默认,8
5649,459,20,伪造账单,技能石,
5650,459,25,倾泻,技能石,
5651,459,76,取念,技能石,
5652,459,109,多维击打,技能石,
5653,459,144,怒火,技能石,
5654,459,170,持续高温,技能石,
5655,459,175,掠夺,技能石,
5656,459,190,易燃物质,技能石,
5657,459,281,烈焰风暴,技能石,
5658,459,335,突袭,技能石,
5659,459,339,精神扰乱,技能石,
5660,459,414,跌落,技能石,
5661,459,453,阳火增辉,技能石,
5662,459,454,阻断,技能石,
5663,459,55,冷风,血脉,
5664,459,68,升龙咆哮,血脉,
5665,459,94,噬心,血脉,
5666,459,150,恶能量,血脉,
5667,459,160,扬沙,血脉,
5668,459,169,拍击,血脉,
5669,459,191,星云漩涡,血脉,
5670,459,242,泡沫,血脉,
5671,459,258,溃烂触碰,血脉,
5672,459,266,火焰冲锋,血脉,
5673,459,296,球状闪电,血脉,
5674,459,329,离子震荡,血脉,
5675,459,343,缠丝劲,血脉,
5676,459,365,花香,血脉,
5677,459,391,虹光冲击,血脉,
5678,459,487,鬼火,血脉,
5679,459,488,魅惑,血脉,
5680,459,495,鹰爪,血脉,
5681,459,66,勾魂,默认,6
5682,459,93,嘲弄,默认,28
5683,459,130,幽灵爆发,默认,23
5684,459,142,快速移动,默认,50
5685,459,151,惊吓盒子,默认,49
5686,459,195,晒太阳,默认,22
5687,459,272,灵光,默认,9
5688,459,273,灵媒,默认,1
5689,459,356,背袭,默认,35
5690,459,451,防御,默认,1
5691,459,455,降灵,默认,48
5692,459,471,音爆,默认,16
5693,459,489,魔法增效,默认,11
5694,460,20,伪造账单,技能石,
5695,460,25,倾泻,技能石,
5696,460,76,取念,技能石,
5697,460,109,多维击打,技能石,
5698,460,144,怒火,技能石,
5699,460,170,持续高温,技能石,
5700,460,175,掠夺,技能石,
5701,460,190,易燃物质,技能石,
5702,460,281,烈焰风暴,技能石,
5703,460,335,突袭,技能石,
5704,460,339,精神扰乱,技能石,
5705,460,414,跌落,技能石,
5706,460,453,阳火增辉,技能石,
5707,460,454,阻断,技能石,
5708,460,55,冷风,血脉,
5709,460,68,升龙咆哮,血脉,
5710,460,94,噬心,血脉,
5711,460,150,恶能量,血脉,
5712,460,160,扬沙,血脉,
5713,460,169,拍击,血脉,
5714,460,191,星云漩涡,血脉,
5715,460,242,泡沫,血脉,
5716,460,258,溃烂触碰,血脉,
5717,460,266,火焰冲锋,血脉,
5718,460,296,球状闪电,血脉,
5719,460,329,离子震荡,血脉,
5720,460,343,缠丝劲,血脉,
5721,460,365,花香,血脉,
5722,460,391,虹光冲击,血脉,
5723,460,487,鬼火,血脉,
5724,460,488,魅惑,血脉,
5725,460,495,鹰爪,血脉,
5726,460,66,勾魂,默认,6
5727,460,93,嘲弄,默认,28
5728,460,130,幽灵爆发,默认,23
5729,460,142,快速移动,默认,50
5730,460,151,惊吓盒子,默认,49
5731,460,195,晒太阳,默认,22
5732,460,272,灵光,默认,9
5733,460,273,灵媒,默认,1
5734,460,356,背袭,默认,35
5735,460,451,防御,默认,1
5736,460,455,降灵,默认,48
5737,460,471,音爆,默认,16
5738,460,489,魔法增效,默认,11
5739,420,24,借用,技能石,
5740,420,29,偷袭,技能石,
5741,420,62,力量增效,技能石,
5742,420,82,吓退,技能石,
5743,420,92,嗜痛,技能石,
5744,420,166,报复,技能石,
5745,420,189,无畏之心,技能石,
5746,420,201,有效预防,技能石,
5747,420,300,电弧,技能石,
5748,420,302,电磁偏转,技能石,
5749,420,334,穿膛,技能石,
5750,420,442,锐利眼神,技能石,
5751,420,451,防御,技能石,
5752,420,38,冥想,血脉,
5753,420,74,反击拳,血脉,
5754,420,176,掩护,血脉,
5755,420,211,械斗,血脉,
5756,420,234,水泡盾,血脉,
5757,420,254,淤泥表皮,血脉,
5758,420,258,溃烂触碰,血脉,
5759,420,268,火焰护盾,血脉,
5760,420,273,灵媒,血脉,
5761,420,324,碰爪,血脉,
5762,420,336,等价交换,血脉,
5763,420,348,羽翼庇护,血脉,
5764,420,393,蜡质膜,血脉,
5765,420,398,角击,血脉,
5766,420,430,透射,血脉,
5767,420,450,防反,血脉,
5768,420,460,集中,血脉,
5769,420,461,雪替身,血脉,
5770,420,31,先发制人,默认,39
5771,420,87,吹炎,默认,50
5772,420,102,坟场搏击,默认,8
5773,420,128,幻象,默认,38
5774,420,207,架势,默认,11
5775,420,380,虚化,默认,34
5776,420,403,诡刺,默认,1
5777,420,455,降灵,默认,4
5778,420,459,隼鳞,默认,46
5779,420,501,龙之利爪,默认,49
5780,420,504,龙吼,默认,26
5781,420,505,龙威,默认,32
5782,420,509,龙血,默认,1
5783,219,13,二律背反,技能石,
5784,219,24,借用,技能石,
5785,219,44,冰捆缚,技能石,
5786,219,55,冷风,技能石,
5787,219,57,击鼓传花,技能石,
5788,219,62,力量增效,技能石,
5789,219,63,加固,技能石,
5790,219,72,双星,技能石,
5791,219,101,坍缩,技能石,
5792,219,131,应激反应,技能石,
5793,219,189,无畏之心,技能石,
5794,219,193,星轨裂变,技能石,
5795,219,291,爆米花爆破,技能石,
5796,219,312,瞬间零度,技能石,
5797,219,407,赤子之心,技能石,
5798,219,467,霜天,技能石,
5799,219,27,假寐,血脉,
5800,219,47,冰爪,血脉,
5801,219,66,勾魂,血脉,
5802,219,67,化劲,血脉,
5803,219,68,升龙咆哮,血脉,
5804,219,91,啮合传递,血脉,
5805,219,132,引燃,血脉,
5806,219,139,徒长,血脉,
5807,219,192,星星撞击,血脉,
5808,219,217,毒孢子,血脉,
5809,219,246,泥浆铠甲,血脉,
5810,219,346,羽化加速,血脉,
5811,219,375,蓄水,血脉,
5812,219,391,虹光冲击,血脉,
5813,219,404,贪婪,血脉,
5814,219,413,超维投射,血脉,
5815,219,480,飞吻,血脉,
5816,219,496,麻痹,血脉,
5817,219,39,冬至,默认,36
5818,219,42,冰墙,默认,22
5819,219,45,冰晶坠,默认,37
5820,219,46,冰点,默认,40
5821,219,135,当头棒喝,默认,8
5822,219,179,撒娇,默认,35
5823,219,199,暴风雪,默认,26
5824,219,297,甜心续航,默认,9
5825,219,298,生日蛋糕,默认,29
5826,219,318,破罐破摔,默认,45
5827,219,322,碎冰冰,默认,48
5828,219,412,超级糖果,默认,11
5829,219,451,防御,默认,1
5830,219,464,雾气环绕,默认,17
5831,219,468,霜降,默认,1
5832,219,474,风吹雪,默认,1
5833,79,8,主场优势,技能石,
5834,79,33,光刃,技能石,
5835,79,36,光能聚集,技能石,
5836,79,76,取念,技能石,
5837,79,131,应激反应,技能石,
5838,79,142,快速移动,技能石,
5839,79,201,有效预防,技能石,
5840,79,249,流沙,技能石,
5841,79,260,漫反射,技能石,
5842,79,285,热身运动,技能石,
5843,79,371,落石,技能石,
5844,79,415,践踏,技能石,
5845,79,416,跺地,技能石,
5846,79,430,透射,技能石,
5847,79,440,钧势,技能石,
5848,79,445,闪光,技能石,
5849,79,450,防反,技能石,
5850,79,18,休息回复,血脉,
5851,79,27,假寐,血脉,
5852,79,66,勾魂,血脉,
5853,79,67,化劲,血脉,
5854,79,68,升龙咆哮,血脉,
5855,79,91,啮合传递,血脉,
5856,79,132,引燃,血脉,
5857,79,217,毒孢子,血脉,
5858,79,246,泥浆铠甲,血脉,
5859,79,297,甜心续航,血脉,
5860,79,346,羽化加速,血脉,
5861,79,367,荆棘爪,血脉,
5862,79,375,蓄水,血脉,
5863,79,391,虹光冲击,血脉,
5864,79,404,贪婪,血脉,
5865,79,413,超维投射,血脉,
5866,79,468,霜降,血脉,
5867,79,496,麻痹,血脉,
5868,79,15,仙人掌刺击,默认,35
5869,79,59,刺藤,默认,1
5870,79,62,力量增效,默认,9
5871,79,79,叶绿光束,默认,28
5872,79,115,孢子,默认,26
5873,79,118,富养化,默认,34
5874,79,195,晒太阳,默认,1
5875,79,213,棘突,默认,11
5876,79,227,氧输送,默认,14
5877,79,310,盛开,默认,40
5878,79,340,纤维化,默认,17
5879,79,359,能量炮,默认,1
5880,79,364,花炮,默认,39
5881,79,366,芳香诱引,默认,49
5882,79,451,防御,默认,7
5883,79,472,顶端优势,默认,22
5884,80,8,主场优势,技能石,
5885,80,33,光刃,技能石,
5886,80,36,光能聚集,技能石,
5887,80,76,取念,技能石,
5888,80,131,应激反应,技能石,
5889,80,142,快速移动,技能石,
5890,80,201,有效预防,技能石,
5891,80,249,流沙,技能石,
5892,80,260,漫反射,技能石,
5893,80,285,热身运动,技能石,
5894,80,371,落石,技能石,
5895,80,415,践踏,技能石,
5896,80,416,跺地,技能石,
5897,80,430,透射,技能石,
5898,80,440,钧势,技能石,
5899,80,445,闪光,技能石,
5900,80,450,防反,技能石,
5901,80,18,休息回复,血脉,
5902,80,27,假寐,血脉,
5903,80,66,勾魂,血脉,
5904,80,67,化劲,血脉,
5905,80,68,升龙咆哮,血脉,
5906,80,91,啮合传递,血脉,
5907,80,132,引燃,血脉,
5908,80,217,毒孢子,血脉,
5909,80,246,泥浆铠甲,血脉,
5910,80,297,甜心续航,血脉,
5911,80,346,羽化加速,血脉,
5912,80,367,荆棘爪,血脉,
5913,80,375,蓄水,血脉,
5914,80,391,虹光冲击,血脉,
5915,80,404,贪婪,血脉,
5916,80,413,超维投射,血脉,
5917,80,468,霜降,血脉,
5918,80,496,麻痹,血脉,
5919,80,15,仙人掌刺击,默认,35
5920,80,59,刺藤,默认,1
5921,80,62,力量增效,默认,9
5922,80,79,叶绿光束,默认,28
5923,80,115,孢子,默认,26
5924,80,118,富养化,默认,34
5925,80,195,晒太阳,默认,1
5926,80,213,棘突,默认,11
5927,80,227,氧输送,默认,14
5928,80,310,盛开,默认,40
5929,80,340,纤维化,默认,17
5930,80,359,能量炮,默认,1
5931,80,364,花炮,默认,39
5932,80,366,芳香诱引,默认,49
5933,80,451,防御,默认,7
5934,80,472,顶端优势,默认,22
5935,81,8,主场优势,技能石,
5936,81,33,光刃,技能石,
5937,81,36,光能聚集,技能石,
5938,81,76,取念,技能石,
5939,81,131,应激反应,技能石,
5940,81,142,快速移动,技能石,
5941,81,201,有效预防,技能石,
5942,81,249,流沙,技能石,
5943,81,260,漫反射,技能石,
5944,81,285,热身运动,技能石,
5945,81,371,落石,技能石,
5946,81,415,践踏,技能石,
5947,81,416,跺地,技能石,
5948,81,430,透射,技能石,
5949,81,440,钧势,技能石,
5950,81,445,闪光,技能石,
5951,81,450,防反,技能石,
5952,81,18,休息回复,血脉,
5953,81,27,假寐,血脉,
5954,81,66,勾魂,血脉,
5955,81,67,化劲,血脉,
5956,81,68,升龙咆哮,血脉,
5957,81,91,啮合传递,血脉,
5958,81,132,引燃,血脉,
5959,81,217,毒孢子,血脉,
5960,81,246,泥浆铠甲,血脉,
5961,81,297,甜心续航,血脉,
5962,81,346,羽化加速,血脉,
5963,81,367,荆棘爪,血脉,
5964,81,375,蓄水,血脉,
5965,81,391,虹光冲击,血脉,
5966,81,404,贪婪,血脉,
5967,81,413,超维投射,血脉,
5968,81,468,霜降,血脉,
5969,81,496,麻痹,血脉,
5970,81,15,仙人掌刺击,默认,35
5971,81,59,刺藤,默认,1
5972,81,62,力量增效,默认,9
5973,81,79,叶绿光束,默认,28
5974,81,115,孢子,默认,26
5975,81,118,富养化,默认,34
5976,81,195,晒太阳,默认,1
5977,81,213,棘突,默认,11
5978,81,227,氧输送,默认,14
5979,81,310,盛开,默认,40
5980,81,340,纤维化,默认,17
5981,81,359,能量炮,默认,1
5982,81,364,花炮,默认,39
5983,81,366,芳香诱引,默认,49
5984,81,451,防御,默认,7
5985,81,472,顶端优势,默认,22
5986,78,8,主场优势,技能石,
5987,78,33,光刃,技能石,
5988,78,36,光能聚集,技能石,
5989,78,76,取念,技能石,
5990,78,131,应激反应,技能石,
5991,78,142,快速移动,技能石,
5992,78,201,有效预防,技能石,
5993,78,249,流沙,技能石,
5994,78,260,漫反射,技能石,
5995,78,285,热身运动,技能石,
5996,78,371,落石,技能石,
5997,78,415,践踏,技能石,
5998,78,416,跺地,技能石,
5999,78,430,透射,技能石,
6000,78,440,钧势,技能石,
6001,78,445,闪光,技能石,
6002,78,450,防反,技能石,
6003,78,18,休息回复,血脉,
6004,78,27,假寐,血脉,
6005,78,66,勾魂,血脉,
6006,78,67,化劲,血脉,
6007,78,68,升龙咆哮,血脉,
6008,78,91,啮合传递,血脉,
6009,78,132,引燃,血脉,
6010,78,217,毒孢子,血脉,
6011,78,246,泥浆铠甲,血脉,
6012,78,297,甜心续航,血脉,
6013,78,346,羽化加速,血脉,
6014,78,367,荆棘爪,血脉,
6015,78,375,蓄水,血脉,
6016,78,391,虹光冲击,血脉,
6017,78,404,贪婪,血脉,
6018,78,413,超维投射,血脉,
6019,78,468,霜降,血脉,
6020,78,496,麻痹,血脉,
6021,78,15,仙人掌刺击,默认,35
6022,78,59,刺藤,默认,1
6023,78,62,力量增效,默认,9
6024,78,79,叶绿光束,默认,28
6025,78,115,孢子,默认,26
6026,78,118,富养化,默认,34
6027,78,195,晒太阳,默认,1
6028,78,213,棘突,默认,11
6029,78,227,氧输送,默认,14
6030,78,310,盛开,默认,40
6031,78,340,纤维化,默认,17
6032,78,359,能量炮,默认,1
6033,78,364,花炮,默认,39
6034,78,366,芳香诱引,默认,49
6035,78,451,防御,默认,7
6036,78,472,顶端优势,默认,22
6037,302,8,主场优势,技能石,
6038,302,14,交叉闪电,技能石,
6039,302,57,击鼓传花,技能石,
6040,302,76,取念,技能石,
6041,302,78,叠势,技能石,
6042,302,137,影袭,技能石,
6043,302,177,提气,技能石,
6044,302,178,摇篮曲,技能石,
6045,302,224,气沉丹田,技能石,
6046,302,285,热身运动,技能石,
6047,302,302,电磁偏转,技能石,
6048,302,319,破防,技能石,
6049,302,343,缠丝劲,技能石,
6050,302,409,超导,技能石,
6051,302,420,过载回路,技能石,
6052,302,452,防御反击,技能石,
6053,302,27,假寐,血脉,
6054,302,66,勾魂,血脉,
6055,302,67,化劲,血脉,
6056,302,68,升龙咆哮,血脉,
6057,302,91,啮合传递,血脉,
6058,302,132,引燃,血脉,
6059,302,139,徒长,血脉,
6060,302,192,星星撞击,血脉,
6061,302,217,毒孢子,血脉,
6062,302,246,泥浆铠甲,血脉,
6063,302,346,羽化加速,血脉,
6064,302,375,蓄水,血脉,
6065,302,391,虹光冲击,血脉,
6066,302,404,贪婪,血脉,
6067,302,413,超维投射,血脉,
6068,302,468,霜降,血脉,
6069,302,488,魅惑,血脉,
6070,302,496,麻痹,血脉,
6071,302,75,反弹,默认,17
6072,302,84,吨位压制,默认,40
6073,302,131,应激反应,默认,49
6074,302,179,撒娇,默认,11
6075,302,200,月光合奏,默认,35
6076,302,297,甜心续航,默认,10
6077,302,298,生日蛋糕,默认,28
6078,302,318,破罐破摔,默认,26
6079,302,327,示弱,默认,1
6080,302,407,赤子之心,默认,36
6081,302,412,超级糖果,默认,2
6082,302,427,退化,默认,39
6083,302,450,防反,默认,22
6084,302,451,防御,默认,1
6085,302,480,飞吻,默认,1
6086,338,24,借用,技能石,
6087,338,25,倾泻,技能石,
6088,338,29,偷袭,技能石,
6089,338,33,光刃,技能石,
6090,338,135,当头棒喝,技能石,
6091,338,180,撕咬,技能石,
6092,338,196,暗突袭,技能石,
6093,338,201,有效预防,技能石,
6094,338,246,泥浆铠甲,技能石,
6095,338,260,漫反射,技能石,
6096,338,285,热身运动,技能石,
6097,338,396,裂石,技能石,
6098,338,404,贪婪,技能石,
6099,338,430,透射,技能石,
6100,338,465,震击,技能石,
6101,338,68,升龙咆哮,血脉,
6102,338,94,噬心,血脉,
6103,338,150,恶能量,血脉,
6104,338,164,折线冲击,血脉,
6105,338,191,星云漩涡,血脉,
6106,338,192,星星撞击,血脉,
6107,338,211,械斗,血脉,
6108,338,218,毒沼,血脉,
6109,338,242,泡沫,血脉,
6110,338,266,火焰冲锋,血脉,
6111,338,273,灵媒,血脉,
6112,338,324,碰爪,血脉,
6113,338,343,缠丝劲,血脉,
6114,338,365,花香,血脉,
6115,338,400,触电,血脉,
6116,338,416,跺地,血脉,
6117,338,468,霜降,血脉,
6118,338,476,风矢,血脉,
6119,338,31,先发制人,默认,34
6120,338,62,力量增效,默认,30
6121,338,106,增程电池,默认,39
6122,338,121,导电撞击,默认,1
6123,338,134,强制重启,默认,49
6124,338,195,晒太阳,默认,23
6125,338,300,电弧,默认,26
6126,338,328,离子火花,默认,6
6127,338,420,过载回路,默认,1
6128,338,421,远程访问,默认,35
6129,338,423,连续爪击,默认,45
6130,338,448,闪击折返,默认,38
6131,338,451,防御,默认,12
6132,295,25,倾泻,技能石,
6133,295,58,刺盾,技能石,
6134,295,76,取念,技能石,
6135,295,82,吓退,技能石,
6136,295,153,感电,技能石,
6137,295,189,无畏之心,技能石,
6138,295,383,虫结阵,技能石,
6139,295,384,虫网,技能石,
6140,295,389,虫蛊,技能石,
6141,295,395,血气,技能石,
6142,295,410,超导加速,技能石,
6143,295,484,食腐,技能石,
6144,295,498,鼓劲,技能石,
6145,295,38,冥想,血脉,
6146,295,68,升龙咆哮,血脉,
6147,295,74,反击拳,血脉,
6148,295,176,掩护,血脉,
6149,295,234,水泡盾,血脉,
6150,295,258,溃烂触碰,血脉,
6151,295,268,火焰护盾,血脉,
6152,295,324,碰爪,血脉,
6153,295,329,离子震荡,血脉,
6154,295,336,等价交换,血脉,
6155,295,380,虚化,血脉,
6156,295,393,蜡质膜,血脉,
6157,295,416,跺地,血脉,
6158,295,430,透射,血脉,
6159,295,450,防反,血脉,
6160,295,460,集中,血脉,
6161,295,461,雪替身,血脉,
6162,295,475,风墙,血脉,
6163,295,4,不动如山,默认,50
6164,295,107,壁垒,默认,37
6165,295,169,拍击,默认,1
6166,295,241,沙涌,默认,49
6167,295,244,泥巴喷射,默认,5
6168,295,245,泥浆,默认,1
6169,295,283,热砂,默认,34
6170,295,313,石肤术,默认,35
6171,295,320,硬化,默认,27
6172,295,335,突袭,默认,45
6173,295,451,防御,默认,1
6174,295,457,陨石,默认,38
6175,295,489,魔法增效,默认,11
6176,152,24,借用,技能石,
6177,152,25,倾泻,技能石,
6178,152,63,加固,技能石,
6179,152,142,快速移动,技能石,
6180,152,175,掠夺,技能石,
6181,152,180,撕咬,技能石,
6182,152,201,有效预防,技能石,
6183,152,285,热身运动,技能石,
6184,152,305,疾风刺,技能石,
6185,152,308,瘴气喷射,技能石,
6186,152,339,精神扰乱,技能石,
6187,152,361,腐化,技能石,
6188,152,381,虫击,技能石,
6189,152,422,连续毒针,技能石,
6190,152,426,追打,技能石,
6191,152,451,防御,技能石,
6192,152,494,鸩毒,技能石,
6193,152,55,冷风,血脉,
6194,152,68,升龙咆哮,血脉,
6195,152,123,尾后针,血脉,
6196,152,128,幻象,血脉,
6197,152,150,恶能量,血脉,
6198,152,160,扬沙,血脉,
6199,152,169,拍击,血脉,
6200,152,191,星云漩涡,血脉,
6201,152,218,毒沼,血脉,
6202,152,242,泡沫,血脉,
6203,152,266,火焰冲锋,血脉,
6204,152,296,球状闪电,血脉,
6205,152,329,离子震荡,血脉,
6206,152,343,缠丝劲,血脉,
6207,152,365,花香,血脉,
6208,152,391,虹光冲击,血脉,
6209,152,488,魅惑,血脉,
6210,152,495,鹰爪,血脉,
6211,152,11,乘风,默认,22
6212,152,155,扇风,默认,25
6213,152,172,捆缚,默认,13
6214,152,346,羽化加速,默认,28
6215,152,349,翅刃,默认,47
6216,152,350,翼击,默认,33
6217,152,368,草虫冲击,默认,26
6218,152,384,虫网,默认,1
6219,152,385,虫群,默认,36
6220,152,387,虫群过境,默认,34
6221,152,388,虫茧,默认,3
6222,152,390,虫鸣,默认,7
6223,152,476,风矢,默认,20
6224,152,489,魔法增效,默认,1
6225,152,492,鸣叫,默认,1
6226,152,502,龙卷风,默认,49
6227,506,1,一拳,技能石,
6228,506,6,丢冰块,技能石,
6229,506,9,主轴,技能石,
6230,506,10,乘胜追击,技能石,
6231,506,12,乱打,技能石,
6232,506,14,交叉闪电,技能石,
6233,506,17,以重制重,技能石,
6234,506,19,传感器,技能石,
6235,506,22,俯冲,技能石,
6236,506,23,俯冲猛击,技能石,
6237,506,25,倾泻,技能石,
6238,506,29,偷袭,技能石,
6239,506,31,先发制人,技能石,
6240,506,32,光之矛,技能石,
6241,506,33,光刃,技能石,
6242,506,35,光球,技能石,
6243,506,36,光能聚集,技能石,
6244,506,40,冰冻光线,技能石,
6245,506,,冰封,技能石,
6246,506,45,冰晶坠,技能石,
6247,506,47,冰爪,技能石,
6248,506,52,冰雹,技能石,
6249,506,54,冲撞,技能石,
6250,506,55,冷风,技能石,
6251,506,59,刺藤,技能石,
6252,506,68,升龙咆哮,技能石,
6253,506,69,午夜噪音,技能石,
6254,506,70,压扁,技能石,
6255,506,71,双响炮,技能石,
6256,506,72,双星,技能石,
6257,506,73,双联脉冲,技能石,
6258,506,74,反击拳,技能石,
6259,506,78,叠势,技能石,
6260,506,79,叶绿光束,技能石,
6261,506,80,同频,技能石,
6262,506,81,后发制人,技能石,
6263,506,83,吞噬,技能石,
6264,506,86,吹火,技能石,
6265,506,87,吹炎,技能石,
6266,506,90,啄击,技能石,
6267,506,95,四维降解,技能石,
6268,506,97,回旋风暴,技能石,
6269,506,98,地刺,技能石,
6270,506,99,地陷,技能石,
6271,506,100,地震,技能石,
6272,506,101,坍缩,技能石,
6273,506,102,坟场搏击,技能石,
6274,506,103,垂死反击,技能石,
6275,506,104,埋伏,技能石,
6276,506,109,多维击打,技能石,
6277,506,110,大爆炸,技能石,
6278,506,,天体吸积,技能石,
6279,506,111,天光,技能石,
6280,506,112,天旋地转,技能石,
6281,506,113,天洪,技能石,
6282,506,116,孢子爆散,技能石,
6283,506,,寒潮,技能石,
6284,506,119,寒风吹,技能石,
6285,506,120,寸拳,技能石,
6286,506,121,导电撞击,技能石,
6287,506,123,尾后针,技能石,
6288,506,124,山火,技能石,
6289,506,125,岩土暴击,技能石,
6290,506,126,岩脉崩毁,技能石,
6291,506,127,崩拳,技能石,
6292,506,128,幻象,技能石,
6293,506,130,幽灵爆发,技能石,
6294,506,134,强制重启,技能石,
6295,506,135,当头棒喝,技能石,
6296,506,136,彗星,技能石,
6297,506,137,影袭,技能石,
6298,506,138,彼岸之手,技能石,
6299,506,140,微型斥候,技能石,
6300,506,146,恐吓,技能石,
6301,506,151,惊吓盒子,技能石,
6302,506,152,感染病,技能石,
6303,506,153,感电,技能石,
6304,506,154,截拳,技能石,
6305,506,155,扇风,技能石,
6306,506,157,打雪仗,技能石,
6307,506,158,打鼾,技能石,
6308,506,159,扫尾,技能石,
6309,506,161,技巧打击,技能石,
6310,506,163,折射,技能石,
6311,506,165,抛石,技能石,
6312,506,167,抽枝,技能石,
6313,506,170,持续高温,技能石,
6314,506,175,掠夺,技能石,
6315,506,179,撒娇,技能石,
6316,506,180,撕咬,技能石,
6317,506,181,撕裂,技能石,
6318,506,182,撞鬼,技能石,
6319,506,185,散手,技能石,
6320,506,186,斩断,技能石,
6321,506,188,无影脚,技能石,
6322,506,190,易燃物质,技能石,
6323,506,196,暗突袭,技能石,
6324,506,200,月光合奏,技能石,
6325,506,202,杂耍,技能石,
6326,506,204,极寒领域,技能石,
6327,506,206,极限撕裂,技能石,
6328,506,210,栽赃,技能石,
6329,506,211,械斗,技能石,
6330,506,213,棘突,技能石,
6331,506,216,毒囊,技能石,
6332,506,218,毒沼,技能石,
6333,506,221,毒针,技能石,
6334,506,223,气势一击,技能石,
6335,506,225,气泡,技能石,
6336,506,226,气波,技能石,
6337,506,228,水光冲击,技能石,
6338,506,229,水刃,技能石,
6339,506,230,水幕冲击,技能石,
6340,506,231,水弹,技能石,
6341,506,235,水波术,技能石,
6342,506,236,水炮,技能石,
6343,506,238,水花四溅,技能石,
6344,506,240,汲取,技能石,
6345,506,242,泡沫,技能石,
6346,506,244,泥巴喷射,技能石,
6347,506,248,流星火雨,技能石,
6348,506,250,流火,技能石,
6349,506,251,消毒法,技能石,
6350,506,252,涌泉,技能石,
6351,506,257,湮灭,技能石,
6352,506,262,潮涌,技能石,
6353,506,265,火云车,技能石,
6354,506,266,火焰冲锋,技能石,
6355,506,267,火焰切割,技能石,
6356,506,270,火爪,技能石,
6357,506,272,灵光,技能石,
6358,506,273,灵媒,技能石,
6359,506,277,炎打,技能石,
6360,506,278,炎枪,技能石,
6361,506,280,炙热波动,技能石,
6362,506,281,烈焰风暴,技能石,
6363,506,283,热砂,技能石,
6364,506,289,燃尽,技能石,
6365,506,290,爆冲,技能石,
6366,506,291,爆米花爆破,技能石,
6367,506,300,电弧,技能石,
6368,506,305,疾风刺,技能石,
6369,506,308,瘴气喷射,技能石,
6370,506,316,砂糖弹球,技能石,
6371,506,318,破罐破摔,技能石,
6372,506,324,碰爪,技能石,
6373,506,329,离子震荡,技能石,
6374,506,331,种皮爆裂,技能石,
6375,506,333,空间压迫,技能石,
6376,506,334,穿膛,技能石,
6377,506,335,突袭,技能石,
6378,506,337,筛管奔流,技能石,
6379,506,338,粒子对撞,技能石,
6380,506,341,绵里藏针,技能石,
6381,506,343,缠丝劲,技能石,
6382,506,344,网缚,技能石,
6383,506,345,羽刃,技能石,
6384,506,349,翅刃,技能石,
6385,506,350,翼击,技能石,
6386,506,355,肥皂泡,技能石,
6387,506,356,背袭,技能石,
6388,506,357,能量刃,技能石,
6389,506,359,能量炮,技能石,
6390,506,360,脉冲光线,技能石,
6391,506,362,腐蚀酸液,技能石,
6392,506,363,色散,技能石,
6393,506,365,花香,技能石,
6394,506,371,落石,技能石,
6395,506,376,蓄能轰击,技能石,
6396,506,377,藤绞,技能石,
6397,506,381,虫击,技能石,
6398,506,382,虫刺,技能石,
6399,506,384,虫网,技能石,
6400,506,385,虫群,技能石,
6401,506,387,虫群过境,技能石,
6402,506,389,虫蛊,技能石,
6403,506,390,虫鸣,技能石,
6404,506,392,蛰针,技能石,
6405,506,396,裂石,技能石,
6406,506,397,见招拆招,技能石,
6407,506,399,触底强击,技能石,
6408,506,401,许愿星,技能石,
6409,506,402,诋毁,技能石,
6410,506,403,诡刺,技能石,
6411,506,409,超导,技能石,
6412,506,410,超导加速,技能石,
6413,506,412,超级糖果,技能石,
6414,506,414,跌落,技能石,
6415,506,415,践踏,技能石,
6416,506,416,跺地,技能石,
6417,506,422,连续毒针,技能石,
6418,506,423,连续爪击,技能石,
6419,506,424,迫害,技能石,
6420,506,425,迫近攻击,技能石,
6421,506,426,追打,技能石,
6422,506,429,逆袭,技能石,
6423,506,430,透射,技能石,
6424,506,434,重击,技能石,
6425,506,435,金属噪音,技能石,
6426,506,438,钢钻,技能石,
6427,506,441,铁蒺藜,技能石,
6428,506,443,错乱,技能石,
6429,506,445,闪光,技能石,
6430,506,446,闪光冲击,技能石,
6431,506,447,闪击,技能石,
6432,506,448,闪击折返,技能石,
6433,506,449,闪燃,技能石,
6434,506,453,阳火增辉,技能石,
6435,506,454,阻断,技能石,
6436,506,456,除厄,技能石,
6437,506,457,陨石,技能石,
6438,506,459,隼鳞,技能石,
6439,506,465,震击,技能石,
6440,506,469,鞭打,技能石,
6441,506,471,音爆,技能石,
6442,506,472,顶端优势,技能石,
6443,506,476,风矢,技能石,
6444,506,480,飞吻,技能石,
6445,506,481,飞断,技能石,
6446,506,,飞箭,技能石,
6447,506,483,飞踢,技能石,
6448,506,486,高温回火,技能石,
6449,506,490,魔爪,技能石,
6450,506,491,魔能爆,技能石,
6451,506,492,鸣叫,技能石,
6452,506,493,鸣沙陷阱,技能石,
6453,506,494,鸩毒,技能石,
6454,506,497,黑手,技能石,
6455,506,501,龙之利爪,技能石,
6456,506,502,龙卷风,技能石,
6457,506,504,龙吼,技能石,
6458,506,507,龙炮,技能石,
6459,506,18,休息回复,血脉,
6460,506,27,假寐,血脉,
6461,506,66,勾魂,血脉,
6462,506,91,啮合传递,血脉,
6463,506,132,引燃,血脉,
6464,506,139,徒长,血脉,
6465,506,177,提气,血脉,
6466,506,217,毒孢子,血脉,
6467,506,246,泥浆铠甲,血脉,
6468,506,260,漫反射,血脉,
6469,506,297,甜心续航,血脉,
6470,506,346,羽化加速,血脉,
6471,506,375,蓄水,血脉,
6472,506,404,贪婪,血脉,
6473,506,413,超维投射,血脉,
6474,506,468,霜降,血脉,
6475,506,496,麻痹,血脉,
6476,506,503,龙吟,血脉,
6477,506,62,力量增效,默认,13
6478,506,67,化劲,默认,19
6479,506,120,寸拳,默认,7
6480,506,226,气波,默认,16
6481,506,285,热身运动,默认,23
6482,506,370,落星,默认,1
6483,506,451,防御,默认,1
6484,506,489,魔法增效,默认,4
6485,421,24,借用,技能石,
6486,421,29,偷袭,技能石,
6487,421,62,力量增效,技能石,
6488,421,82,吓退,技能石,
6489,421,92,嗜痛,技能石,
6490,421,166,报复,技能石,
6491,421,189,无畏之心,技能石,
6492,421,201,有效预防,技能石,
6493,421,300,电弧,技能石,
6494,421,302,电磁偏转,技能石,
6495,421,334,穿膛,技能石,
6496,421,442,锐利眼神,技能石,
6497,421,451,防御,技能石,
6498,421,38,冥想,血脉,
6499,421,74,反击拳,血脉,
6500,421,176,掩护,血脉,
6501,421,211,械斗,血脉,
6502,421,234,水泡盾,血脉,
6503,421,254,淤泥表皮,血脉,
6504,421,258,溃烂触碰,血脉,
6505,421,268,火焰护盾,血脉,
6506,421,273,灵媒,血脉,
6507,421,324,碰爪,血脉,
6508,421,336,等价交换,血脉,
6509,421,348,羽翼庇护,血脉,
6510,421,393,蜡质膜,血脉,
6511,421,398,角击,血脉,
6512,421,430,透射,血脉,
6513,421,450,防反,血脉,
6514,421,460,集中,血脉,
6515,421,461,雪替身,血脉,
6516,421,31,先发制人,默认,39
6517,421,87,吹炎,默认,50
6518,421,102,坟场搏击,默认,8
6519,421,128,幻象,默认,38
6520,421,207,架势,默认,11
6521,421,380,虚化,默认,34
6522,421,403,诡刺,默认,1
6523,421,455,降灵,默认,4
6524,421,459,隼鳞,默认,46
6525,421,501,龙之利爪,默认,49
6526,421,504,龙吼,默认,26
6527,421,505,龙威,默认,32
6528,421,509,龙血,默认,1
6529,319,20,伪造账单,技能石,
6530,319,24,借用,技能石,
6531,319,45,冰晶坠,技能石,
6532,319,104,埋伏,技能石,
6533,319,142,快速移动,技能石,
6534,319,157,打雪仗,技能石,
6535,319,180,撕咬,技能石,
6536,319,181,撕裂,技能石,
6537,319,195,晒太阳,技能石,
6538,319,201,有效预防,技能石,
6539,319,285,热身运动,技能石,
6540,319,308,瘴气喷射,技能石,
6541,319,423,连续爪击,技能石,
6542,319,426,追打,技能石,
6543,319,451,防御,技能石,
6544,319,489,魔法增效,技能石,
6545,319,494,鸩毒,技能石,
6546,319,497,黑手,技能石,
6547,319,55,冷风,血脉,
6548,319,68,升龙咆哮,血脉,
6549,319,94,噬心,血脉,
6550,319,128,幻象,血脉,
6551,319,160,扬沙,血脉,
6552,319,169,拍击,血脉,
6553,319,191,星云漩涡,血脉,
6554,319,218,毒沼,血脉,
6555,319,242,泡沫,血脉,
6556,319,266,火焰冲锋,血脉,
6557,319,296,球状闪电,血脉,
6558,319,329,离子震荡,血脉,
6559,319,343,缠丝劲,血脉,
6560,319,365,花香,血脉,
6561,319,391,虹光冲击,血脉,
6562,319,402,诋毁,血脉,
6563,319,480,飞吻,血脉,
6564,319,495,鹰爪,血脉,
6565,319,16,以毒攻毒,默认,5
6566,319,60,剧毒,默认,40
6567,319,62,力量增效,默认,21
6568,319,179,撒娇,默认,34
6569,319,187,旋转突击,默认,7
6570,319,200,月光合奏,默认,39
6571,319,216,毒囊,默认,49
6572,319,217,毒孢子,默认,12
6573,319,220,毒液渗透,默认,47
6574,319,258,溃烂触碰,默认,1
6575,319,298,生日蛋糕,默认,27
6576,319,327,示弱,默认,1
6577,319,407,赤子之心,默认,35
6578,319,412,超级糖果,默认,17
6579,319,422,连续毒针,默认,26
6580,319,488,魅惑,默认,1
6581,321,20,伪造账单,技能石,
6582,321,24,借用,技能石,
6583,321,45,冰晶坠,技能石,
6584,321,104,埋伏,技能石,
6585,321,142,快速移动,技能石,
6586,321,157,打雪仗,技能石,
6587,321,180,撕咬,技能石,
6588,321,181,撕裂,技能石,
6589,321,195,晒太阳,技能石,
6590,321,201,有效预防,技能石,
6591,321,285,热身运动,技能石,
6592,321,308,瘴气喷射,技能石,
6593,321,423,连续爪击,技能石,
6594,321,426,追打,技能石,
6595,321,451,防御,技能石,
6596,321,489,魔法增效,技能石,
6597,321,494,鸩毒,技能石,
6598,321,497,黑手,技能石,
6599,321,55,冷风,血脉,
6600,321,68,升龙咆哮,血脉,
6601,321,94,噬心,血脉,
6602,321,128,幻象,血脉,
6603,321,160,扬沙,血脉,
6604,321,169,拍击,血脉,
6605,321,191,星云漩涡,血脉,
6606,321,218,毒沼,血脉,
6607,321,242,泡沫,血脉,
6608,321,266,火焰冲锋,血脉,
6609,321,296,球状闪电,血脉,
6610,321,329,离子震荡,血脉,
6611,321,343,缠丝劲,血脉,
6612,321,365,花香,血脉,
6613,321,391,虹光冲击,血脉,
6614,321,402,诋毁,血脉,
6615,321,480,飞吻,血脉,
6616,321,495,鹰爪,血脉,
6617,321,16,以毒攻毒,默认,5
6618,321,60,剧毒,默认,40
6619,321,62,力量增效,默认,21
6620,321,179,撒娇,默认,34
6621,321,187,旋转突击,默认,7
6622,321,200,月光合奏,默认,39
6623,321,216,毒囊,默认,49
6624,321,217,毒孢子,默认,12
6625,321,220,毒液渗透,默认,47
6626,321,258,溃烂触碰,默认,1
6627,321,298,生日蛋糕,默认,27
6628,321,327,示弱,默认,1
6629,321,407,赤子之心,默认,35
6630,321,412,超级糖果,默认,17
6631,321,422,连续毒针,默认,26
6632,321,488,魅惑,默认,1
6633,494,24,借用,技能石,
6634,494,60,剧毒,技能石,
6635,494,62,力量增效,技能石,
6636,494,92,嗜痛,技能石,
6637,494,123,尾后针,技能石,
6638,494,131,应激反应,技能石,
6639,494,149,恶意逃离,技能石,
6640,494,172,捆缚,技能石,
6641,494,217,毒孢子,技能石,
6642,494,218,毒沼,技能石,
6643,494,222,毒雾,技能石,
6644,494,308,瘴气喷射,技能石,
6645,494,389,虫蛊,技能石,
6646,494,395,血气,技能石,
6647,494,484,食腐,技能石,
6648,494,489,魔法增效,技能石,
6649,494,27,假寐,血脉,
6650,494,68,升龙咆哮,血脉,
6651,494,132,引燃,血脉,
6652,494,139,徒长,血脉,
6653,494,150,恶能量,血脉,
6654,494,160,扬沙,血脉,
6655,494,192,星星撞击,血脉,
6656,494,258,溃烂触碰,血脉,
6657,494,273,灵媒,血脉,
6658,494,297,甜心续航,血脉,
6659,494,346,羽化加速,血脉,
6660,494,375,蓄水,血脉,
6661,494,391,虹光冲击,血脉,
6662,494,406,贯手,血脉,
6663,494,413,超维投射,血脉,
6664,494,435,金属噪音,血脉,
6665,494,468,霜降,血脉,
6666,494,496,麻痹,血脉,
6667,494,18,休息回复,默认,1
6668,494,20,伪造账单,默认,30
6669,494,26,假冒,默认,40
6670,494,196,暗突袭,默认,47
6671,494,197,暗箱操作,默认,39
6672,494,202,杂耍,默认,6
6673,494,210,栽赃,默认,37
6674,494,215,欺诈契约,默认,36
6675,494,336,等价交换,默认,34
6676,494,370,落星,默认,1
6677,494,394,蝙蝠,默认,5
6678,494,404,贪婪,默认,12
6679,494,408,趁火打劫,默认,35
6680,494,451,防御,默认,23
6681,494,485,骗局,默认,28
6682,495,24,借用,技能石,
6683,495,60,剧毒,技能石,
6684,495,62,力量增效,技能石,
6685,495,92,嗜痛,技能石,
6686,495,123,尾后针,技能石,
6687,495,131,应激反应,技能石,
6688,495,149,恶意逃离,技能石,
6689,495,172,捆缚,技能石,
6690,495,217,毒孢子,技能石,
6691,495,218,毒沼,技能石,
6692,495,222,毒雾,技能石,
6693,495,308,瘴气喷射,技能石,
6694,495,389,虫蛊,技能石,
6695,495,395,血气,技能石,
6696,495,484,食腐,技能石,
6697,495,489,魔法增效,技能石,
6698,495,27,假寐,血脉,
6699,495,68,升龙咆哮,血脉,
6700,495,132,引燃,血脉,
6701,495,139,徒长,血脉,
6702,495,150,恶能量,血脉,
6703,495,160,扬沙,血脉,
6704,495,192,星星撞击,血脉,
6705,495,258,溃烂触碰,血脉,
6706,495,273,灵媒,血脉,
6707,495,297,甜心续航,血脉,
6708,495,346,羽化加速,血脉,
6709,495,375,蓄水,血脉,
6710,495,391,虹光冲击,血脉,
6711,495,406,贯手,血脉,
6712,495,413,超维投射,血脉,
6713,495,435,金属噪音,血脉,
6714,495,468,霜降,血脉,
6715,495,496,麻痹,血脉,
6716,495,18,休息回复,默认,1
6717,495,20,伪造账单,默认,30
6718,495,26,假冒,默认,40
6719,495,196,暗突袭,默认,47
6720,495,197,暗箱操作,默认,39
6721,495,202,杂耍,默认,6
6722,495,210,栽赃,默认,37
6723,495,215,欺诈契约,默认,36
6724,495,336,等价交换,默认,34
6725,495,370,落星,默认,1
6726,495,394,蝙蝠,默认,5
6727,495,404,贪婪,默认,12
6728,495,408,趁火打劫,默认,35
6729,495,451,防御,默认,23
6730,495,485,骗局,默认,28
6731,493,24,借用,技能石,
6732,493,60,剧毒,技能石,
6733,493,62,力量增效,技能石,
6734,493,92,嗜痛,技能石,
6735,493,123,尾后针,技能石,
6736,493,131,应激反应,技能石,
6737,493,149,恶意逃离,技能石,
6738,493,172,捆缚,技能石,
6739,493,217,毒孢子,技能石,
6740,493,218,毒沼,技能石,
6741,493,222,毒雾,技能石,
6742,493,308,瘴气喷射,技能石,
6743,493,389,虫蛊,技能石,
6744,493,395,血气,技能石,
6745,493,484,食腐,技能石,
6746,493,489,魔法增效,技能石,
6747,493,27,假寐,血脉,
6748,493,68,升龙咆哮,血脉,
6749,493,132,引燃,血脉,
6750,493,139,徒长,血脉,
6751,493,150,恶能量,血脉,
6752,493,160,扬沙,血脉,
6753,493,192,星星撞击,血脉,
6754,493,258,溃烂触碰,血脉,
6755,493,273,灵媒,血脉,
6756,493,297,甜心续航,血脉,
6757,493,346,羽化加速,血脉,
6758,493,375,蓄水,血脉,
6759,493,391,虹光冲击,血脉,
6760,493,406,贯手,血脉,
6761,493,413,超维投射,血脉,
6762,493,435,金属噪音,血脉,
6763,493,468,霜降,血脉,
6764,493,496,麻痹,血脉,
6765,493,18,休息回复,默认,1
6766,493,20,伪造账单,默认,30
6767,493,26,假冒,默认,40
6768,493,196,暗突袭,默认,47
6769,493,197,暗箱操作,默认,39
6770,493,202,杂耍,默认,6
6771,493,210,栽赃,默认,37
6772,493,215,欺诈契约,默认,36
6773,493,336,等价交换,默认,34
6774,493,370,落星,默认,1
6775,493,394,蝙蝠,默认,5
6776,493,404,贪婪,默认,12
6777,493,408,趁火打劫,默认,35
6778,493,451,防御,默认,23
6779,493,485,骗局,默认,28
6780,238,8,主场优势,技能石,
6781,238,12,乱打,技能石,
6782,238,24,借用,技能石,
6783,238,67,化劲,技能石,
6784,238,92,嗜痛,技能石,
6785,238,111,天光,技能石,
6786,238,132,引燃,技能石,
6787,238,201,有效预防,技能石,
6788,238,280,炙热波动,技能石,
6789,238,289,燃尽,技能石,
6790,238,395,血气,技能石,
6791,238,444,镜像反射,技能石,
6792,238,452,防御反击,技能石,
6793,238,453,阳火增辉,技能石,
6794,238,454,阻断,技能石,
6795,238,491,魔能爆,技能石,
6796,238,38,冥想,血脉,
6797,238,68,升龙咆哮,血脉,
6798,238,176,掩护,血脉,
6799,238,211,械斗,血脉,
6800,238,234,水泡盾,血脉,
6801,238,258,溃烂触碰,血脉,
6802,238,269,火焰箭,血脉,
6803,238,324,碰爪,血脉,
6804,238,336,等价交换,血脉,
6805,238,348,羽翼庇护,血脉,
6806,238,380,虚化,血脉,
6807,238,393,蜡质膜,血脉,
6808,238,406,贯手,血脉,
6809,238,416,跺地,血脉,
6810,238,430,透射,血脉,
6811,238,450,防反,血脉,
6812,238,460,集中,血脉,
6813,238,461,雪替身,血脉,
6814,238,78,叠势,默认,37
6815,238,85,听桥,默认,48
6816,238,144,怒火,默认,29
6817,238,170,持续高温,默认,28
6818,238,186,斩断,默认,35
6819,238,226,气波,默认,1
6820,238,255,淬火,默认,27
6821,238,277,炎打,默认,12
6822,238,287,焚毁,默认,36
6823,238,292,爆裂飞弹,默认,38
6824,238,451,防御,默认,1
6825,238,486,高温回火,默认,10
6826,238,489,魔法增效,默认,17
6827,154,2,三连破,技能石,
6828,154,57,击鼓传花,技能石,
6829,154,76,取念,技能石,
6830,154,78,叠势,技能石,
6831,154,142,快速移动,技能石,
6832,154,177,提气,技能石,
6833,154,179,撒娇,技能石,
6834,154,195,晒太阳,技能石,
6835,154,197,暗箱操作,技能石,
6836,154,200,月光合奏,技能石,
6837,154,201,有效预防,技能石,
6838,154,285,热身运动,技能石,
6839,154,297,甜心续航,技能石,
6840,154,317,破绽,技能石,
6841,154,343,缠丝劲,技能石,
6842,154,480,飞吻,技能石,
6843,154,18,休息回复,血脉,
6844,154,27,假寐,血脉,
6845,154,66,勾魂,血脉,
6846,154,67,化劲,血脉,
6847,154,68,升龙咆哮,血脉,
6848,154,91,啮合传递,血脉,
6849,154,132,引燃,血脉,
6850,154,139,徒长,血脉,
6851,154,217,毒孢子,血脉,
6852,154,232,水弹枪,血脉,
6853,154,246,泥浆铠甲,血脉,
6854,154,346,羽化加速,血脉,
6855,154,391,虹光冲击,血脉,
6856,154,402,诋毁,血脉,
6857,154,413,超维投射,血脉,
6858,154,468,霜降,血脉,
6859,154,488,魅惑,血脉,
6860,154,496,麻痹,血脉,
6861,154,20,伪造账单,默认,38
6862,154,62,力量增效,默认,28
6863,154,88,咆哮,默认,13
6864,154,149,恶意逃离,默认,50
6865,154,175,掠夺,默认,6
6866,154,180,撕咬,默认,48
6867,154,215,欺诈契约,默认,41
6868,154,336,等价交换,默认,35
6869,154,394,蝙蝠,默认,36
6870,154,404,贪婪,默认,1
6871,154,451,防御,默认,1
6872,154,458,隐藏条款,默认,46
6873,154,470,音波弹,默认,22
6874,154,490,魔爪,默认,1
6875,154,497,黑手,默认,40
6876,424,23,俯冲猛击,技能石,
6877,424,87,吹炎,技能石,
6878,424,108,复写,技能石,
6879,424,131,应激反应,技能石,
6880,424,132,引燃,技能石,
6881,424,135,当头棒喝,技能石,
6882,424,201,有效预防,技能石,
6883,424,265,火云车,技能石,
6884,424,423,连续爪击,技能石,
6885,424,442,锐利眼神,技能石,
6886,424,449,闪燃,技能石,
6887,424,459,隼鳞,技能石,
6888,424,501,龙之利爪,技能石,
6889,424,503,龙吟,技能石,
6890,424,504,龙吼,技能石,
6891,424,47,冰爪,血脉,
6892,424,68,升龙咆哮,血脉,
6893,424,94,噬心,血脉,
6894,424,150,恶能量,血脉,
6895,424,191,星云漩涡,血脉,
6896,424,192,星星撞击,血脉,
6897,424,211,械斗,血脉,
6898,424,218,毒沼,血脉,
6899,424,242,泡沫,血脉,
6900,424,269,火焰箭,血脉,
6901,424,273,灵媒,血脉,
6902,424,296,球状闪电,血脉,
6903,424,324,碰爪,血脉,
6904,424,343,缠丝劲,血脉,
6905,424,365,花香,血脉,
6906,424,416,跺地,血脉,
6907,424,430,透射,血脉,
6908,424,476,风矢,血脉,
6909,424,20,伪造账单,默认,8
6910,424,31,先发制人,默认,13
6911,424,62,力量增效,默认,1
6912,424,138,彼岸之手,默认,35
6913,424,148,恶念交换,默认,50
6914,424,149,恶意逃离,默认,36
6915,424,181,撕裂,默认,46
6916,424,196,暗突袭,默认,50
6917,424,206,极限撕裂,默认,33
6918,424,215,欺诈契约,默认,26
6919,424,394,蝙蝠,默认,1
6920,424,402,诋毁,默认,3
6921,424,451,防御,默认,1
6922,424,458,隐藏条款,默认,34
6923,251,8,主场优势,技能石,
6924,251,24,借用,技能石,
6925,251,25,倾泻,技能石,
6926,251,29,偷袭,技能石,
6927,251,62,力量增效,技能石,
6928,251,98,地刺,技能石,
6929,251,179,撒娇,技能石,
6930,251,201,有效预防,技能石,
6931,251,244,泥巴喷射,技能石,
6932,251,285,热身运动,技能石,
6933,251,371,落石,技能石,
6934,251,377,藤绞,技能石,
6935,251,412,超级糖果,技能石,
6936,251,440,钧势,技能石,
6937,251,442,锐利眼神,技能石,
6938,251,465,震击,技能石,
6939,251,472,顶端优势,技能石,
6940,251,55,冷风,血脉,
6941,251,68,升龙咆哮,血脉,
6942,251,94,噬心,血脉,
6943,251,128,幻象,血脉,
6944,251,150,恶能量,血脉,
6945,251,160,扬沙,血脉,
6946,251,169,拍击,血脉,
6947,251,191,星云漩涡,血脉,
6948,251,242,泡沫,血脉,
6949,251,258,溃烂触碰,血脉,
6950,251,266,火焰冲锋,血脉,
6951,251,296,球状闪电,血脉,
6952,251,329,离子震荡,血脉,
6953,251,365,花香,血脉,
6954,251,391,虹光冲击,血脉,
6955,251,406,贯手,血脉,
6956,251,488,魅惑,血脉,
6957,251,495,鹰爪,血脉,
6958,251,1,一拳,默认,22
6959,251,31,先发制人,默认,11
6960,251,63,加固,默认,1
6961,251,67,化劲,默认,8
6962,251,78,叠势,默认,30
6963,251,154,截拳,默认,38
6964,251,161,技巧打击,默认,46
6965,251,177,提气,默认,29
6966,251,178,摇篮曲,默认,35
6967,251,188,无影脚,默认,36
6968,251,226,气波,默认,1
6969,251,343,缠丝劲,默认,4
6970,251,434,重击,默认,45
6971,251,451,防御,默认,1
6972,251,498,鼓劲,默认,16
6973,146,21,伺机而动,技能石,
6974,146,33,光刃,技能石,
6975,146,35,光球,技能石,
6976,146,104,埋伏,技能石,
6977,146,108,复写,技能石,
6978,146,175,掠夺,技能石,
6979,146,178,摇篮曲,技能石,
6980,146,180,撕咬,技能石,
6981,146,196,暗突袭,技能石,
6982,146,248,流星火雨,技能石,
6983,146,260,漫反射,技能石,
6984,146,277,炎打,技能石,
6985,146,285,热身运动,技能石,
6986,146,454,阻断,技能石,
6987,146,496,麻痹,技能石,
6988,146,497,黑手,技能石,
6989,146,68,升龙咆哮,血脉,
6990,146,94,噬心,血脉,
6991,146,128,幻象,血脉,
6992,146,150,恶能量,血脉,
6993,146,160,扬沙,血脉,
6994,146,169,拍击,血脉,
6995,146,191,星云漩涡,血脉,
6996,146,242,泡沫,血脉,
6997,146,258,溃烂触碰,血脉,
6998,146,266,火焰冲锋,血脉,
6999,146,329,离子震荡,血脉,
7000,146,365,花香,血脉,
7001,146,391,虹光冲击,血脉,
7002,146,400,触电,血脉,
7003,146,406,贯手,血脉,
7004,146,468,霜降,血脉,
7005,146,488,魅惑,血脉,
7006,146,495,鹰爪,血脉,
7007,146,10,乘胜追击,默认,34
7008,146,14,交叉闪电,默认,38
7009,146,134,强制重启,默认,50
7010,146,195,晒太阳,默认,23
7011,146,296,球状闪电,默认,7
7012,146,303,电离爆破,默认,35
7013,146,325,磁干扰,默认,1
7014,146,328,离子火花,默认,24
7015,146,409,超导,默认,16
7016,146,420,过载回路,默认,8
7017,146,421,远程访问,默认,28
7018,146,426,追打,默认,49
7019,146,451,防御,默认,12
7020,146,463,雷暴,默认,40
7021,146,489,魔法增效,默认,1
7022,147,2,三连破,技能石,
7023,147,10,乘胜追击,技能石,
7024,147,21,伺机而动,技能石,
7025,147,102,坟场搏击,技能石,
7026,147,104,埋伏,技能石,
7027,147,108,复写,技能石,
7028,147,137,影袭,技能石,
7029,147,177,提气,技能石,
7030,147,195,晒太阳,技能石,
7031,147,226,气波,技能石,
7032,147,285,热身运动,技能石,
7033,147,317,破绽,技能石,
7034,147,356,背袭,技能石,
7035,147,448,闪击折返,技能石,
7036,147,454,阻断,技能石,
7037,147,496,麻痹,技能石,
7038,147,68,升龙咆哮,血脉,
7039,147,94,噬心,血脉,
7040,147,128,幻象,血脉,
7041,147,150,恶能量,血脉,
7042,147,160,扬沙,血脉,
7043,147,164,折线冲击,血脉,
7044,147,169,拍击,血脉,
7045,147,191,星云漩涡,血脉,
7046,147,242,泡沫,血脉,
7047,147,258,溃烂触碰,血脉,
7048,147,266,火焰冲锋,血脉,
7049,147,329,离子震荡,血脉,
7050,147,365,花香,血脉,
7051,147,400,触电,血脉,
7052,147,406,贯手,血脉,
7053,147,468,霜降,血脉,
7054,147,488,魅惑,血脉,
7055,147,495,鹰爪,血脉,
7056,147,32,光之矛,默认,44
7057,147,35,光球,默认,32
7058,147,64,加大功率,默认,33
7059,147,106,增程电池,默认,24
7060,147,111,天光,默认,34
7061,147,121,导电撞击,默认,1
7062,147,134,强制重启,默认,50
7063,147,260,漫反射,默认,7
7064,147,328,离子火花,默认,14
7065,147,391,虹光冲击,默认,39
7066,147,409,超导,默认,1
7067,147,419,过曝,默认,48
7068,147,451,防御,默认,10
7069,147,463,雷暴,默认,49
7070,147,489,魔法增效,默认,1
7071,44,5,不可接触,技能石,
7072,44,63,加固,技能石,
7073,44,76,取念,技能石,
7074,44,82,吓退,技能石,
7075,44,102,坟场搏击,技能石,
7076,44,116,孢子爆散,技能石,
7077,44,189,无畏之心,技能石,
7078,44,285,热身运动,技能石,
7079,44,334,穿膛,技能石,
7080,44,340,纤维化,技能石,
7081,44,359,能量炮,技能石,
7082,44,362,腐蚀酸液,技能石,
7083,44,380,虚化,技能石,
7084,44,395,血气,技能石,
7085,44,422,连续毒针,技能石,
7086,44,498,鼓劲,技能石,
7087,44,38,冥想,血脉,
7088,44,68,升龙咆哮,血脉,
7089,44,74,反击拳,血脉,
7090,44,176,掩护,血脉,
7091,44,234,水泡盾,血脉,
7092,44,258,溃烂触碰,血脉,
7093,44,268,火焰护盾,血脉,
7094,44,273,灵媒,血脉,
7095,44,329,离子震荡,血脉,
7096,44,336,等价交换,血脉,
7097,44,367,荆棘爪,血脉,
7098,44,391,虹光冲击,血脉,
7099,44,416,跺地,血脉,
7100,44,450,防反,血脉,
7101,44,460,集中,血脉,
7102,44,461,雪替身,血脉,
7103,44,475,风墙,血脉,
7104,44,488,魅惑,血脉,
7105,44,79,叶绿光束,默认,39
7106,44,93,嘲弄,默认,13
7107,44,128,幻象,默认,28
7108,44,151,惊吓盒子,默认,42
7109,44,162,抓挠,默认,19
7110,44,166,报复,默认,25
7111,44,167,抽枝,默认,47
7112,44,227,氧输送,默认,6
7113,44,240,汲取,默认,10
7114,44,272,灵光,默认,37
7115,44,330,种子弹,默认,8
7116,44,377,藤绞,默认,36
7117,44,433,酶浓度调整,默认,35
7118,44,451,防御,默认,1
7119,44,455,降灵,默认,21
7120,44,487,鬼火,默认,1
7121,102,61,力量吞噬,技能石,
7122,102,82,吓退,技能石,
7123,102,132,引燃,技能石,
7124,102,175,掠夺,技能石,
7125,102,178,摇篮曲,技能石,
7126,102,183,操控,技能石,
7127,102,197,暗箱操作,技能石,
7128,102,250,流火,技能石,
7129,102,263,激怒,技能石,
7130,102,284,热身,技能石,
7131,102,334,穿膛,技能石,
7132,102,339,精神扰乱,技能石,
7133,102,404,贪婪,技能石,
7134,102,497,黑手,技能石,
7135,102,18,休息回复,血脉,
7136,102,27,假寐,血脉,
7137,102,67,化劲,血脉,
7138,102,68,升龙咆哮,血脉,
7139,102,91,啮合传递,血脉,
7140,102,139,徒长,血脉,
7141,102,217,毒孢子,血脉,
7142,102,246,泥浆铠甲,血脉,
7143,102,269,火焰箭,血脉,
7144,102,273,灵媒,血脉,
7145,102,297,甜心续航,血脉,
7146,102,346,羽化加速,血脉,
7147,102,375,蓄水,血脉,
7148,102,391,虹光冲击,血脉,
7149,102,402,诋毁,血脉,
7150,102,413,超维投射,血脉,
7151,102,468,霜降,血脉,
7152,102,496,麻痹,血脉,
7153,102,66,勾魂,默认,5
7154,102,76,取念,默认,11
7155,102,93,嘲弄,默认,35
7156,102,130,幽灵爆发,默认,16
7157,102,146,恐吓,默认,39
7158,102,147,恶作剧,默认,45
7159,102,166,报复,默认,27
7160,102,352,聒噪,默认,21
7161,102,356,背袭,默认,34
7162,102,401,许愿星,默认,10
7163,102,451,防御,默认,1
7164,102,455,降灵,默认,40
7165,102,487,鬼火,默认,1
7166,187,25,倾泻,技能石,
7167,187,55,冷风,技能石,
7168,187,79,叶绿光束,技能石,
7169,187,97,回旋风暴,技能石,
7170,187,108,复写,技能石,
7171,187,204,极寒领域,技能石,
7172,187,209,根吸收,技能石,
7173,187,225,气泡,技能石,
7174,187,346,羽化加速,技能石,
7175,187,350,翼击,技能石,
7176,187,351,耀眼,技能石,
7177,187,375,蓄水,技能石,
7178,187,409,超导,技能石,
7179,187,421,远程访问,技能石,
7180,187,426,追打,技能石,
7181,187,431,速冻,技能石,
7182,187,496,麻痹,技能石,
7183,187,502,龙卷风,技能石,
7184,187,47,冰爪,血脉,
7185,187,68,升龙咆哮,血脉,
7186,187,123,尾后针,血脉,
7187,187,164,折线冲击,血脉,
7188,187,192,星星撞击,血脉,
7189,187,218,毒沼,血脉,
7190,187,270,火爪,血脉,
7191,187,273,灵媒,血脉,
7192,187,325,磁干扰,血脉,
7193,187,329,离子震荡,血脉,
7194,187,355,肥皂泡,血脉,
7195,187,367,荆棘爪,血脉,
7196,187,406,贯手,血脉,
7197,187,416,跺地,血脉,
7198,187,437,针状物,血脉,
7199,187,476,风矢,血脉,
7200,187,488,魅惑,血脉,
7201,187,497,黑手,血脉,
7202,187,21,伺机而动,默认,28
7203,187,111,天光,默认,27
7204,187,142,快速移动,默认,39
7205,187,163,折射,默认,37
7206,187,195,晒太阳,默认,18
7207,187,260,漫反射,默认,36
7208,187,335,突袭,默认,40
7209,187,391,虹光冲击,默认,9
7210,187,401,许愿星,默认,1
7211,187,419,过曝,默认,30
7212,187,451,防御,默认,13
7213,187,454,阻断,默认,50
7214,187,489,魔法增效,默认,1
7215,255,10,乘胜追击,技能石,
7216,255,25,倾泻,技能石,
7217,255,29,偷袭,技能石,
7218,255,32,光之矛,技能石,
7219,255,67,化劲,技能石,
7220,255,71,双响炮,技能石,
7221,255,108,复写,技能石,
7222,255,177,提气,技能石,
7223,255,201,有效预防,技能石,
7224,255,260,漫反射,技能石,
7225,255,285,热身运动,技能石,
7226,255,343,缠丝劲,技能石,
7227,255,423,连续爪击,技能石,
7228,255,442,锐利眼神,技能石,
7229,255,47,冰爪,血脉,
7230,255,68,升龙咆哮,血脉,
7231,255,74,反击拳,血脉,
7232,255,94,噬心,血脉,
7233,255,150,恶能量,血脉,
7234,255,164,折线冲击,血脉,
7235,255,191,星云漩涡,血脉,
7236,255,211,械斗,血脉,
7237,255,218,毒沼,血脉,
7238,255,242,泡沫,血脉,
7239,255,266,火焰冲锋,血脉,
7240,255,273,灵媒,血脉,
7241,255,294,猛烈撞击,血脉,
7242,255,296,球状闪电,血脉,
7243,255,324,碰爪,血脉,
7244,255,365,花香,血脉,
7245,255,416,跺地,血脉,
7246,255,476,风矢,血脉,
7247,255,2,三连破,默认,38
7248,255,11,乘风,默认,12
7249,255,90,啄击,默认,1
7250,255,142,快速移动,默认,44
7251,255,155,扇风,默认,35
7252,255,305,疾风刺,默认,5
7253,255,345,羽刃,默认,48
7254,255,346,羽化加速,默认,33
7255,255,397,见招拆招,默认,26
7256,255,447,闪击,默认,41
7257,255,451,防御,默认,21
7258,255,482,飞羽,默认,1
7259,255,502,龙卷风,默认,49
7260,256,10,乘胜追击,技能石,
7261,256,25,倾泻,技能石,
7262,256,29,偷袭,技能石,
7263,256,32,光之矛,技能石,
7264,256,67,化劲,技能石,
7265,256,71,双响炮,技能石,
7266,256,108,复写,技能石,
7267,256,177,提气,技能石,
7268,256,201,有效预防,技能石,
7269,256,260,漫反射,技能石,
7270,256,285,热身运动,技能石,
7271,256,343,缠丝劲,技能石,
7272,256,423,连续爪击,技能石,
7273,256,442,锐利眼神,技能石,
7274,256,47,冰爪,血脉,
7275,256,68,升龙咆哮,血脉,
7276,256,74,反击拳,血脉,
7277,256,94,噬心,血脉,
7278,256,150,恶能量,血脉,
7279,256,164,折线冲击,血脉,
7280,256,191,星云漩涡,血脉,
7281,256,211,械斗,血脉,
7282,256,218,毒沼,血脉,
7283,256,242,泡沫,血脉,
7284,256,266,火焰冲锋,血脉,
7285,256,273,灵媒,血脉,
7286,256,294,猛烈撞击,血脉,
7287,256,296,球状闪电,血脉,
7288,256,324,碰爪,血脉,
7289,256,365,花香,血脉,
7290,256,416,跺地,血脉,
7291,256,476,风矢,血脉,
7292,256,2,三连破,默认,35
7293,256,11,乘风,默认,3
7294,256,90,啄击,默认,1
7295,256,142,快速移动,默认,41
7296,256,155,扇风,默认,31
7297,256,305,疾风刺,默认,1
7298,256,345,羽刃,默认,43
7299,256,346,羽化加速,默认,28
7300,256,397,见招拆招,默认,13
7301,256,447,闪击,默认,36
7302,256,451,防御,默认,6
7303,256,482,飞羽,默认,1
7304,256,502,龙卷风,默认,49
7305,413,23,俯冲猛击,技能石,
7306,413,24,借用,技能石,
7307,413,25,倾泻,技能石,
7308,413,62,力量增效,技能石,
7309,413,92,嗜痛,技能石,
7310,413,155,扇风,技能石,
7311,413,189,无畏之心,技能石,
7312,413,206,极限撕裂,技能石,
7313,413,223,气势一击,技能石,
7314,413,348,羽翼庇护,技能石,
7315,413,379,虚假破产,技能石,
7316,413,395,血气,技能石,
7317,413,478,风隐,技能石,
7318,413,38,冥想,血脉,
7319,413,68,升龙咆哮,血脉,
7320,413,74,反击拳,血脉,
7321,413,94,噬心,血脉,
7322,413,192,星星撞击,血脉,
7323,413,211,械斗,血脉,
7324,413,234,水泡盾,血脉,
7325,413,254,淤泥表皮,血脉,
7326,413,258,溃烂触碰,血脉,
7327,413,268,火焰护盾,血脉,
7328,413,324,碰爪,血脉,
7329,413,336,等价交换,血脉,
7330,413,380,虚化,血脉,
7331,413,393,蜡质膜,血脉,
7332,413,430,透射,血脉,
7333,413,460,集中,血脉,
7334,413,461,雪替身,血脉,
7335,413,475,风墙,血脉,
7336,413,82,吓退,默认,37
7337,413,89,啃咬,默认,48
7338,413,123,尾后针,默认,10
7339,413,176,掩护,默认,23
7340,413,344,网缚,默认,25
7341,413,349,翅刃,默认,46
7342,413,383,虫结阵,默认,45
7343,413,387,虫群过境,默认,39
7344,413,388,虫茧,默认,12
7345,413,392,蛰针,默认,1
7346,413,451,防御,默认,1
7347,413,481,飞断,默认,5
7348,413,484,食腐,默认,30
7349,209,46,冰点,技能石,
7350,209,76,取念,技能石,
7351,209,104,埋伏,技能石,
7352,209,134,强制重启,技能石,
7353,209,178,摇篮曲,技能石,
7354,209,203,杠杆置换,技能石,
7355,209,335,突袭,技能石,
7356,209,355,肥皂泡,技能石,
7357,209,401,许愿星,技能石,
7358,209,420,过载回路,技能石,
7359,209,435,金属噪音,技能石,
7360,209,454,阻断,技能石,
7361,209,471,音爆,技能石,
7362,209,489,魔法增效,技能石,
7363,209,38,冥想,血脉,
7364,209,68,升龙咆哮,血脉,
7365,209,176,掩护,血脉,
7366,209,211,械斗,血脉,
7367,209,258,溃烂触碰,血脉,
7368,209,268,火焰护盾,血脉,
7369,209,273,灵媒,血脉,
7370,209,324,碰爪,血脉,
7371,209,336,等价交换,血脉,
7372,209,343,缠丝劲,血脉,
7373,209,348,羽翼庇护,血脉,
7374,209,375,蓄水,血脉,
7375,209,391,虹光冲击,血脉,
7376,209,393,蜡质膜,血脉,
7377,209,400,触电,血脉,
7378,209,416,跺地,血脉,
7379,209,450,防反,血脉,
7380,209,468,霜降,血脉,
7381,209,50,冰锋横扫,默认,28
7382,209,106,增程电池,默认,35
7383,209,119,寒风吹,默认,10
7384,209,153,感电,默认,42
7385,209,204,极寒领域,默认,50
7386,209,301,电流,默认,22
7387,209,352,聒噪,默认,6
7388,209,373,落雷,默认,49
7389,209,410,超导加速,默认,1
7390,209,451,防御,默认,11
7391,209,464,雾气环绕,默认,47
7392,209,466,霜冻,默认,23
7393,209,474,风吹雪,默认,1
7394,462,13,二律背反,技能石,
7395,462,24,借用,技能石,
7396,462,64,加大功率,技能石,
7397,462,82,吓退,技能石,
7398,462,101,坍缩,技能石,
7399,462,111,天光,技能石,
7400,462,131,应激反应,技能石,
7401,462,141,心灵洞悉,技能石,
7402,462,142,快速移动,技能石,
7403,462,195,晒太阳,技能石,
7404,462,339,精神扰乱,技能石,
7405,462,352,聒噪,技能石,
7406,462,451,防御,技能石,
7407,462,27,假寐,血脉,
7408,462,66,勾魂,血脉,
7409,462,67,化劲,血脉,
7410,462,68,升龙咆哮,血脉,
7411,462,91,啮合传递,血脉,
7412,462,132,引燃,血脉,
7413,462,139,徒长,血脉,
7414,462,143,念力膨胀,血脉,
7415,462,192,星星撞击,血脉,
7416,462,217,毒孢子,血脉,
7417,462,246,泥浆铠甲,血脉,
7418,462,297,甜心续航,血脉,
7419,462,346,羽化加速,血脉,
7420,462,375,蓄水,血脉,
7421,462,391,虹光冲击,血脉,
7422,462,400,触电,血脉,
7423,462,404,贪婪,血脉,
7424,462,468,霜降,血脉,
7425,462,110,大爆炸,默认,25
7426,462,153,感电,默认,21
7427,462,193,星轨裂变,默认,1
7428,462,257,湮灭,默认,47
7429,462,302,电磁偏转,默认,4
7430,462,373,落雷,默认,35
7431,462,409,超导,默认,1
7432,462,413,超维投射,默认,39
7433,462,420,过载回路,默认,23
7434,462,421,远程访问,默认,31
7435,462,437,针状物,默认,8
7436,462,489,魔法增效,默认,11
7437,462,496,麻痹,默认,48
7438,314,24,借用,技能石,
7439,314,29,偷袭,技能石,
7440,314,58,刺盾,技能石,
7441,314,62,力量增效,技能石,
7442,314,70,压扁,技能石,
7443,314,82,吓退,技能石,
7444,314,95,四维降解,技能石,
7445,314,189,无畏之心,技能石,
7446,314,211,械斗,技能石,
7447,314,212,棘刺,技能石,
7448,314,244,泥巴喷射,技能石,
7449,314,320,硬化,技能石,
7450,314,427,退化,技能石,
7451,314,438,钢钻,技能石,
7452,314,465,震击,技能石,
7453,314,471,音爆,技能石,
7454,314,68,升龙咆哮,血脉,
7455,314,74,反击拳,血脉,
7456,314,123,尾后针,血脉,
7457,314,143,念力膨胀,血脉,
7458,314,234,水泡盾,血脉,
7459,314,254,淤泥表皮,血脉,
7460,314,258,溃烂触碰,血脉,
7461,314,268,火焰护盾,血脉,
7462,314,336,等价交换,血脉,
7463,314,380,虚化,血脉,
7464,314,391,虹光冲击,血脉,
7465,314,393,蜡质膜,血脉,
7466,314,435,金属噪音,血脉,
7467,314,450,防反,血脉,
7468,314,460,集中,血脉,
7469,314,461,雪替身,血脉,
7470,314,475,风墙,血脉,
7471,314,488,魅惑,血脉,
7472,314,9,主轴,默认,29
7473,314,38,冥想,默认,35
7474,314,72,双星,默认,39
7475,314,81,后发制人,默认,40
7476,314,91,啮合传递,默认,10
7477,314,191,星云漩涡,默认,13
7478,314,194,星链,默认,18
7479,314,203,杠杆置换,默认,1
7480,314,326,磁暴,默认,36
7481,314,329,离子震荡,默认,6
7482,314,338,粒子对撞,默认,1
7483,314,358,能量守恒,默认,1
7484,314,437,针状物,默认,25
7485,314,443,错乱,默认,50
7486,314,451,防御,默认,23
7487,314,499,齿轮切开,默认,49
7488,439,76,取念,技能石,
7489,439,131,应激反应,技能石,
7490,439,142,快速移动,技能石,
7491,439,155,扇风,技能石,
7492,439,178,摇篮曲,技能石,
7493,439,195,晒太阳,技能石,
7494,439,263,激怒,技能石,
7495,439,339,精神扰乱,技能石,
7496,439,383,虫结阵,技能石,
7497,439,405,贮藏,技能石,
7498,439,427,退化,技能石,
7499,439,451,防御,技能石,
7500,439,477,风起,技能石,
7501,439,481,飞断,技能石,
7502,439,489,魔法增效,技能石,
7503,439,492,鸣叫,技能石,
7504,439,18,休息回复,血脉,
7505,439,66,勾魂,血脉,
7506,439,67,化劲,血脉,
7507,439,68,升龙咆哮,血脉,
7508,439,91,啮合传递,血脉,
7509,439,123,尾后针,血脉,
7510,439,132,引燃,血脉,
7511,439,139,徒长,血脉,
7512,439,164,折线冲击,血脉,
7513,439,217,毒孢子,血脉,
7514,439,246,泥浆铠甲,血脉,
7515,439,346,羽化加速,血脉,
7516,439,375,蓄水,血脉,
7517,439,404,贪婪,血脉,
7518,439,413,超维投射,血脉,
7519,439,468,霜降,血脉,
7520,439,480,飞吻,血脉,
7521,439,496,麻痹,血脉,
7522,439,27,假寐,默认,1
7523,439,33,光刃,默认,44
7524,439,35,光球,默认,38
7525,439,62,力量增效,默认,24
7526,439,89,啃咬,默认,22
7527,439,172,捆缚,默认,14
7528,439,184,放晴,默认,41
7529,439,260,漫反射,默认,33
7530,439,360,脉冲光线,默认,1
7531,439,368,草虫冲击,默认,34
7532,439,370,落星,默认,25
7533,439,384,虫网,默认,8
7534,439,386,虫群智慧,默认,36
7535,439,390,虫鸣,默认,35
7536,439,391,虹光冲击,默认,42
7537,439,444,镜像反射,默认,6
7538,335,2,三连破,技能石,
7539,335,10,乘胜追击,技能石,
7540,335,21,伺机而动,技能石,
7541,335,29,偷袭,技能石,
7542,335,76,取念,技能石,
7543,335,87,吹炎,技能石,
7544,335,131,应激反应,技能石,
7545,335,137,影袭,技能石,
7546,335,142,快速移动,技能石,
7547,335,238,水花四溅,技能石,
7548,335,285,热身运动,技能石,
7549,335,290,爆冲,技能石,
7550,335,451,防御,技能石,
7551,335,47,冰爪,血脉,
7552,335,94,噬心,血脉,
7553,335,150,恶能量,血脉,
7554,335,191,星云漩涡,血脉,
7555,335,211,械斗,血脉,
7556,335,218,毒沼,血脉,
7557,335,242,泡沫,血脉,
7558,335,266,火焰冲锋,血脉,
7559,335,273,灵媒,血脉,
7560,335,294,猛烈撞击,血脉,
7561,335,296,球状闪电,血脉,
7562,335,324,碰爪,血脉,
7563,335,365,花香,血脉,
7564,335,398,角击,血脉,
7565,335,406,贯手,血脉,
7566,335,416,跺地,血脉,
7567,335,430,透射,血脉,
7568,335,476,风矢,血脉,
7569,335,23,俯冲猛击,默认,29
7570,335,62,力量增效,默认,1
7571,335,162,抓挠,默认,1
7572,335,305,疾风刺,默认,8
7573,335,345,羽刃,默认,38
7574,335,346,羽化加速,默认,3
7575,335,495,鹰爪,默认,1
7576,335,501,龙之利爪,默认,35
7577,335,503,龙吟,默认,13
7578,335,505,龙威,默认,21
7579,335,506,龙息环爆,默认,36
7580,335,507,龙炮,默认,20
7581,335,508,龙爪,默认,28
7582,168,13,二律背反,技能石,
7583,168,72,双星,技能石,
7584,168,95,四维降解,技能石,
7585,168,108,复写,技能石,
7586,168,131,应激反应,技能石,
7587,168,136,彗星,技能石,
7588,168,142,快速移动,技能石,
7589,168,172,捆缚,技能石,
7590,168,189,无畏之心,技能石,
7591,168,193,星轨裂变,技能石,
7592,168,195,晒太阳,技能石,
7593,168,332,移花接木,技能石,
7594,168,339,精神扰乱,技能石,
7595,168,385,虫群,技能石,
7596,168,390,虫鸣,技能石,
7597,168,484,食腐,技能石,
7598,168,18,休息回复,血脉,
7599,168,66,勾魂,血脉,
7600,168,67,化劲,血脉,
7601,168,68,升龙咆哮,血脉,
7602,168,91,啮合传递,血脉,
7603,168,123,尾后针,血脉,
7604,168,132,引燃,血脉,
7605,168,217,毒孢子,血脉,
7606,168,246,泥浆铠甲,血脉,
7607,168,297,甜心续航,血脉,
7608,168,346,羽化加速,血脉,
7609,168,367,荆棘爪,血脉,
7610,168,375,蓄水,血脉,
7611,168,391,虹光冲击,血脉,
7612,168,404,贪婪,血脉,
7613,168,413,超维投射,血脉,
7614,168,468,霜降,血脉,
7615,168,496,麻痹,血脉,
7616,168,27,假寐,默认,8
7617,168,89,啃咬,默认,1
7618,168,115,孢子,默认,31
7619,168,162,抓挠,默认,11
7620,168,240,汲取,默认,24
7621,168,344,网缚,默认,49
7622,168,364,花炮,默认,40
7623,168,365,花香,默认,41
7624,168,366,芳香诱引,默认,48
7625,168,383,虫结阵,默认,22
7626,168,386,虫群智慧,默认,16
7627,168,388,虫茧,默认,1
7628,168,451,防御,默认,1
7629,168,479,飞叶,默认,5
7630,168,481,飞断,默认,33
7631,485,24,借用,技能石,
7632,485,42,冰墙,技能石,
7633,485,61,力量吞噬,技能石,
7634,485,74,反击拳,技能石,
7635,485,83,吞噬,技能石,
7636,485,120,寸拳,技能石,
7637,485,127,崩拳,技能石,
7638,485,131,应激反应,技能石,
7639,485,146,恐吓,技能石,
7640,485,154,截拳,技能石,
7641,485,158,打鼾,技能石,
7642,485,177,提气,技能石,
7643,485,182,撞鬼,技能石,
7644,485,402,诋毁,技能石,
7645,485,414,跌落,技能石,
7646,485,497,黑手,技能石,
7647,485,47,冰爪,血脉,
7648,485,68,升龙咆哮,血脉,
7649,485,94,噬心,血脉,
7650,485,150,恶能量,血脉,
7651,485,160,扬沙,血脉,
7652,485,191,星云漩涡,血脉,
7653,485,192,星星撞击,血脉,
7654,485,218,毒沼,血脉,
7655,485,242,泡沫,血脉,
7656,485,266,火焰冲锋,血脉,
7657,485,273,灵媒,血脉,
7658,485,296,球状闪电,血脉,
7659,485,324,碰爪,血脉,
7660,485,365,花香,血脉,
7661,485,406,贯手,血脉,
7662,485,430,透射,血脉,
7663,485,435,金属噪音,血脉,
7664,485,476,风矢,血脉,
7665,485,6,丢冰块,默认,4
7666,485,18,休息回复,默认,17
7667,485,,冰封,默认,30
7668,485,51,冰锥,默认,1
7669,485,62,力量增效,默认,1
7670,485,,寒潮,默认,47
7671,485,119,寒风吹,默认,1
7672,485,259,滚雪球,默认,37
7673,485,312,瞬间零度,默认,40
7674,485,322,碎冰冰,默认,13
7675,485,451,防御,默认,6
7676,485,454,阻断,默认,27
7677,485,462,雪球,默认,21
7678,485,464,雾气环绕,默认,39
7679,485,468,霜降,默认,36
7680,343,8,主场优势,技能石,
7681,343,25,倾泻,技能石,
7682,343,74,反击拳,技能石,
7683,343,82,吓退,技能石,
7684,343,108,复写,技能石,
7685,343,142,快速移动,技能石,
7686,343,177,提气,技能石,
7687,343,195,晒太阳,技能石,
7688,343,225,气泡,技能石,
7689,343,226,气波,技能石,
7690,343,230,水幕冲击,技能石,
7691,343,238,水花四溅,技能石,
7692,343,253,润泽,技能石,
7693,343,285,热身运动,技能石,
7694,343,319,破防,技能石,
7695,343,334,穿膛,技能石,
7696,343,339,精神扰乱,技能石,
7697,343,372,落雨,技能石,
7698,343,18,休息回复,血脉,
7699,343,27,假寐,血脉,
7700,343,66,勾魂,血脉,
7701,343,67,化劲,血脉,
7702,343,68,升龙咆哮,血脉,
7703,343,91,啮合传递,血脉,
7704,343,132,引燃,血脉,
7705,343,139,徒长,血脉,
7706,343,217,毒孢子,血脉,
7707,343,232,水弹枪,血脉,
7708,343,246,泥浆铠甲,血脉,
7709,343,297,甜心续航,血脉,
7710,343,391,虹光冲击,血脉,
7711,343,404,贪婪,血脉,
7712,343,413,超维投射,血脉,
7713,343,468,霜降,血脉,
7714,343,476,风矢,血脉,
7715,343,496,麻痹,血脉,
7716,343,11,乘风,默认,36
7717,343,131,应激反应,默认,50
7718,343,155,扇风,默认,49
7719,343,263,激怒,默认,1
7720,343,348,羽翼庇护,默认,25
7721,343,350,翼击,默认,32
7722,343,359,能量炮,默认,13
7723,343,442,锐利眼神,默认,46
7724,343,447,闪击,默认,45
7725,343,451,防御,默认,1
7726,343,477,风起,默认,47
7727,343,478,风隐,默认,20
7728,343,482,飞羽,默认,9
7729,343,492,鸣叫,默认,1
7730,343,495,鹰爪,默认,5
7731,196,24,借用,技能石,
7732,196,66,勾魂,技能石,
7733,196,69,午夜噪音,技能石,
7734,196,93,嘲弄,技能石,
7735,196,146,恐吓,技能石,
7736,196,178,摇篮曲,技能石,
7737,196,183,操控,技能石,
7738,196,189,无畏之心,技能石,
7739,196,195,晒太阳,技能石,
7740,196,285,热身运动,技能石,
7741,196,346,羽化加速,技能石,
7742,196,477,风起,技能石,
7743,196,491,魔能爆,技能石,
7744,196,27,假寐,血脉,
7745,196,67,化劲,血脉,
7746,196,68,升龙咆哮,血脉,
7747,196,91,啮合传递,血脉,
7748,196,132,引燃,血脉,
7749,196,139,徒长,血脉,
7750,196,143,念力膨胀,血脉,
7751,196,192,星星撞击,血脉,
7752,196,217,毒孢子,血脉,
7753,196,246,泥浆铠甲,血脉,
7754,196,273,灵媒,血脉,
7755,196,297,甜心续航,血脉,
7756,196,348,羽翼庇护,血脉,
7757,196,375,蓄水,血脉,
7758,196,391,虹光冲击,血脉,
7759,196,404,贪婪,血脉,
7760,196,468,霜降,血脉,
7761,196,496,麻痹,血脉,
7762,196,8,主场优势,默认,29
7763,196,12,乱打,默认,22
7764,196,21,伺机而动,默认,6
7765,196,92,嗜痛,默认,21
7766,196,136,彗星,默认,36
7767,196,142,快速移动,默认,38
7768,196,169,拍击,默认,1
7769,196,339,精神扰乱,默认,37
7770,196,352,聒噪,默认,16
7771,196,401,许愿星,默认,4
7772,196,451,防御,默认,1
7773,196,471,音爆,默认,12
7774,196,489,魔法增效,默认,1
7775,502,8,主场优势,技能石,
7776,502,32,光之矛,技能石,
7777,502,72,双星,技能石,
7778,502,76,取念,技能石,
7779,502,88,咆哮,技能石,
7780,502,178,摇篮曲,技能石,
7781,502,194,星链,技能石,
7782,502,195,晒太阳,技能石,
7783,502,260,漫反射,技能石,
7784,502,311,相位移动,技能石,
7785,502,397,见招拆招,技能石,
7786,502,413,超维投射,技能石,
7787,502,446,闪光冲击,技能石,
7788,502,450,防反,技能石,
7789,502,18,休息回复,血脉,
7790,502,27,假寐,血脉,
7791,502,67,化劲,血脉,
7792,502,68,升龙咆哮,血脉,
7793,502,139,徒长,血脉,
7794,502,160,扬沙,血脉,
7795,502,191,星云漩涡,血脉,
7796,502,217,毒孢子,血脉,
7797,502,269,火焰箭,血脉,
7798,502,273,灵媒,血脉,
7799,502,297,甜心续航,血脉,
7800,502,346,羽化加速,血脉,
7801,502,375,蓄水,血脉,
7802,502,402,诋毁,血脉,
7803,502,430,透射,血脉,
7804,502,435,金属噪音,血脉,
7805,502,468,霜降,血脉,
7806,502,496,麻痹,血脉,
7807,502,9,主轴,默认,9
7808,502,56,减压阀,默认,22
7809,502,174,排气,默认,40
7810,502,203,杠杆置换,默认,4
7811,502,211,械斗,默认,1
7812,502,352,聒噪,默认,28
7813,502,353,联动装置,默认,47
7814,502,358,能量守恒,默认,36
7815,502,418,轴承支撑,默认,35
7816,502,442,锐利眼神,默认,1
7817,502,451,防御,默认,13
7818,502,499,齿轮切开,默认,39
7819,502,500,齿轮扭矩,默认,24
7820,67,76,取念,技能石,
7821,67,82,吓退,技能石,
7822,67,83,吞噬,技能石,
7823,67,92,嗜痛,技能石,
7824,67,136,彗星,技能石,
7825,67,183,操控,技能石,
7826,67,244,泥巴喷射,技能石,
7827,67,261,潮汐,技能石,
7828,67,262,潮涌,技能石,
7829,67,320,硬化,技能石,
7830,67,395,血气,技能石,
7831,67,399,触底强击,技能石,
7832,67,450,防反,技能石,
7833,67,454,阻断,技能石,
7834,67,465,震击,技能石,
7835,67,491,魔能爆,技能石,
7836,67,38,冥想,血脉,
7837,67,68,升龙咆哮,血脉,
7838,67,74,反击拳,血脉,
7839,67,176,掩护,血脉,
7840,67,192,星星撞击,血脉,
7841,67,232,水弹枪,血脉,
7842,67,254,淤泥表皮,血脉,
7843,67,258,溃烂触碰,血脉,
7844,67,268,火焰护盾,血脉,
7845,67,329,离子震荡,血脉,
7846,67,336,等价交换,血脉,
7847,67,380,虚化,血脉,
7848,67,391,虹光冲击,血脉,
7849,67,393,蜡质膜,血脉,
7850,67,460,集中,血脉,
7851,67,461,雪替身,血脉,
7852,67,475,风墙,血脉,
7853,67,488,魅惑,血脉,
7854,67,88,咆哮,默认,25
7855,67,162,抓挠,默认,7
7856,67,201,有效预防,默认,40
7857,67,231,水弹,默认,23
7858,67,234,水泡盾,默认,28
7859,67,236,水炮,默认,41
7860,67,237,水环,默认,50
7861,67,242,泡沫,默认,35
7862,67,247,洗礼,默认,14
7863,67,263,激怒,默认,1
7864,67,370,落星,默认,1
7865,67,415,践踏,默认,39
7866,67,423,连续爪击,默认,49
7867,67,451,防御,默认,6
7868,67,498,鼓劲,默认,36
7869,227,13,二律背反,技能石,
7870,227,42,冰墙,技能石,
7871,227,63,加固,技能石,
7872,227,72,双星,技能石,
7873,227,108,复写,技能石,
7874,227,109,多维击打,技能石,
7875,227,114,天火,技能石,
7876,227,131,应激反应,技能石,
7877,227,132,引燃,技能石,
7878,227,183,操控,技能石,
7879,227,193,星轨裂变,技能石,
7880,227,195,晒太阳,技能石,
7881,227,397,见招拆招,技能石,
7882,227,431,速冻,技能石,
7883,227,456,除厄,技能石,
7884,227,486,高温回火,技能石,
7885,227,498,鼓劲,技能石,
7886,227,27,假寐,血脉,
7887,227,47,冰爪,血脉,
7888,227,66,勾魂,血脉,
7889,227,67,化劲,血脉,
7890,227,68,升龙咆哮,血脉,
7891,227,91,啮合传递,血脉,
7892,227,139,徒长,血脉,
7893,227,192,星星撞击,血脉,
7894,227,217,毒孢子,血脉,
7895,227,246,泥浆铠甲,血脉,
7896,227,269,火焰箭,血脉,
7897,227,297,甜心续航,血脉,
7898,227,346,羽化加速,血脉,
7899,227,375,蓄水,血脉,
7900,227,391,虹光冲击,血脉,
7901,227,404,贪婪,血脉,
7902,227,413,超维投射,血脉,
7903,227,496,麻痹,血脉,
7904,227,30,充分燃烧,默认,17
7905,227,39,冬至,默认,29
7906,227,46,冰点,默认,35
7907,227,55,冷风,默认,1
7908,227,157,打雪仗,默认,34
7909,227,190,易燃物质,默认,39
7910,227,199,暴风雪,默认,27
7911,227,267,火焰切割,默认,13
7912,227,268,火焰护盾,默认,21
7913,227,278,炎枪,默认,4
7914,227,284,热身,默认,40
7915,227,288,焚烧烙印,默认,9
7916,227,292,爆裂飞弹,默认,50
7917,227,451,防御,默认,1
7918,227,468,霜降,默认,1
7919,262,93,嘲弄,技能石,
7920,262,108,复写,技能石,
7921,262,128,幻象,技能石,
7922,262,131,应激反应,技能石,
7923,262,142,快速移动,技能石,
7924,262,151,惊吓盒子,技能石,
7925,262,152,感染病,技能石,
7926,262,179,撒娇,技能石,
7927,262,195,晒太阳,技能石,
7928,262,263,激怒,技能石,
7929,262,324,碰爪,技能石,
7930,262,382,虫刺,技能石,
7931,262,387,虫群过境,技能石,
7932,262,390,虫鸣,技能石,
7933,262,423,连续爪击,技能石,
7934,262,451,防御,技能石,
7935,262,55,冷风,血脉,
7936,262,68,升龙咆哮,血脉,
7937,262,123,尾后针,血脉,
7938,262,150,恶能量,血脉,
7939,262,160,扬沙,血脉,
7940,262,169,拍击,血脉,
7941,262,191,星云漩涡,血脉,
7942,262,218,毒沼,血脉,
7943,262,242,泡沫,血脉,
7944,262,266,火焰冲锋,血脉,
7945,262,273,灵媒,血脉,
7946,262,296,球状闪电,血脉,
7947,262,329,离子震荡,血脉,
7948,262,343,缠丝劲,血脉,
7949,262,365,花香,血脉,
7950,262,391,虹光冲击,血脉,
7951,262,488,魅惑,血脉,
7952,262,495,鹰爪,血脉,
7953,262,16,以毒攻毒,默认,4
7954,262,62,力量增效,默认,11
7955,262,89,啃咬,默认,7
7956,262,216,毒囊,默认,38
7957,262,219,毒泡泡,默认,29
7958,262,220,毒液渗透,默认,48
7959,262,221,毒针,默认,17
7960,262,362,腐蚀酸液,默认,37
7961,262,369,落井下毒,默认,30
7962,262,370,落星,默认,36
7963,262,381,虫击,默认,49
7964,262,384,虫网,默认,1
7965,262,388,虫茧,默认,1
7966,262,392,蛰针,默认,1
7967,262,405,贮藏,默认,22
7968,39,17,以重制重,技能石,
7969,39,21,伺机而动,技能石,
7970,39,24,借用,技能石,
7971,39,29,偷袭,技能石,
7972,39,144,怒火,技能石,
7973,39,180,撕咬,技能石,
7974,39,201,有效预防,技能石,
7975,39,229,水刃,技能石,
7976,39,230,水幕冲击,技能石,
7977,39,262,潮涌,技能石,
7978,39,285,热身运动,技能石,
7979,39,305,疾风刺,技能石,
7980,39,375,蓄水,技能石,
7981,39,449,闪燃,技能石,
7982,39,486,高温回火,技能石,
7983,39,47,冰爪,血脉,
7984,39,68,升龙咆哮,血脉,
7985,39,94,噬心,血脉,
7986,39,150,恶能量,血脉,
7987,39,191,星云漩涡,血脉,
7988,39,192,星星撞击,血脉,
7989,39,211,械斗,血脉,
7990,39,218,毒沼,血脉,
7991,39,242,泡沫,血脉,
7992,39,269,火焰箭,血脉,
7993,39,273,灵媒,血脉,
7994,39,296,球状闪电,血脉,
7995,39,324,碰爪,血脉,
7996,39,343,缠丝劲,血脉,
7997,39,365,花香,血脉,
7998,39,416,跺地,血脉,
7999,39,430,透射,血脉,
8000,39,476,风矢,血脉,
8001,39,11,乘风,默认,13
8002,39,23,俯冲猛击,默认,40
8003,39,31,先发制人,默认,8
8004,39,62,力量增效,默认,1
8005,39,90,啄击,默认,1
8006,39,142,快速移动,默认,41
8007,39,155,扇风,默认,28
8008,39,345,羽刃,默认,42
8009,39,346,羽化加速,默认,34
8010,39,447,闪击,默认,35
8011,39,451,防御,默认,23
8012,39,477,风起,默认,37
8013,39,502,龙卷风,默认,47
8014,40,17,以重制重,技能石,
8015,40,21,伺机而动,技能石,
8016,40,24,借用,技能石,
8017,40,29,偷袭,技能石,
8018,40,167,抽枝,技能石,
8019,40,180,撕咬,技能石,
8020,40,201,有效预防,技能石,
8021,40,229,水刃,技能石,
8022,40,230,水幕冲击,技能石,
8023,40,262,潮涌,技能石,
8024,40,285,热身运动,技能石,
8025,40,305,疾风刺,技能石,
8026,40,332,移花接木,技能石,
8027,40,337,筛管奔流,技能石,
8028,40,375,蓄水,技能石,
8029,40,47,冰爪,血脉,
8030,40,68,升龙咆哮,血脉,
8031,40,94,噬心,血脉,
8032,40,150,恶能量,血脉,
8033,40,191,星云漩涡,血脉,
8034,40,192,星星撞击,血脉,
8035,40,211,械斗,血脉,
8036,40,218,毒沼,血脉,
8037,40,242,泡沫,血脉,
8038,40,266,火焰冲锋,血脉,
8039,40,273,灵媒,血脉,
8040,40,296,球状闪电,血脉,
8041,40,324,碰爪,血脉,
8042,40,343,缠丝劲,血脉,
8043,40,367,荆棘爪,血脉,
8044,40,416,跺地,血脉,
8045,40,430,透射,血脉,
8046,40,476,风矢,血脉,
8047,40,11,乘风,默认,13
8048,40,23,俯冲猛击,默认,40
8049,40,31,先发制人,默认,7
8050,40,62,力量增效,默认,1
8051,40,90,啄击,默认,1
8052,40,142,快速移动,默认,43
8053,40,155,扇风,默认,25
8054,40,345,羽刃,默认,48
8055,40,346,羽化加速,默认,33
8056,40,447,闪击,默认,34
8057,40,451,防御,默认,16
8058,40,477,风起,默认,37
8059,40,502,龙卷风,默认,50
8060,41,17,以重制重,技能石,
8061,41,21,伺机而动,技能石,
8062,41,24,借用,技能石,
8063,41,29,偷袭,技能石,
8064,41,47,冰爪,技能石,
8065,41,52,冰雹,技能石,
8066,41,180,撕咬,技能石,
8067,41,201,有效预防,技能石,
8068,41,229,水刃,技能石,
8069,41,230,水幕冲击,技能石,
8070,41,262,潮涌,技能石,
8071,41,285,热身运动,技能石,
8072,41,305,疾风刺,技能石,
8073,41,375,蓄水,技能石,
8074,41,431,速冻,技能石,
8075,41,55,冷风,血脉,
8076,41,68,升龙咆哮,血脉,
8077,41,94,噬心,血脉,
8078,41,150,恶能量,血脉,
8079,41,191,星云漩涡,血脉,
8080,41,192,星星撞击,血脉,
8081,41,211,械斗,血脉,
8082,41,218,毒沼,血脉,
8083,41,242,泡沫,血脉,
8084,41,266,火焰冲锋,血脉,
8085,41,273,灵媒,血脉,
8086,41,296,球状闪电,血脉,
8087,41,324,碰爪,血脉,
8088,41,343,缠丝劲,血脉,
8089,41,365,花香,血脉,
8090,41,416,跺地,血脉,
8091,41,430,透射,血脉,
8092,41,476,风矢,血脉,
8093,41,11,乘风,默认,8
8094,41,23,俯冲猛击,默认,30
8095,41,31,先发制人,默认,6
8096,41,62,力量增效,默认,1
8097,41,90,啄击,默认,1
8098,41,142,快速移动,默认,37
8099,41,155,扇风,默认,13
8100,41,345,羽刃,默认,38
8101,41,346,羽化加速,默认,18
8102,41,447,闪击,默认,21
8103,41,451,防御,默认,10
8104,41,477,风起,默认,29
8105,41,502,龙卷风,默认,40
8106,42,17,以重制重,技能石,
8107,42,21,伺机而动,技能石,
8108,42,24,借用,技能石,
8109,42,29,偷袭,技能石,
8110,42,180,撕咬,技能石,
8111,42,201,有效预防,技能石,
8112,42,229,水刃,技能石,
8113,42,230,水幕冲击,技能石,
8114,42,246,泥浆铠甲,技能石,
8115,42,262,潮涌,技能石,
8116,42,285,热身运动,技能石,
8117,42,305,疾风刺,技能石,
8118,42,313,石肤术,技能石,
8119,42,375,蓄水,技能石,
8120,42,465,震击,技能石,
8121,42,47,冰爪,血脉,
8122,42,68,升龙咆哮,血脉,
8123,42,94,噬心,血脉,
8124,42,150,恶能量,血脉,
8125,42,191,星云漩涡,血脉,
8126,42,192,星星撞击,血脉,
8127,42,211,械斗,血脉,
8128,42,218,毒沼,血脉,
8129,42,242,泡沫,血脉,
8130,42,266,火焰冲锋,血脉,
8131,42,273,灵媒,血脉,
8132,42,296,球状闪电,血脉,
8133,42,324,碰爪,血脉,
8134,42,343,缠丝劲,血脉,
8135,42,365,花香,血脉,
8136,42,416,跺地,血脉,
8137,42,430,透射,血脉,
8138,42,476,风矢,血脉,
8139,42,11,乘风,默认,8
8140,42,23,俯冲猛击,默认,35
8141,42,31,先发制人,默认,6
8142,42,62,力量增效,默认,1
8143,42,90,啄击,默认,1
8144,42,142,快速移动,默认,37
8145,42,155,扇风,默认,12
8146,42,345,羽刃,默认,38
8147,42,346,羽化加速,默认,16
8148,42,447,闪击,默认,27
8149,42,451,防御,默认,10
8150,42,477,风起,默认,34
8151,42,502,龙卷风,默认,46
8152,114,18,休息回复,技能石,
8153,114,21,伺机而动,技能石,
8154,114,70,压扁,技能石,
8155,114,74,反击拳,技能石,
8156,114,98,地刺,技能石,
8157,114,108,复写,技能石,
8158,114,123,尾后针,技能石,
8159,114,201,有效预防,技能石,
8160,114,339,精神扰乱,技能石,
8161,114,381,虫击,技能石,
8162,114,390,虫鸣,技能石,
8163,114,465,震击,技能石,
8164,114,481,飞断,技能石,
8165,114,484,食腐,技能石,
8166,114,47,冰爪,血脉,
8167,114,68,升龙咆哮,血脉,
8168,114,94,噬心,血脉,
8169,114,150,恶能量,血脉,
8170,114,191,星云漩涡,血脉,
8171,114,192,星星撞击,血脉,
8172,114,211,械斗,血脉,
8173,114,218,毒沼,血脉,
8174,114,242,泡沫,血脉,
8175,114,266,火焰冲锋,血脉,
8176,114,273,灵媒,血脉,
8177,114,296,球状闪电,血脉,
8178,114,324,碰爪,血脉,
8179,114,343,缠丝劲,血脉,
8180,114,365,花香,血脉,
8181,114,416,跺地,血脉,
8182,114,430,透射,血脉,
8183,114,476,风矢,血脉,
8184,114,2,三连破,默认,17
8185,114,10,乘胜追击,默认,32
8186,114,29,偷袭,默认,49
8187,114,31,先发制人,默认,8
8188,114,62,力量增效,默认,1
8189,114,83,吞噬,默认,35
8190,114,135,当头棒喝,默认,25
8191,114,162,抓挠,默认,1
8192,114,178,摇篮曲,默认,34
8193,114,285,热身运动,默认,26
8194,114,423,连续爪击,默认,38
8195,114,451,防御,默认,12
8196,114,454,阻断,默认,48
8197,182,6,丢冰块,技能石,
8198,182,44,冰捆缚,技能石,
8199,182,62,力量增效,技能石,
8200,182,76,取念,技能石,
8201,182,82,吓退,技能石,
8202,182,100,地震,技能石,
8203,182,119,寒风吹,技能石,
8204,182,195,晒太阳,技能石,
8205,182,212,棘刺,技能石,
8206,182,246,泥浆铠甲,技能石,
8207,182,312,瞬间零度,技能石,
8208,182,313,石肤术,技能石,
8209,182,339,精神扰乱,技能石,
8210,182,352,聒噪,技能石,
8211,182,455,降灵,技能石,
8212,182,491,魔能爆,技能石,
8213,182,18,休息回复,血脉,
8214,182,27,假寐,血脉,
8215,182,67,化劲,血脉,
8216,182,68,升龙咆哮,血脉,
8217,182,91,啮合传递,血脉,
8218,182,132,引燃,血脉,
8219,182,139,徒长,血脉,
8220,182,217,毒孢子,血脉,
8221,182,273,灵媒,血脉,
8222,182,297,甜心续航,血脉,
8223,182,346,羽化加速,血脉,
8224,182,375,蓄水,血脉,
8225,182,391,虹光冲击,血脉,
8226,182,404,贪婪,血脉,
8227,182,413,超维投射,血脉,
8228,182,416,跺地,血脉,
8229,182,468,霜降,血脉,
8230,182,496,麻痹,血脉,
8231,182,4,不动如山,默认,22
8232,182,66,勾魂,默认,1
8233,182,93,嘲弄,默认,10
8234,182,125,岩土暴击,默认,43
8235,182,128,幻象,默认,11
8236,182,130,幽灵爆发,默认,40
8237,182,147,恶作剧,默认,39
8238,182,241,沙涌,默认,35
8239,182,244,泥巴喷射,默认,5
8240,182,249,流沙,默认,41
8241,182,334,穿膛,默认,36
8242,182,440,钧势,默认,17
8243,182,451,防御,默认,1
8244,182,457,陨石,默认,29
8245,182,487,鬼火,默认,1
8246,503,8,主场优势,技能石,
8247,503,32,光之矛,技能石,
8248,503,72,双星,技能石,
8249,503,76,取念,技能石,
8250,503,88,咆哮,技能石,
8251,503,178,摇篮曲,技能石,
8252,503,194,星链,技能石,
8253,503,195,晒太阳,技能石,
8254,503,260,漫反射,技能石,
8255,503,311,相位移动,技能石,
8256,503,397,见招拆招,技能石,
8257,503,413,超维投射,技能石,
8258,503,446,闪光冲击,技能石,
8259,503,450,防反,技能石,
8260,503,18,休息回复,血脉,
8261,503,27,假寐,血脉,
8262,503,67,化劲,血脉,
8263,503,68,升龙咆哮,血脉,
8264,503,139,徒长,血脉,
8265,503,160,扬沙,血脉,
8266,503,191,星云漩涡,血脉,
8267,503,217,毒孢子,血脉,
8268,503,269,火焰箭,血脉,
8269,503,273,灵媒,血脉,
8270,503,297,甜心续航,血脉,
8271,503,346,羽化加速,血脉,
8272,503,375,蓄水,血脉,
8273,503,402,诋毁,血脉,
8274,503,430,透射,血脉,
8275,503,435,金属噪音,血脉,
8276,503,468,霜降,血脉,
8277,503,496,麻痹,血脉,
8278,503,9,主轴,默认,9
8279,503,56,减压阀,默认,22
8280,503,174,排气,默认,40
8281,503,203,杠杆置换,默认,4
8282,503,211,械斗,默认,1
8283,503,352,聒噪,默认,28
8284,503,353,联动装置,默认,47
8285,503,358,能量守恒,默认,36
8286,503,418,轴承支撑,默认,35
8287,503,442,锐利眼神,默认,1
8288,503,451,防御,默认,13
8289,503,499,齿轮切开,默认,39
8290,503,500,齿轮扭矩,默认,24
8291,55,29,偷袭,技能石,
8292,55,81,后发制人,技能石,
8293,55,82,吓退,技能石,
8294,55,92,嗜痛,技能石,
8295,55,108,复写,技能石,
8296,55,151,惊吓盒子,技能石,
8297,55,166,报复,技能石,
8298,55,201,有效预防,技能石,
8299,55,206,极限撕裂,技能石,
8300,55,379,虚假破产,技能石,
8301,55,403,诡刺,技能石,
8302,55,432,遁地,技能石,
8303,55,455,降灵,技能石,
8304,55,38,冥想,血脉,
8305,55,68,升龙咆哮,血脉,
8306,55,74,反击拳,血脉,
8307,55,160,扬沙,血脉,
8308,55,176,掩护,血脉,
8309,55,211,械斗,血脉,
8310,55,234,水泡盾,血脉,
8311,55,258,溃烂触碰,血脉,
8312,55,268,火焰护盾,血脉,
8313,55,324,碰爪,血脉,
8314,55,336,等价交换,血脉,
8315,55,348,羽翼庇护,血脉,
8316,55,380,虚化,血脉,
8317,55,393,蜡质膜,血脉,
8318,55,430,透射,血脉,
8319,55,450,防反,血脉,
8320,55,460,集中,血脉,
8321,55,461,雪替身,血脉,
8322,55,4,不动如山,默认,49
8323,55,62,力量增效,默认,5
8324,55,84,吨位压制,默认,32
8325,55,98,地刺,默认,46
8326,55,100,地震,默认,39
8327,55,107,壁垒,默认,33
8328,55,125,岩土暴击,默认,38
8329,55,126,岩脉崩毁,默认,8
8330,55,241,沙涌,默认,42
8331,55,314,石锁,默认,23
8332,55,315,砂石冲撞,默认,35
8333,55,320,硬化,默认,11
8334,55,374,蓄势待发,默认,25
8335,55,416,跺地,默认,1
8336,55,451,防御,默认,1
8337,54,29,偷袭,技能石,
8338,54,81,后发制人,技能石,
8339,54,82,吓退,技能石,
8340,54,92,嗜痛,技能石,
8341,54,108,复写,技能石,
8342,54,151,惊吓盒子,技能石,
8343,54,166,报复,技能石,
8344,54,201,有效预防,技能石,
8345,54,206,极限撕裂,技能石,
8346,54,379,虚假破产,技能石,
8347,54,403,诡刺,技能石,
8348,54,432,遁地,技能石,
8349,54,455,降灵,技能石,
8350,54,38,冥想,血脉,
8351,54,68,升龙咆哮,血脉,
8352,54,74,反击拳,血脉,
8353,54,160,扬沙,血脉,
8354,54,176,掩护,血脉,
8355,54,211,械斗,血脉,
8356,54,234,水泡盾,血脉,
8357,54,258,溃烂触碰,血脉,
8358,54,268,火焰护盾,血脉,
8359,54,324,碰爪,血脉,
8360,54,336,等价交换,血脉,
8361,54,348,羽翼庇护,血脉,
8362,54,380,虚化,血脉,
8363,54,393,蜡质膜,血脉,
8364,54,430,透射,血脉,
8365,54,450,防反,血脉,
8366,54,460,集中,血脉,
8367,54,461,雪替身,血脉,
8368,54,4,不动如山,默认,49
8369,54,62,力量增效,默认,5
8370,54,84,吨位压制,默认,32
8371,54,98,地刺,默认,46
8372,54,100,地震,默认,39
8373,54,107,壁垒,默认,33
8374,54,125,岩土暴击,默认,38
8375,54,126,岩脉崩毁,默认,8
8376,54,241,沙涌,默认,42
8377,54,314,石锁,默认,23
8378,54,315,砂石冲撞,默认,35
8379,54,320,硬化,默认,11
8380,54,374,蓄势待发,默认,25
8381,54,416,跺地,默认,1
8382,54,451,防御,默认,1
8383,53,29,偷袭,技能石,
8384,53,81,后发制人,技能石,
8385,53,82,吓退,技能石,
8386,53,92,嗜痛,技能石,
8387,53,108,复写,技能石,
8388,53,151,惊吓盒子,技能石,
8389,53,166,报复,技能石,
8390,53,201,有效预防,技能石,
8391,53,206,极限撕裂,技能石,
8392,53,379,虚假破产,技能石,
8393,53,403,诡刺,技能石,
8394,53,432,遁地,技能石,
8395,53,455,降灵,技能石,
8396,53,38,冥想,血脉,
8397,53,68,升龙咆哮,血脉,
8398,53,74,反击拳,血脉,
8399,53,160,扬沙,血脉,
8400,53,176,掩护,血脉,
8401,53,211,械斗,血脉,
8402,53,234,水泡盾,血脉,
8403,53,258,溃烂触碰,血脉,
8404,53,268,火焰护盾,血脉,
8405,53,324,碰爪,血脉,
8406,53,336,等价交换,血脉,
8407,53,348,羽翼庇护,血脉,
8408,53,380,虚化,血脉,
8409,53,393,蜡质膜,血脉,
8410,53,430,透射,血脉,
8411,53,450,防反,血脉,
8412,53,460,集中,血脉,
8413,53,461,雪替身,血脉,
8414,53,4,不动如山,默认,49
8415,53,62,力量增效,默认,5
8416,53,84,吨位压制,默认,32
8417,53,98,地刺,默认,46
8418,53,100,地震,默认,39
8419,53,107,壁垒,默认,33
8420,53,125,岩土暴击,默认,38
8421,53,126,岩脉崩毁,默认,8
8422,53,241,沙涌,默认,42
8423,53,314,石锁,默认,23
8424,53,315,砂石冲撞,默认,35
8425,53,320,硬化,默认,11
8426,53,374,蓄势待发,默认,25
8427,53,416,跺地,默认,1
8428,53,451,防御,默认,1
8429,469,11,乘风,技能石,
8430,469,18,休息回复,技能石,
8431,469,24,借用,技能石,
8432,469,76,取念,技能石,
8433,469,98,地刺,技能石,
8434,469,108,复写,技能石,
8435,469,142,快速移动,技能石,
8436,469,155,扇风,技能石,
8437,469,260,漫反射,技能石,
8438,469,313,石肤术,技能石,
8439,469,465,震击,技能石,
8440,469,493,鸣沙陷阱,技能石,
8441,469,502,龙卷风,技能石,
8442,469,55,冷风,血脉,
8443,469,68,升龙咆哮,血脉,
8444,469,123,尾后针,血脉,
8445,469,143,念力膨胀,血脉,
8446,469,192,星星撞击,血脉,
8447,469,218,毒沼,血脉,
8448,469,270,火爪,血脉,
8449,469,273,灵媒,血脉,
8450,469,325,磁干扰,血脉,
8451,469,329,离子震荡,血脉,
8452,469,355,肥皂泡,血脉,
8453,469,367,荆棘爪,血脉,
8454,469,391,虹光冲击,血脉,
8455,469,406,贯手,血脉,
8456,469,416,跺地,血脉,
8457,469,476,风矢,血脉,
8458,469,488,魅惑,血脉,
8459,469,497,黑手,血脉,
8460,469,10,乘胜追击,默认,45
8461,469,13,二律背反,默认,38
8462,469,28,偷师,默认,4
8463,469,29,偷袭,默认,31
8464,469,62,力量增效,默认,1
8465,469,72,双星,默认,33
8466,469,141,心灵洞悉,默认,34
8467,469,193,星轨裂变,默认,26
8468,469,333,空间压迫,默认,23
8469,469,338,粒子对撞,默认,1
8470,469,401,许愿星,默认,5
8471,469,411,超新星馈赠,默认,30
8472,469,451,防御,默认,12
8473,376,9,主轴,技能石,
8474,376,25,倾泻,技能石,
8475,376,29,偷袭,技能石,
8476,376,61,力量吞噬,技能石,
8477,376,76,取念,技能石,
8478,376,180,撕咬,技能石,
8479,376,195,晒太阳,技能石,
8480,376,196,暗突袭,技能石,
8481,376,201,有效预防,技能石,
8482,376,285,热身运动,技能石,
8483,376,339,精神扰乱,技能石,
8484,376,371,落石,技能石,
8485,376,423,连续爪击,技能石,
8486,376,424,迫害,技能石,
8487,376,55,冷风,血脉,
8488,376,68,升龙咆哮,血脉,
8489,376,94,噬心,血脉,
8490,376,150,恶能量,血脉,
8491,376,191,星云漩涡,血脉,
8492,376,211,械斗,血脉,
8493,376,218,毒沼,血脉,
8494,376,242,泡沫,血脉,
8495,376,266,火焰冲锋,血脉,
8496,376,273,灵媒,血脉,
8497,376,294,猛烈撞击,血脉,
8498,376,296,球状闪电,血脉,
8499,376,324,碰爪,血脉,
8500,376,343,缠丝劲,血脉,
8501,376,365,花香,血脉,
8502,376,416,跺地,血脉,
8503,376,430,透射,血脉,
8504,376,476,风矢,血脉,
8505,376,6,丢冰块,默认,23
8506,376,31,先发制人,默认,9
8507,376,44,冰捆缚,默认,26
8508,376,45,冰晶坠,默认,38
8509,376,47,冰爪,默认,1
8510,376,52,冰雹,默认,50
8511,376,62,力量增效,默认,21
8512,376,199,暴风雪,默认,33
8513,376,259,滚雪球,默认,49
8514,376,312,瞬间零度,默认,48
8515,376,431,速冻,默认,35
8516,376,451,防御,默认,11
8517,376,468,霜降,默认,1
8518,505,13,二律背反,技能石,
8519,505,92,嗜痛,技能石,
8520,505,115,孢子,技能石,
8521,505,141,心灵洞悉,技能石,
8522,505,142,快速移动,技能石,
8523,505,194,星链,技能石,
8524,505,300,电弧,技能石,
8525,505,339,精神扰乱,技能石,
8526,505,364,花炮,技能石,
8527,505,365,花香,技能石,
8528,505,366,芳香诱引,技能石,
8529,505,377,藤绞,技能石,
8530,505,409,超导,技能石,
8531,505,411,超新星馈赠,技能石,
8532,505,420,过载回路,技能石,
8533,505,450,防反,技能石,
8534,505,472,顶端优势,技能石,
8535,505,489,魔法增效,技能石,
8536,505,18,休息回复,血脉,
8537,505,27,假寐,血脉,
8538,505,66,勾魂,血脉,
8539,505,67,化劲,血脉,
8540,505,68,升龙咆哮,血脉,
8541,505,91,啮合传递,血脉,
8542,505,132,引燃,血脉,
8543,505,139,徒长,血脉,
8544,505,143,念力膨胀,血脉,
8545,505,217,毒孢子,血脉,
8546,505,246,泥浆铠甲,血脉,
8547,505,297,甜心续航,血脉,
8548,505,346,羽化加速,血脉,
8549,505,375,蓄水,血脉,
8550,505,391,虹光冲击,血脉,
8551,505,404,贪婪,血脉,
8552,505,468,霜降,血脉,
8553,505,496,麻痹,血脉,
8554,505,24,借用,默认,1
8555,505,24,借用,默认,1
8556,505,24,借用,默认,1
8557,505,24,借用,默认,1
8558,505,28,偷师,默认,1
8559,505,76,取念,默认,7
8560,505,76,取念,默认,1
8561,505,76,取念,默认,1
8562,505,76,取念,默认,1
8563,505,77,叠加态,默认,36
8564,505,101,坍缩,默认,24
8565,505,108,复写,默认,18
8566,505,108,复写,默认,1
8567,505,108,复写,默认,1
8568,505,108,复写,默认,1
8569,505,,天体吸积,默认,43
8570,505,131,应激反应,默认,47
8571,505,193,星轨裂变,默认,28
8572,505,333,空间压迫,默认,3
8573,505,437,针状物,默认,12
8574,505,451,防御,默认,1
8575,425,23,俯冲猛击,技能石,
8576,425,87,吹炎,技能石,
8577,425,108,复写,技能石,
8578,425,131,应激反应,技能石,
8579,425,132,引燃,技能石,
8580,425,135,当头棒喝,技能石,
8581,425,201,有效预防,技能石,
8582,425,265,火云车,技能石,
8583,425,423,连续爪击,技能石,
8584,425,442,锐利眼神,技能石,
8585,425,449,闪燃,技能石,
8586,425,459,隼鳞,技能石,
8587,425,501,龙之利爪,技能石,
8588,425,503,龙吟,技能石,
8589,425,504,龙吼,技能石,
8590,425,47,冰爪,血脉,
8591,425,68,升龙咆哮,血脉,
8592,425,94,噬心,血脉,
8593,425,150,恶能量,血脉,
8594,425,191,星云漩涡,血脉,
8595,425,192,星星撞击,血脉,
8596,425,211,械斗,血脉,
8597,425,218,毒沼,血脉,
8598,425,242,泡沫,血脉,
8599,425,269,火焰箭,血脉,
8600,425,273,灵媒,血脉,
8601,425,296,球状闪电,血脉,
8602,425,324,碰爪,血脉,
8603,425,343,缠丝劲,血脉,
8604,425,365,花香,血脉,
8605,425,416,跺地,血脉,
8606,425,430,透射,血脉,
8607,425,476,风矢,血脉,
8608,425,20,伪造账单,默认,8
8609,425,31,先发制人,默认,13
8610,425,62,力量增效,默认,1
8611,425,138,彼岸之手,默认,35
8612,425,148,恶念交换,默认,50
8613,425,149,恶意逃离,默认,36
8614,425,181,撕裂,默认,46
8615,425,196,暗突袭,默认,50
8616,425,206,极限撕裂,默认,33
8617,425,215,欺诈契约,默认,26
8618,425,394,蝙蝠,默认,1
8619,425,402,诋毁,默认,3
8620,425,451,防御,默认,1
8621,425,458,隐藏条款,默认,34
8622,389,76,取念,技能石,
8623,389,285,热身运动,技能石,
8624,389,300,电弧,技能石,
8625,389,339,精神扰乱,技能石,
8626,389,357,能量刃,技能石,
8627,389,412,超级糖果,技能石,
8628,389,420,过载回路,技能石,
8629,389,423,连续爪击,技能石,
8630,389,438,钢钻,技能石,
8631,389,451,防御,技能石,
8632,389,454,阻断,技能石,
8633,389,498,鼓劲,技能石,
8634,389,502,龙卷风,技能石,
8635,389,47,冰爪,血脉,
8636,389,68,升龙咆哮,血脉,
8637,389,94,噬心,血脉,
8638,389,150,恶能量,血脉,
8639,389,191,星云漩涡,血脉,
8640,389,218,毒沼,血脉,
8641,389,242,泡沫,血脉,
8642,389,266,火焰冲锋,血脉,
8643,389,273,灵媒,血脉,
8644,389,294,猛烈撞击,血脉,
8645,389,324,碰爪,血脉,
8646,389,343,缠丝劲,血脉,
8647,389,365,花香,血脉,
8648,389,400,触电,血脉,
8649,389,416,跺地,血脉,
8650,389,430,透射,血脉,
8651,389,435,金属噪音,血脉,
8652,389,495,鹰爪,血脉,
8653,389,19,传感器,默认,1
8654,389,23,俯冲猛击,默认,37
8655,389,25,倾泻,默认,36
8656,389,29,偷袭,默认,39
8657,389,63,加固,默认,3
8658,389,203,杠杆置换,默认,1
8659,389,305,疾风刺,默认,9
8660,389,346,羽化加速,默认,12
8661,389,418,轴承支撑,默认,21
8662,389,439,钢铁洪流,默认,17
8663,389,476,风矢,默认,28
8664,389,477,风起,默认,29
8665,389,500,齿轮扭矩,默认,1
8666,220,13,二律背反,技能石,
8667,220,24,借用,技能石,
8668,220,44,冰捆缚,技能石,
8669,220,55,冷风,技能石,
8670,220,57,击鼓传花,技能石,
8671,220,62,力量增效,技能石,
8672,220,63,加固,技能石,
8673,220,72,双星,技能石,
8674,220,101,坍缩,技能石,
8675,220,131,应激反应,技能石,
8676,220,189,无畏之心,技能石,
8677,220,193,星轨裂变,技能石,
8678,220,291,爆米花爆破,技能石,
8679,220,312,瞬间零度,技能石,
8680,220,407,赤子之心,技能石,
8681,220,467,霜天,技能石,
8682,220,27,假寐,血脉,
8683,220,47,冰爪,血脉,
8684,220,66,勾魂,血脉,
8685,220,67,化劲,血脉,
8686,220,68,升龙咆哮,血脉,
8687,220,91,啮合传递,血脉,
8688,220,132,引燃,血脉,
8689,220,139,徒长,血脉,
8690,220,192,星星撞击,血脉,
8691,220,217,毒孢子,血脉,
8692,220,246,泥浆铠甲,血脉,
8693,220,346,羽化加速,血脉,
8694,220,375,蓄水,血脉,
8695,220,391,虹光冲击,血脉,
8696,220,404,贪婪,血脉,
8697,220,413,超维投射,血脉,
8698,220,480,飞吻,血脉,
8699,220,496,麻痹,血脉,
8700,220,39,冬至,默认,36
8701,220,42,冰墙,默认,22
8702,220,45,冰晶坠,默认,37
8703,220,46,冰点,默认,40
8704,220,135,当头棒喝,默认,8
8705,220,179,撒娇,默认,35
8706,220,199,暴风雪,默认,26
8707,220,297,甜心续航,默认,9
8708,220,298,生日蛋糕,默认,29
8709,220,318,破罐破摔,默认,45
8710,220,322,碎冰冰,默认,48
8711,220,412,超级糖果,默认,11
8712,220,451,防御,默认,1
8713,220,464,雾气环绕,默认,17
8714,220,468,霜降,默认,1
8715,220,474,风吹雪,默认,1
8716,46,5,不可接触,技能石,
8717,46,63,加固,技能石,
8718,46,76,取念,技能石,
8719,46,82,吓退,技能石,
8720,46,102,坟场搏击,技能石,
8721,46,116,孢子爆散,技能石,
8722,46,189,无畏之心,技能石,
8723,46,285,热身运动,技能石,
8724,46,334,穿膛,技能石,
8725,46,340,纤维化,技能石,
8726,46,359,能量炮,技能石,
8727,46,362,腐蚀酸液,技能石,
8728,46,380,虚化,技能石,
8729,46,395,血气,技能石,
8730,46,422,连续毒针,技能石,
8731,46,498,鼓劲,技能石,
8732,46,38,冥想,血脉,
8733,46,68,升龙咆哮,血脉,
8734,46,74,反击拳,血脉,
8735,46,176,掩护,血脉,
8736,46,234,水泡盾,血脉,
8737,46,258,溃烂触碰,血脉,
8738,46,268,火焰护盾,血脉,
8739,46,273,灵媒,血脉,
8740,46,329,离子震荡,血脉,
8741,46,336,等价交换,血脉,
8742,46,367,荆棘爪,血脉,
8743,46,391,虹光冲击,血脉,
8744,46,416,跺地,血脉,
8745,46,450,防反,血脉,
8746,46,460,集中,血脉,
8747,46,461,雪替身,血脉,
8748,46,475,风墙,血脉,
8749,46,488,魅惑,血脉,
8750,46,79,叶绿光束,默认,39
8751,46,93,嘲弄,默认,13
8752,46,128,幻象,默认,28
8753,46,151,惊吓盒子,默认,42
8754,46,162,抓挠,默认,19
8755,46,166,报复,默认,25
8756,46,167,抽枝,默认,47
8757,46,227,氧输送,默认,6
8758,46,240,汲取,默认,10
8759,46,272,灵光,默认,37
8760,46,330,种子弹,默认,8
8761,46,377,藤绞,默认,36
8762,46,433,酶浓度调整,默认,35
8763,46,451,防御,默认,1
8764,46,455,降灵,默认,21
8765,46,487,鬼火,默认,1
8766,65,18,休息回复,技能石,
8767,65,20,伪造账单,技能石,
8768,65,24,借用,技能石,
8769,65,69,午夜噪音,技能石,
8770,65,115,孢子,技能石,
8771,65,131,应激反应,技能石,
8772,65,175,掠夺,技能石,
8773,65,183,操控,技能石,
8774,65,197,暗箱操作,技能石,
8775,65,206,极限撕裂,技能石,
8776,65,263,激怒,技能石,
8777,65,332,移花接木,技能石,
8778,65,334,穿膛,技能石,
8779,65,366,芳香诱引,技能石,
8780,65,433,酶浓度调整,技能石,
8781,65,489,魔法增效,技能石,
8782,65,27,假寐,血脉,
8783,65,67,化劲,血脉,
8784,65,68,升龙咆哮,血脉,
8785,65,91,啮合传递,血脉,
8786,65,132,引燃,血脉,
8787,65,192,星星撞击,血脉,
8788,65,217,毒孢子,血脉,
8789,65,246,泥浆铠甲,血脉,
8790,65,273,灵媒,血脉,
8791,65,297,甜心续航,血脉,
8792,65,346,羽化加速,血脉,
8793,65,367,荆棘爪,血脉,
8794,65,375,蓄水,血脉,
8795,65,391,虹光冲击,血脉,
8796,65,404,贪婪,血脉,
8797,65,413,超维投射,血脉,
8798,65,468,霜降,血脉,
8799,65,496,麻痹,血脉,
8800,65,59,刺藤,默认,11
8801,65,66,勾魂,默认,6
8802,65,102,坟场搏击,默认,23
8803,65,130,幽灵爆发,默认,39
8804,65,136,彗星,默认,50
8805,65,147,恶作剧,默认,35
8806,65,209,根吸收,默认,17
8807,65,240,汲取,默认,8
8808,65,310,盛开,默认,40
8809,65,354,聚盐,默认,10
8810,65,365,花香,默认,34
8811,65,380,虚化,默认,22
8812,65,403,诡刺,默认,1
8813,65,451,防御,默认,1
8814,65,455,降灵,默认,27
8815,45,5,不可接触,技能石,
8816,45,63,加固,技能石,
8817,45,76,取念,技能石,
8818,45,82,吓退,技能石,
8819,45,102,坟场搏击,技能石,
8820,45,116,孢子爆散,技能石,
8821,45,189,无畏之心,技能石,
8822,45,285,热身运动,技能石,
8823,45,334,穿膛,技能石,
8824,45,340,纤维化,技能石,
8825,45,359,能量炮,技能石,
8826,45,362,腐蚀酸液,技能石,
8827,45,380,虚化,技能石,
8828,45,395,血气,技能石,
8829,45,422,连续毒针,技能石,
8830,45,498,鼓劲,技能石,
8831,45,38,冥想,血脉,
8832,45,68,升龙咆哮,血脉,
8833,45,74,反击拳,血脉,
8834,45,176,掩护,血脉,
8835,45,234,水泡盾,血脉,
8836,45,258,溃烂触碰,血脉,
8837,45,268,火焰护盾,血脉,
8838,45,273,灵媒,血脉,
8839,45,329,离子震荡,血脉,
8840,45,336,等价交换,血脉,
8841,45,367,荆棘爪,血脉,
8842,45,391,虹光冲击,血脉,
8843,45,416,跺地,血脉,
8844,45,450,防反,血脉,
8845,45,460,集中,血脉,
8846,45,461,雪替身,血脉,
8847,45,475,风墙,血脉,
8848,45,488,魅惑,血脉,
8849,45,79,叶绿光束,默认,39
8850,45,93,嘲弄,默认,13
8851,45,128,幻象,默认,28
8852,45,151,惊吓盒子,默认,42
8853,45,162,抓挠,默认,19
8854,45,166,报复,默认,25
8855,45,167,抽枝,默认,47
8856,45,227,氧输送,默认,6
8857,45,240,汲取,默认,10
8858,45,272,灵光,默认,37
8859,45,330,种子弹,默认,8
8860,45,377,藤绞,默认,36
8861,45,433,酶浓度调整,默认,35
8862,45,451,防御,默认,1
8863,45,455,降灵,默认,21
8864,45,487,鬼火,默认,1
8865,105,61,力量吞噬,技能石,
8866,105,82,吓退,技能石,
8867,105,132,引燃,技能石,
8868,105,175,掠夺,技能石,
8869,105,178,摇篮曲,技能石,
8870,105,183,操控,技能石,
8871,105,197,暗箱操作,技能石,
8872,105,250,流火,技能石,
8873,105,263,激怒,技能石,
8874,105,284,热身,技能石,
8875,105,334,穿膛,技能石,
8876,105,339,精神扰乱,技能石,
8877,105,404,贪婪,技能石,
8878,105,497,黑手,技能石,
8879,105,18,休息回复,血脉,
8880,105,27,假寐,血脉,
8881,105,67,化劲,血脉,
8882,105,68,升龙咆哮,血脉,
8883,105,91,啮合传递,血脉,
8884,105,139,徒长,血脉,
8885,105,217,毒孢子,血脉,
8886,105,246,泥浆铠甲,血脉,
8887,105,269,火焰箭,血脉,
8888,105,273,灵媒,血脉,
8889,105,297,甜心续航,血脉,
8890,105,346,羽化加速,血脉,
8891,105,375,蓄水,血脉,
8892,105,391,虹光冲击,血脉,
8893,105,402,诋毁,血脉,
8894,105,413,超维投射,血脉,
8895,105,468,霜降,血脉,
8896,105,496,麻痹,血脉,
8897,105,66,勾魂,默认,5
8898,105,76,取念,默认,11
8899,105,93,嘲弄,默认,35
8900,105,130,幽灵爆发,默认,16
8901,105,146,恐吓,默认,39
8902,105,147,恶作剧,默认,45
8903,105,166,报复,默认,27
8904,105,352,聒噪,默认,21
8905,105,356,背袭,默认,34
8906,105,401,许愿星,默认,10
8907,105,451,防御,默认,1
8908,105,455,降灵,默认,40
8909,105,487,鬼火,默认,1
8910,106,61,力量吞噬,技能石,
8911,106,82,吓退,技能石,
8912,106,132,引燃,技能石,
8913,106,175,掠夺,技能石,
8914,106,178,摇篮曲,技能石,
8915,106,183,操控,技能石,
8916,106,197,暗箱操作,技能石,
8917,106,210,栽赃,技能石,
8918,106,250,流火,技能石,
8919,106,263,激怒,技能石,
8920,106,284,热身,技能石,
8921,106,334,穿膛,技能石,
8922,106,339,精神扰乱,技能石,
8923,106,404,贪婪,技能石,
8924,106,18,休息回复,血脉,
8925,106,27,假寐,血脉,
8926,106,67,化劲,血脉,
8927,106,68,升龙咆哮,血脉,
8928,106,91,啮合传递,血脉,
8929,106,139,徒长,血脉,
8930,106,217,毒孢子,血脉,
8931,106,246,泥浆铠甲,血脉,
8932,106,269,火焰箭,血脉,
8933,106,273,灵媒,血脉,
8934,106,297,甜心续航,血脉,
8935,106,346,羽化加速,血脉,
8936,106,375,蓄水,血脉,
8937,106,391,虹光冲击,血脉,
8938,106,402,诋毁,血脉,
8939,106,413,超维投射,血脉,
8940,106,468,霜降,血脉,
8941,106,496,麻痹,血脉,
8942,106,66,勾魂,默认,5
8943,106,76,取念,默认,11
8944,106,93,嘲弄,默认,35
8945,106,130,幽灵爆发,默认,16
8946,106,146,恐吓,默认,39
8947,106,147,恶作剧,默认,45
8948,106,166,报复,默认,27
8949,106,352,聒噪,默认,21
8950,106,356,背袭,默认,34
8951,106,401,许愿星,默认,10
8952,106,451,防御,默认,1
8953,106,455,降灵,默认,40
8954,106,487,鬼火,默认,1
8955,66,18,休息回复,技能石,
8956,66,20,伪造账单,技能石,
8957,66,24,借用,技能石,
8958,66,69,午夜噪音,技能石,
8959,66,115,孢子,技能石,
8960,66,131,应激反应,技能石,
8961,66,175,掠夺,技能石,
8962,66,183,操控,技能石,
8963,66,197,暗箱操作,技能石,
8964,66,206,极限撕裂,技能石,
8965,66,263,激怒,技能石,
8966,66,332,移花接木,技能石,
8967,66,334,穿膛,技能石,
8968,66,366,芳香诱引,技能石,
8969,66,433,酶浓度调整,技能石,
8970,66,489,魔法增效,技能石,
8971,66,27,假寐,血脉,
8972,66,67,化劲,血脉,
8973,66,68,升龙咆哮,血脉,
8974,66,91,啮合传递,血脉,
8975,66,132,引燃,血脉,
8976,66,192,星星撞击,血脉,
8977,66,217,毒孢子,血脉,
8978,66,246,泥浆铠甲,血脉,
8979,66,273,灵媒,血脉,
8980,66,297,甜心续航,血脉,
8981,66,346,羽化加速,血脉,
8982,66,367,荆棘爪,血脉,
8983,66,375,蓄水,血脉,
8984,66,391,虹光冲击,血脉,
8985,66,404,贪婪,血脉,
8986,66,413,超维投射,血脉,
8987,66,468,霜降,血脉,
8988,66,496,麻痹,血脉,
8989,66,59,刺藤,默认,11
8990,66,66,勾魂,默认,6
8991,66,102,坟场搏击,默认,23
8992,66,130,幽灵爆发,默认,39
8993,66,136,彗星,默认,50
8994,66,147,恶作剧,默认,35
8995,66,209,根吸收,默认,17
8996,66,240,汲取,默认,8
8997,66,310,盛开,默认,40
8998,66,354,聚盐,默认,10
8999,66,365,花香,默认,34
9000,66,380,虚化,默认,22
9001,66,403,诡刺,默认,1
9002,66,451,防御,默认,1
9003,66,455,降灵,默认,27
9004,476,24,借用,技能石,
9005,476,25,倾泻,技能石,
9006,476,93,嘲弄,技能石,
9007,476,95,四维降解,技能石,
9008,476,109,多维击打,技能石,
9009,476,111,天光,技能石,
9010,476,141,心灵洞悉,技能石,
9011,476,146,恐吓,技能石,
9012,476,285,热身运动,技能石,
9013,476,426,追打,技能石,
9014,476,427,退化,技能石,
9015,476,451,防御,技能石,
9016,476,454,阻断,技能石,
9017,476,55,冷风,血脉,
9018,476,68,升龙咆哮,血脉,
9019,476,123,尾后针,血脉,
9020,476,143,念力膨胀,血脉,
9021,476,192,星星撞击,血脉,
9022,476,218,毒沼,血脉,
9023,476,270,火爪,血脉,
9024,476,273,灵媒,血脉,
9025,476,325,磁干扰,血脉,
9026,476,329,离子震荡,血脉,
9027,476,355,肥皂泡,血脉,
9028,476,367,荆棘爪,血脉,
9029,476,391,虹光冲击,血脉,
9030,476,406,贯手,血脉,
9031,476,416,跺地,血脉,
9032,476,476,风矢,血脉,
9033,476,488,魅惑,血脉,
9034,476,497,黑手,血脉,
9035,476,11,乘风,默认,17
9036,476,13,二律背反,默认,31
9037,476,31,先发制人,默认,13
9038,476,97,回旋风暴,默认,30
9039,476,101,坍缩,默认,34
9040,476,110,大爆炸,默认,21
9041,476,350,翼击,默认,38
9042,476,413,超维投射,默认,27
9043,476,437,针状物,默认,6
9044,476,443,错乱,默认,40
9045,476,478,风隐,默认,8
9046,476,489,魔法增效,默认,1
9047,476,492,鸣叫,默认,1
9048,333,4,不动如山,技能石,
9049,333,58,刺盾,技能石,
9050,333,76,取念,技能石,
9051,333,82,吓退,技能石,
9052,333,92,嗜痛,技能石,
9053,333,138,彼岸之手,技能石,
9054,333,201,有效预防,技能石,
9055,333,212,棘刺,技能石,
9056,333,379,虚假破产,技能石,
9057,333,423,连续爪击,技能石,
9058,333,432,遁地,技能石,
9059,333,434,重击,技能石,
9060,333,451,防御,技能石,
9061,333,38,冥想,血脉,
9062,333,68,升龙咆哮,血脉,
9063,333,74,反击拳,血脉,
9064,333,176,掩护,血脉,
9065,333,234,水泡盾,血脉,
9066,333,258,溃烂触碰,血脉,
9067,333,268,火焰护盾,血脉,
9068,333,273,灵媒,血脉,
9069,333,324,碰爪,血脉,
9070,333,336,等价交换,血脉,
9071,333,348,羽翼庇护,血脉,
9072,333,393,蜡质膜,血脉,
9073,333,416,跺地,血脉,
9074,333,430,透射,血脉,
9075,333,435,金属噪音,血脉,
9076,333,450,防反,血脉,
9077,333,460,集中,血脉,
9078,333,461,雪替身,血脉,
9079,333,31,先发制人,默认,1
9080,333,91,啮合传递,默认,1
9081,333,98,地刺,默认,48
9082,333,100,地震,默认,37
9083,333,107,壁垒,默认,24
9084,333,125,岩土暴击,默认,35
9085,333,358,能量守恒,默认,6
9086,333,374,蓄势待发,默认,23
9087,333,418,轴承支撑,默认,11
9088,333,438,钢钻,默认,26
9089,333,493,鸣沙陷阱,默认,17
9090,333,499,齿轮切开,默认,33
9091,333,500,齿轮扭矩,默认,8
9092,188,25,倾泻,技能石,
9093,188,55,冷风,技能石,
9094,188,79,叶绿光束,技能石,
9095,188,97,回旋风暴,技能石,
9096,188,108,复写,技能石,
9097,188,204,极寒领域,技能石,
9098,188,209,根吸收,技能石,
9099,188,225,气泡,技能石,
9100,188,346,羽化加速,技能石,
9101,188,350,翼击,技能石,
9102,188,351,耀眼,技能石,
9103,188,375,蓄水,技能石,
9104,188,409,超导,技能石,
9105,188,421,远程访问,技能石,
9106,188,426,追打,技能石,
9107,188,431,速冻,技能石,
9108,188,496,麻痹,技能石,
9109,188,502,龙卷风,技能石,
9110,188,47,冰爪,血脉,
9111,188,68,升龙咆哮,血脉,
9112,188,123,尾后针,血脉,
9113,188,164,折线冲击,血脉,
9114,188,192,星星撞击,血脉,
9115,188,218,毒沼,血脉,
9116,188,270,火爪,血脉,
9117,188,273,灵媒,血脉,
9118,188,325,磁干扰,血脉,
9119,188,329,离子震荡,血脉,
9120,188,355,肥皂泡,血脉,
9121,188,367,荆棘爪,血脉,
9122,188,406,贯手,血脉,
9123,188,416,跺地,血脉,
9124,188,437,针状物,血脉,
9125,188,476,风矢,血脉,
9126,188,488,魅惑,血脉,
9127,188,497,黑手,血脉,
9128,188,21,伺机而动,默认,28
9129,188,111,天光,默认,27
9130,188,142,快速移动,默认,39
9131,188,163,折射,默认,37
9132,188,195,晒太阳,默认,18
9133,188,260,漫反射,默认,36
9134,188,335,突袭,默认,40
9135,188,391,虹光冲击,默认,9
9136,188,401,许愿星,默认,1
9137,188,419,过曝,默认,30
9138,188,451,防御,默认,13
9139,188,454,阻断,默认,50
9140,188,489,魔法增效,默认,1
9141,179,44,冰捆缚,技能石,
9142,179,119,寒风吹,技能石,
9143,179,142,快速移动,技能石,
9144,179,204,极寒领域,技能石,
9145,179,251,消毒法,技能石,
9146,179,252,涌泉,技能石,
9147,179,285,热身运动,技能石,
9148,179,335,突袭,技能石,
9149,179,389,虫蛊,技能石,
9150,179,405,贮藏,技能石,
9151,179,426,追打,技能石,
9152,179,451,防御,技能石,
9153,179,477,风起,技能石,
9154,179,47,冰爪,血脉,
9155,179,68,升龙咆哮,血脉,
9156,179,123,尾后针,血脉,
9157,179,192,星星撞击,血脉,
9158,179,218,毒沼,血脉,
9159,179,232,水弹枪,血脉,
9160,179,270,火爪,血脉,
9161,179,273,灵媒,血脉,
9162,179,325,磁干扰,血脉,
9163,179,329,离子震荡,血脉,
9164,179,367,荆棘爪,血脉,
9165,179,391,虹光冲击,血脉,
9166,179,406,贯手,血脉,
9167,179,416,跺地,血脉,
9168,179,437,针状物,血脉,
9169,179,476,风矢,血脉,
9170,179,488,魅惑,血脉,
9171,179,497,黑手,血脉,
9172,179,24,借用,默认,28
9173,179,97,回旋风暴,默认,13
9174,179,113,天洪,默认,49
9175,179,156,打湿,默认,21
9176,179,236,水炮,默认,41
9177,179,238,水花四溅,默认,5
9178,179,299,甩水,默认,1
9179,179,309,盐水浴,默认,47
9180,179,350,翼击,默认,35
9181,179,359,能量炮,默认,24
9182,179,372,落雨,默认,36
9183,179,478,风隐,默认,7
9184,179,489,魔法增效,默认,1
9185,200,31,先发制人,技能石,
9186,200,67,化劲,技能石,
9187,200,74,反击拳,技能石,
9188,200,76,取念,技能石,
9189,200,93,嘲弄,技能石,
9190,200,149,恶意逃离,技能石,
9191,200,152,感染病,技能石,
9192,200,196,暗突袭,技能石,
9193,200,215,欺诈契约,技能石,
9194,200,217,毒孢子,技能石,
9195,200,285,热身运动,技能石,
9196,200,317,破绽,技能石,
9197,200,402,诋毁,技能石,
9198,200,423,连续爪击,技能石,
9199,200,451,防御,技能石,
9200,200,494,鸩毒,技能石,
9201,200,497,黑手,技能石,
9202,200,47,冰爪,血脉,
9203,200,68,升龙咆哮,血脉,
9204,200,94,噬心,血脉,
9205,200,150,恶能量,血脉,
9206,200,191,星云漩涡,血脉,
9207,200,211,械斗,血脉,
9208,200,218,毒沼,血脉,
9209,200,242,泡沫,血脉,
9210,200,266,火焰冲锋,血脉,
9211,200,273,灵媒,血脉,
9212,200,294,猛烈撞击,血脉,
9213,200,296,球状闪电,血脉,
9214,200,324,碰爪,血脉,
9215,200,343,缠丝劲,血脉,
9216,200,365,花香,血脉,
9217,200,416,跺地,血脉,
9218,200,430,透射,血脉,
9219,200,476,风矢,血脉,
9220,200,60,剧毒,默认,35
9221,200,62,力量增效,默认,6
9222,200,66,勾魂,默认,10
9223,200,102,坟场搏击,默认,34
9224,200,128,幻象,默认,17
9225,200,130,幽灵爆发,默认,27
9226,200,151,惊吓盒子,默认,40
9227,200,162,抓挠,默认,8
9228,200,216,毒囊,默认,50
9229,200,220,毒液渗透,默认,22
9230,200,221,毒针,默认,1
9231,200,304,疫病吐息,默认,39
9232,200,422,连续毒针,默认,11
9233,200,455,降灵,默认,23
9234,200,487,鬼火,默认,1
9235,364,11,乘风,技能石,
9236,364,24,借用,技能石,
9237,364,62,力量增效,技能石,
9238,364,68,升龙咆哮,技能石,
9239,364,83,吞噬,技能石,
9240,364,88,咆哮,技能石,
9241,364,131,应激反应,技能石,
9242,364,142,快速移动,技能石,
9243,364,155,扇风,技能石,
9244,364,236,水炮,技能石,
9245,364,300,电弧,技能石,
9246,364,350,翼击,技能石,
9247,364,409,超导,技能石,
9248,364,426,追打,技能石,
9249,364,451,防御,技能石,
9250,364,502,龙卷风,技能石,
9251,364,55,冷风,血脉,
9252,364,94,噬心,血脉,
9253,364,128,幻象,血脉,
9254,364,150,恶能量,血脉,
9255,364,160,扬沙,血脉,
9256,364,169,拍击,血脉,
9257,364,191,星云漩涡,血脉,
9258,364,232,水弹枪,血脉,
9259,364,258,溃烂触碰,血脉,
9260,364,266,火焰冲锋,血脉,
9261,364,296,球状闪电,血脉,
9262,364,329,离子震荡,血脉,
9263,364,343,缠丝劲,血脉,
9264,364,365,花香,血脉,
9265,364,391,虹光冲击,血脉,
9266,364,476,风矢,血脉,
9267,364,488,魅惑,血脉,
9268,364,504,龙吼,血脉,
9269,364,31,先发制人,默认,11
9270,364,113,天洪,默认,50
9271,364,145,怨力打击,默认,41
9272,364,156,打湿,默认,21
9273,364,207,架势,默认,9
9274,364,229,水刃,默认,48
9275,364,230,水幕冲击,默认,25
9276,364,253,润泽,默认,34
9277,364,262,潮涌,默认,1
9278,364,398,角击,默认,3
9279,364,489,魔法增效,默认,1
9280,364,501,龙之利爪,默认,37
9281,364,503,龙吟,默认,29
9282,364,506,龙息环爆,默认,46
9283,364,507,龙炮,默认,33
9284,199,31,先发制人,技能石,
9285,199,67,化劲,技能石,
9286,199,74,反击拳,技能石,
9287,199,76,取念,技能石,
9288,199,93,嘲弄,技能石,
9289,199,149,恶意逃离,技能石,
9290,199,152,感染病,技能石,
9291,199,196,暗突袭,技能石,
9292,199,215,欺诈契约,技能石,
9293,199,217,毒孢子,技能石,
9294,199,285,热身运动,技能石,
9295,199,317,破绽,技能石,
9296,199,402,诋毁,技能石,
9297,199,423,连续爪击,技能石,
9298,199,451,防御,技能石,
9299,199,494,鸩毒,技能石,
9300,199,497,黑手,技能石,
9301,199,47,冰爪,血脉,
9302,199,68,升龙咆哮,血脉,
9303,199,94,噬心,血脉,
9304,199,150,恶能量,血脉,
9305,199,191,星云漩涡,血脉,
9306,199,211,械斗,血脉,
9307,199,218,毒沼,血脉,
9308,199,242,泡沫,血脉,
9309,199,266,火焰冲锋,血脉,
9310,199,273,灵媒,血脉,
9311,199,294,猛烈撞击,血脉,
9312,199,296,球状闪电,血脉,
9313,199,324,碰爪,血脉,
9314,199,343,缠丝劲,血脉,
9315,199,365,花香,血脉,
9316,199,416,跺地,血脉,
9317,199,430,透射,血脉,
9318,199,476,风矢,血脉,
9319,199,60,剧毒,默认,35
9320,199,62,力量增效,默认,6
9321,199,66,勾魂,默认,10
9322,199,102,坟场搏击,默认,34
9323,199,128,幻象,默认,17
9324,199,130,幽灵爆发,默认,27
9325,199,151,惊吓盒子,默认,40
9326,199,162,抓挠,默认,8
9327,199,216,毒囊,默认,50
9328,199,220,毒液渗透,默认,22
9329,199,221,毒针,默认,1
9330,199,304,疫病吐息,默认,39
9331,199,422,连续毒针,默认,11
9332,199,455,降灵,默认,23
9333,199,487,鬼火,默认,1
9334,253,8,主场优势,技能石,
9335,253,24,借用,技能石,
9336,253,25,倾泻,技能石,
9337,253,29,偷袭,技能石,
9338,253,62,力量增效,技能石,
9339,253,98,地刺,技能石,
9340,253,179,撒娇,技能石,
9341,253,201,有效预防,技能石,
9342,253,244,泥巴喷射,技能石,
9343,253,285,热身运动,技能石,
9344,253,371,落石,技能石,
9345,253,377,藤绞,技能石,
9346,253,412,超级糖果,技能石,
9347,253,440,钧势,技能石,
9348,253,442,锐利眼神,技能石,
9349,253,465,震击,技能石,
9350,253,472,顶端优势,技能石,
9351,253,55,冷风,血脉,
9352,253,68,升龙咆哮,血脉,
9353,253,94,噬心,血脉,
9354,253,128,幻象,血脉,
9355,253,150,恶能量,血脉,
9356,253,160,扬沙,血脉,
9357,253,169,拍击,血脉,
9358,253,191,星云漩涡,血脉,
9359,253,242,泡沫,血脉,
9360,253,258,溃烂触碰,血脉,
9361,253,266,火焰冲锋,血脉,
9362,253,296,球状闪电,血脉,
9363,253,329,离子震荡,血脉,
9364,253,365,花香,血脉,
9365,253,391,虹光冲击,血脉,
9366,253,406,贯手,血脉,
9367,253,488,魅惑,血脉,
9368,253,495,鹰爪,血脉,
9369,253,1,一拳,默认,22
9370,253,31,先发制人,默认,11
9371,253,63,加固,默认,1
9372,253,67,化劲,默认,8
9373,253,78,叠势,默认,30
9374,253,154,截拳,默认,38
9375,253,161,技巧打击,默认,46
9376,253,177,提气,默认,29
9377,253,178,摇篮曲,默认,35
9378,253,188,无影脚,默认,36
9379,253,226,气波,默认,1
9380,253,343,缠丝劲,默认,4
9381,253,434,重击,默认,45
9382,253,451,防御,默认,1
9383,253,498,鼓劲,默认,16
9384,206,18,休息回复,技能石,
9385,206,31,先发制人,技能石,
9386,206,82,吓退,技能石,
9387,206,108,复写,技能石,
9388,206,128,幻象,技能石,
9389,206,141,心灵洞悉,技能石,
9390,206,146,恐吓,技能石,
9391,206,166,报复,技能石,
9392,206,189,无畏之心,技能石,
9393,206,240,汲取,技能石,
9394,206,285,热身运动,技能石,
9395,206,340,纤维化,技能石,
9396,206,364,花炮,技能石,
9397,206,377,藤绞,技能石,
9398,206,433,酶浓度调整,技能石,
9399,206,472,顶端优势,技能石,
9400,206,68,升龙咆哮,血脉,
9401,206,74,反击拳,血脉,
9402,206,143,念力膨胀,血脉,
9403,206,176,掩护,血脉,
9404,206,218,毒沼,血脉,
9405,206,232,水弹枪,血脉,
9406,206,254,淤泥表皮,血脉,
9407,206,268,火焰护盾,血脉,
9408,206,329,离子震荡,血脉,
9409,206,336,等价交换,血脉,
9410,206,348,羽翼庇护,血脉,
9411,206,380,虚化,血脉,
9412,206,391,虹光冲击,血脉,
9413,206,393,蜡质膜,血脉,
9414,206,450,防反,血脉,
9415,206,460,集中,血脉,
9416,206,461,雪替身,血脉,
9417,206,488,魅惑,血脉,
9418,206,28,偷师,默认,1
9419,206,38,冥想,默认,38
9420,206,92,嗜痛,默认,19
9421,206,95,四维降解,默认,36
9422,206,109,多维击打,默认,35
9423,206,135,当头棒喝,默认,23
9424,206,191,星云漩涡,默认,7
9425,206,194,星链,默认,10
9426,206,335,突袭,默认,49
9427,206,351,耀眼,默认,1
9428,206,395,血气,默认,30
9429,206,399,触底强击,默认,29
9430,206,437,针状物,默认,13
9431,206,443,错乱,默认,39
9432,206,451,防御,默认,1
9433,205,18,休息回复,技能石,
9434,205,31,先发制人,技能石,
9435,205,82,吓退,技能石,
9436,205,108,复写,技能石,
9437,205,128,幻象,技能石,
9438,205,141,心灵洞悉,技能石,
9439,205,146,恐吓,技能石,
9440,205,166,报复,技能石,
9441,205,189,无畏之心,技能石,
9442,205,240,汲取,技能石,
9443,205,285,热身运动,技能石,
9444,205,340,纤维化,技能石,
9445,205,364,花炮,技能石,
9446,205,377,藤绞,技能石,
9447,205,433,酶浓度调整,技能石,
9448,205,472,顶端优势,技能石,
9449,205,68,升龙咆哮,血脉,
9450,205,74,反击拳,血脉,
9451,205,143,念力膨胀,血脉,
9452,205,176,掩护,血脉,
9453,205,218,毒沼,血脉,
9454,205,232,水弹枪,血脉,
9455,205,254,淤泥表皮,血脉,
9456,205,268,火焰护盾,血脉,
9457,205,329,离子震荡,血脉,
9458,205,336,等价交换,血脉,
9459,205,348,羽翼庇护,血脉,
9460,205,380,虚化,血脉,
9461,205,391,虹光冲击,血脉,
9462,205,393,蜡质膜,血脉,
9463,205,450,防反,血脉,
9464,205,460,集中,血脉,
9465,205,461,雪替身,血脉,
9466,205,488,魅惑,血脉,
9467,205,28,偷师,默认,1
9468,205,38,冥想,默认,38
9469,205,92,嗜痛,默认,19
9470,205,95,四维降解,默认,36
9471,205,109,多维击打,默认,35
9472,205,135,当头棒喝,默认,23
9473,205,191,星云漩涡,默认,7
9474,205,194,星链,默认,10
9475,205,335,突袭,默认,49
9476,205,351,耀眼,默认,1
9477,205,395,血气,默认,30
9478,205,399,触底强击,默认,29
9479,205,437,针状物,默认,13
9480,205,443,错乱,默认,39
9481,205,451,防御,默认,1
9482,57,2,三连破,技能石,
9483,57,10,乘胜追击,技能石,
9484,57,29,偷袭,技能石,
9485,57,108,复写,技能石,
9486,57,128,幻象,技能石,
9487,57,138,彼岸之手,技能石,
9488,57,142,快速移动,技能石,
9489,57,151,惊吓盒子,技能石,
9490,57,181,撕裂,技能石,
9491,57,285,热身运动,技能石,
9492,57,346,羽化加速,技能石,
9493,57,422,连续毒针,技能石,
9494,57,455,降灵,技能石,
9495,57,47,冰爪,血脉,
9496,57,68,升龙咆哮,血脉,
9497,57,94,噬心,血脉,
9498,57,191,星云漩涡,血脉,
9499,57,192,星星撞击,血脉,
9500,57,211,械斗,血脉,
9501,57,218,毒沼,血脉,
9502,57,242,泡沫,血脉,
9503,57,266,火焰冲锋,血脉,
9504,57,273,灵媒,血脉,
9505,57,296,球状闪电,血脉,
9506,57,324,碰爪,血脉,
9507,57,343,缠丝劲,血脉,
9508,57,365,花香,血脉,
9509,57,402,诋毁,血脉,
9510,57,416,跺地,血脉,
9511,57,430,透射,血脉,
9512,57,476,风矢,血脉,
9513,57,11,乘风,默认,1
9514,57,155,扇风,默认,30
9515,57,162,抓挠,默认,6
9516,57,180,撕咬,默认,20
9517,57,196,暗突袭,默认,38
9518,57,197,暗箱操作,默认,23
9519,57,305,疾风刺,默认,29
9520,57,404,贪婪,默认,10
9521,57,408,趁火打劫,默认,37
9522,57,451,防御,默认,8
9523,57,490,魔爪,默认,1
9524,57,495,鹰爪,默认,13
9525,57,502,龙卷风,默认,40
9526,207,24,借用,技能石,
9527,207,29,偷袭,技能石,
9528,207,66,勾魂,技能石,
9529,207,83,吞噬,技能石,
9530,207,102,坟场搏击,技能石,
9531,207,131,应激反应,技能石,
9532,207,135,当头棒喝,技能石,
9533,207,144,怒火,技能石,
9534,207,151,惊吓盒子,技能石,
9535,207,195,晒太阳,技能石,
9536,207,201,有效预防,技能石,
9537,207,267,火焰切割,技能石,
9538,207,403,诡刺,技能石,
9539,207,449,闪燃,技能石,
9540,207,501,龙之利爪,技能石,
9541,207,47,冰爪,血脉,
9542,207,68,升龙咆哮,血脉,
9543,207,94,噬心,血脉,
9544,207,191,星云漩涡,血脉,
9545,207,192,星星撞击,血脉,
9546,207,211,械斗,血脉,
9547,207,218,毒沼,血脉,
9548,207,242,泡沫,血脉,
9549,207,269,火焰箭,血脉,
9550,207,273,灵媒,血脉,
9551,207,296,球状闪电,血脉,
9552,207,324,碰爪,血脉,
9553,207,343,缠丝劲,血脉,
9554,207,365,花香,血脉,
9555,207,402,诋毁,血脉,
9556,207,416,跺地,血脉,
9557,207,430,透射,血脉,
9558,207,476,风矢,血脉,
9559,207,20,伪造账单,默认,18
9560,207,31,先发制人,默认,12
9561,207,61,力量吞噬,默认,25
9562,207,62,力量增效,默认,3
9563,207,138,彼岸之手,默认,35
9564,207,149,恶意逃离,默认,33
9565,207,180,撕咬,默认,1
9566,207,181,撕裂,默认,34
9567,207,196,暗突袭,默认,26
9568,207,394,蝙蝠,默认,1
9569,207,404,贪婪,默认,1
9570,207,408,趁火打劫,默认,22
9571,207,451,防御,默认,6
9572,208,24,借用,技能石,
9573,208,29,偷袭,技能石,
9574,208,66,勾魂,技能石,
9575,208,83,吞噬,技能石,
9576,208,102,坟场搏击,技能石,
9577,208,131,应激反应,技能石,
9578,208,135,当头棒喝,技能石,
9579,208,144,怒火,技能石,
9580,208,151,惊吓盒子,技能石,
9581,208,195,晒太阳,技能石,
9582,208,201,有效预防,技能石,
9583,208,267,火焰切割,技能石,
9584,208,403,诡刺,技能石,
9585,208,449,闪燃,技能石,
9586,208,501,龙之利爪,技能石,
9587,208,47,冰爪,血脉,
9588,208,68,升龙咆哮,血脉,
9589,208,94,噬心,血脉,
9590,208,191,星云漩涡,血脉,
9591,208,192,星星撞击,血脉,
9592,208,211,械斗,血脉,
9593,208,218,毒沼,血脉,
9594,208,242,泡沫,血脉,
9595,208,269,火焰箭,血脉,
9596,208,273,灵媒,血脉,
9597,208,296,球状闪电,血脉,
9598,208,324,碰爪,血脉,
9599,208,343,缠丝劲,血脉,
9600,208,365,花香,血脉,
9601,208,402,诋毁,血脉,
9602,208,416,跺地,血脉,
9603,208,430,透射,血脉,
9604,208,476,风矢,血脉,
9605,208,20,伪造账单,默认,18
9606,208,31,先发制人,默认,12
9607,208,61,力量吞噬,默认,25
9608,208,62,力量增效,默认,3
9609,208,138,彼岸之手,默认,35
9610,208,149,恶意逃离,默认,33
9611,208,180,撕咬,默认,1
9612,208,181,撕裂,默认,34
9613,208,196,暗突袭,默认,26
9614,208,394,蝙蝠,默认,1
9615,208,404,贪婪,默认,1
9616,208,408,趁火打劫,默认,22
9617,208,451,防御,默认,6
9618,323,20,伪造账单,技能石,
9619,323,29,偷袭,技能石,
9620,323,62,力量增效,技能石,
9621,323,76,取念,技能石,
9622,323,120,寸拳,技能石,
9623,323,135,当头棒喝,技能石,
9624,323,177,提气,技能石,
9625,323,186,斩断,技能石,
9626,323,197,暗箱操作,技能石,
9627,323,221,毒针,技能石,
9628,323,317,破绽,技能石,
9629,323,392,蛰针,技能石,
9630,323,414,跌落,技能石,
9631,323,55,冷风,血脉,
9632,323,68,升龙咆哮,血脉,
9633,323,94,噬心,血脉,
9634,323,128,幻象,血脉,
9635,323,160,扬沙,血脉,
9636,323,191,星云漩涡,血脉,
9637,323,192,星星撞击,血脉,
9638,323,242,泡沫,血脉,
9639,323,258,溃烂触碰,血脉,
9640,323,266,火焰冲锋,血脉,
9641,323,296,球状闪电,血脉,
9642,323,329,离子震荡,血脉,
9643,323,343,缠丝劲,血脉,
9644,323,365,花香,血脉,
9645,323,402,诋毁,血脉,
9646,323,430,透射,血脉,
9647,323,488,魅惑,血脉,
9648,323,495,鹰爪,血脉,
9649,323,17,以重制重,默认,28
9650,323,61,力量吞噬,默认,16
9651,323,123,尾后针,默认,4
9652,323,206,极限撕裂,默认,23
9653,323,275,灾厄,默认,38
9654,323,336,等价交换,默认,35
9655,323,344,网缚,默认,13
9656,323,368,草虫冲击,默认,29
9657,323,381,虫击,默认,33
9658,323,388,虫茧,默认,30
9659,323,394,蝙蝠,默认,1
9660,323,442,锐利眼神,默认,1
9661,323,451,防御,默认,8
9662,323,481,飞断,默认,1
9663,94,24,借用,技能石,
9664,94,29,偷袭,技能石,
9665,94,83,吞噬,技能石,
9666,94,121,导电撞击,技能石,
9667,94,178,摇篮曲,技能石,
9668,94,180,撕咬,技能石,
9669,94,195,晒太阳,技能石,
9670,94,402,诋毁,技能石,
9671,94,404,贪婪,技能石,
9672,94,414,跌落,技能石,
9673,94,420,过载回路,技能石,
9674,94,446,闪光冲击,技能石,
9675,94,496,麻痹,技能石,
9676,94,55,冷风,血脉,
9677,94,68,升龙咆哮,血脉,
9678,94,94,噬心,血脉,
9679,94,128,幻象,血脉,
9680,94,143,念力膨胀,血脉,
9681,94,150,恶能量,血脉,
9682,94,160,扬沙,血脉,
9683,94,169,拍击,血脉,
9684,94,242,泡沫,血脉,
9685,94,258,溃烂触碰,血脉,
9686,94,269,火焰箭,血脉,
9687,94,296,球状闪电,血脉,
9688,94,329,离子震荡,血脉,
9689,94,343,缠丝劲,血脉,
9690,94,365,花香,血脉,
9691,94,391,虹光冲击,血脉,
9692,94,476,风矢,血脉,
9693,94,488,魅惑,血脉,
9694,94,62,力量增效,默认,11
9695,94,132,引燃,默认,7
9696,94,135,当头棒喝,默认,22
9697,94,144,怒火,默认,35
9698,94,248,流星火雨,默认,9
9699,94,265,火云车,默认,47
9700,94,271,火苗,默认,1
9701,94,274,灼伤,默认,42
9702,94,284,热身,默认,46
9703,94,288,焚烧烙印,默认,24
9704,94,449,闪燃,默认,49
9705,94,451,防御,默认,1
9706,94,486,高温回火,默认,28
9707,98,58,刺盾,技能石,
9708,98,67,化劲,技能石,
9709,98,76,取念,技能石,
9710,98,120,寸拳,技能石,
9711,98,137,影袭,技能石,
9712,98,226,气波,技能石,
9713,98,244,泥巴喷射,技能石,
9714,98,285,热身运动,技能石,
9715,98,320,硬化,技能石,
9716,98,321,硬门,技能石,
9717,98,371,落石,技能石,
9718,98,395,血气,技能石,
9719,98,426,追打,技能石,
9720,98,432,遁地,技能石,
9721,98,442,锐利眼神,技能石,
9722,98,471,音爆,技能石,
9723,98,38,冥想,血脉,
9724,98,68,升龙咆哮,血脉,
9725,98,176,掩护,血脉,
9726,98,192,星星撞击,血脉,
9727,98,234,水泡盾,血脉,
9728,98,254,淤泥表皮,血脉,
9729,98,258,溃烂触碰,血脉,
9730,98,268,火焰护盾,血脉,
9731,98,329,离子震荡,血脉,
9732,98,336,等价交换,血脉,
9733,98,348,羽翼庇护,血脉,
9734,98,380,虚化,血脉,
9735,98,391,虹光冲击,血脉,
9736,98,393,蜡质膜,血脉,
9737,98,406,贯手,血脉,
9738,98,460,集中,血脉,
9739,98,461,雪替身,血脉,
9740,98,488,魅惑,血脉,
9741,98,18,休息回复,默认,6
9742,98,54,冲撞,默认,35
9743,98,82,吓退,默认,38
9744,98,162,抓挠,默认,30
9745,98,169,拍击,默认,8
9746,98,187,旋转突击,默认,21
9747,98,189,无畏之心,默认,46
9748,98,223,气势一击,默认,28
9749,98,335,突袭,默认,40
9750,98,351,耀眼,默认,10
9751,98,370,落星,默认,1
9752,98,376,蓄能轰击,默认,34
9753,98,450,防反,默认,20
9754,98,451,防御,默认,1
9755,98,470,音波弹,默认,13
9756,445,36,光能聚集,技能石,
9757,445,62,力量增效,技能石,
9758,445,108,复写,技能石,
9759,445,113,天洪,技能石,
9760,445,173,捧杀,技能石,
9761,445,230,水幕冲击,技能石,
9762,445,236,水炮,技能石,
9763,445,237,水环,技能石,
9764,445,318,破罐破摔,技能石,
9765,445,335,突袭,技能石,
9766,445,340,纤维化,技能石,
9767,445,375,蓄水,技能石,
9768,445,395,血气,技能石,
9769,445,401,许愿星,技能石,
9770,445,454,阻断,技能石,
9771,445,489,魔法增效,技能石,
9772,445,491,魔能爆,技能石,
9773,445,38,冥想,血脉,
9774,445,68,升龙咆哮,血脉,
9775,445,74,反击拳,血脉,
9776,445,176,掩护,血脉,
9777,445,218,毒沼,血脉,
9778,445,232,水弹枪,血脉,
9779,445,254,淤泥表皮,血脉,
9780,445,268,火焰护盾,血脉,
9781,445,329,离子震荡,血脉,
9782,445,336,等价交换,血脉,
9783,445,348,羽翼庇护,血脉,
9784,445,367,荆棘爪,血脉,
9785,445,380,虚化,血脉,
9786,445,391,虹光冲击,血脉,
9787,445,450,防反,血脉,
9788,445,460,集中,血脉,
9789,445,461,雪替身,血脉,
9790,445,488,魅惑,血脉,
9791,445,79,叶绿光束,默认,50
9792,445,213,棘突,默认,49
9793,445,229,水刃,默认,36
9794,445,231,水弹,默认,1
9795,445,242,泡沫,默认,9
9796,445,243,泡沫幻影,默认,16
9797,445,247,洗礼,默认,1
9798,445,262,潮涌,默认,32
9799,445,355,肥皂泡,默认,27
9800,445,364,花炮,默认,45
9801,445,370,落星,默认,6
9802,445,393,蜡质膜,默认,46
9803,445,451,防御,默认,1
9804,309,2,三连破,技能石,
9805,309,10,乘胜追击,技能石,
9806,309,24,借用,技能石,
9807,309,62,力量增效,技能石,
9808,309,127,崩拳,技能石,
9809,309,137,影袭,技能石,
9810,309,177,提气,技能石,
9811,309,226,气波,技能石,
9812,309,285,热身运动,技能石,
9813,309,297,甜心续航,技能石,
9814,309,303,电离爆破,技能石,
9815,309,317,破绽,技能石,
9816,309,318,破罐破摔,技能石,
9817,309,384,虫网,技能石,
9818,309,390,虫鸣,技能石,
9819,309,412,超级糖果,技能石,
9820,309,426,追打,技能石,
9821,309,68,升龙咆哮,血脉,
9822,309,94,噬心,血脉,
9823,309,128,幻象,血脉,
9824,309,150,恶能量,血脉,
9825,309,160,扬沙,血脉,
9826,309,169,拍击,血脉,
9827,309,191,星云漩涡,血脉,
9828,309,242,泡沫,血脉,
9829,309,258,溃烂触碰,血脉,
9830,309,266,火焰冲锋,血脉,
9831,309,329,离子震荡,血脉,
9832,309,343,缠丝劲,血脉,
9833,309,365,花香,血脉,
9834,309,391,虹光冲击,血脉,
9835,309,400,触电,血脉,
9836,309,468,霜降,血脉,
9837,309,480,飞吻,血脉,
9838,309,495,鹰爪,血脉,
9839,309,106,增程电池,默认,27
9840,309,134,强制重启,默认,47
9841,309,296,球状闪电,默认,1
9842,309,300,电弧,默认,28
9843,309,409,超导,默认,22
9844,309,410,超导加速,默认,10
9845,309,420,过载回路,默认,12
9846,309,448,闪击折返,默认,37
9847,309,451,防御,默认,1
9848,309,454,阻断,默认,44
9849,309,463,雷暴,默认,41
9850,309,483,飞踢,默认,35
9851,309,489,魔法增效,默认,3
9852,309,496,麻痹,默认,33
9853,428,2,三连破,技能石,
9854,428,4,不动如山,技能石,
9855,428,25,倾泻,技能石,
9856,428,76,取念,技能石,
9857,428,98,地刺,技能石,
9858,428,100,地震,技能石,
9859,428,128,幻象,技能石,
9860,428,166,报复,技能石,
9861,428,176,掩护,技能石,
9862,428,212,棘刺,技能石,
9863,428,254,淤泥表皮,技能石,
9864,428,285,热身运动,技能石,
9865,428,432,遁地,技能石,
9866,428,481,飞断,技能石,
9867,428,38,冥想,血脉,
9868,428,68,升龙咆哮,血脉,
9869,428,74,反击拳,血脉,
9870,428,94,噬心,血脉,
9871,428,211,械斗,血脉,
9872,428,234,水泡盾,血脉,
9873,428,258,溃烂触碰,血脉,
9874,428,268,火焰护盾,血脉,
9875,428,324,碰爪,血脉,
9876,428,336,等价交换,血脉,
9877,428,380,虚化,血脉,
9878,428,393,蜡质膜,血脉,
9879,428,416,跺地,血脉,
9880,428,430,透射,血脉,
9881,428,450,防反,血脉,
9882,428,460,集中,血脉,
9883,428,461,雪替身,血脉,
9884,428,475,风墙,血脉,
9885,428,107,壁垒,默认,30
9886,428,123,尾后针,默认,9
9887,428,125,岩土暴击,默认,44
9888,428,241,沙涌,默认,29
9889,428,314,石锁,默认,36
9890,428,344,网缚,默认,1
9891,428,349,翅刃,默认,50
9892,428,383,虫结阵,默认,39
9893,428,387,虫群过境,默认,37
9894,428,390,虫鸣,默认,23
9895,428,405,贮藏,默认,1
9896,428,451,防御,默认,1
9897,428,484,食腐,默认,11
9898,273,25,倾泻,技能石,
9899,273,66,勾魂,技能石,
9900,273,69,午夜噪音,技能石,
9901,273,74,反击拳,技能石,
9902,273,108,复写,技能石,
9903,273,146,恐吓,技能石,
9904,273,151,惊吓盒子,技能石,
9905,273,175,掠夺,技能石,
9906,273,178,摇篮曲,技能石,
9907,273,215,欺诈契约,技能石,
9908,273,226,气波,技能石,
9909,273,285,热身运动,技能石,
9910,273,403,诡刺,技能石,
9911,273,414,跌落,技能石,
9912,273,424,迫害,技能石,
9913,273,454,阻断,技能石,
9914,273,55,冷风,血脉,
9915,273,68,升龙咆哮,血脉,
9916,273,94,噬心,血脉,
9917,273,128,幻象,血脉,
9918,273,160,扬沙,血脉,
9919,273,169,拍击,血脉,
9920,273,191,星云漩涡,血脉,
9921,273,242,泡沫,血脉,
9922,273,258,溃烂触碰,血脉,
9923,273,266,火焰冲锋,血脉,
9924,273,296,球状闪电,血脉,
9925,273,329,离子震荡,血脉,
9926,273,343,缠丝劲,血脉,
9927,273,365,花香,血脉,
9928,273,391,虹光冲击,血脉,
9929,273,402,诋毁,血脉,
9930,273,476,风矢,血脉,
9931,273,488,魅惑,血脉,
9932,273,11,乘风,默认,35
9933,273,23,俯冲猛击,默认,40
9934,273,31,先发制人,默认,9
9935,273,62,力量增效,默认,13
9936,273,97,回旋风暴,默认,30
9937,273,142,快速移动,默认,43
9938,273,155,扇风,默认,36
9939,273,305,疾风刺,默认,21
9940,273,345,羽刃,默认,49
9941,273,451,防御,默认,3
9942,273,477,风起,默认,39
9943,273,482,飞羽,默认,25
9944,273,489,魔法增效,默认,1
9945,273,492,鸣叫,默认,1
9946,273,502,龙卷风,默认,50
9947,274,25,倾泻,技能石,
9948,274,66,勾魂,技能石,
9949,274,69,午夜噪音,技能石,
9950,274,74,反击拳,技能石,
9951,274,108,复写,技能石,
9952,274,146,恐吓,技能石,
9953,274,151,惊吓盒子,技能石,
9954,274,175,掠夺,技能石,
9955,274,178,摇篮曲,技能石,
9956,274,215,欺诈契约,技能石,
9957,274,226,气波,技能石,
9958,274,285,热身运动,技能石,
9959,274,403,诡刺,技能石,
9960,274,414,跌落,技能石,
9961,274,424,迫害,技能石,
9962,274,454,阻断,技能石,
9963,274,55,冷风,血脉,
9964,274,68,升龙咆哮,血脉,
9965,274,94,噬心,血脉,
9966,274,128,幻象,血脉,
9967,274,160,扬沙,血脉,
9968,274,169,拍击,血脉,
9969,274,191,星云漩涡,血脉,
9970,274,242,泡沫,血脉,
9971,274,258,溃烂触碰,血脉,
9972,274,266,火焰冲锋,血脉,
9973,274,296,球状闪电,血脉,
9974,274,329,离子震荡,血脉,
9975,274,343,缠丝劲,血脉,
9976,274,365,花香,血脉,
9977,274,391,虹光冲击,血脉,
9978,274,402,诋毁,血脉,
9979,274,476,风矢,血脉,
9980,274,488,魅惑,血脉,
9981,274,11,乘风,默认,35
9982,274,23,俯冲猛击,默认,40
9983,274,31,先发制人,默认,9
9984,274,62,力量增效,默认,13
9985,274,97,回旋风暴,默认,30
9986,274,142,快速移动,默认,43
9987,274,155,扇风,默认,36
9988,274,305,疾风刺,默认,21
9989,274,345,羽刃,默认,49
9990,274,451,防御,默认,3
9991,274,477,风起,默认,39
9992,274,482,飞羽,默认,25
9993,274,489,魔法增效,默认,1
9994,274,492,鸣叫,默认,1
9995,274,502,龙卷风,默认,50
9996,190,2,三连破,技能石,
9997,190,8,主场优势,技能石,
9998,190,21,伺机而动,技能石,
9999,190,25,倾泻,技能石,
10000,190,108,复写,技能石,
10001,190,110,大爆炸,技能石,
10002,190,209,根吸收,技能石,
10003,190,212,棘刺,技能石,
10004,190,285,热身运动,技能石,
10005,190,310,盛开,技能石,
10006,190,349,翅刃,技能石,
10007,190,365,花香,技能石,
10008,190,454,阻断,技能石,
10009,190,481,飞断,技能石,
10010,190,55,冷风,血脉,
10011,190,68,升龙咆哮,血脉,
10012,190,123,尾后针,血脉,
10013,190,192,星星撞击,血脉,
10014,190,218,毒沼,血脉,
10015,190,270,火爪,血脉,
10016,190,273,灵媒,血脉,
10017,190,325,磁干扰,血脉,
10018,190,329,离子震荡,血脉,
10019,190,355,肥皂泡,血脉,
10020,190,367,荆棘爪,血脉,
10021,190,391,虹光冲击,血脉,
10022,190,406,贯手,血脉,
10023,190,416,跺地,血脉,
10024,190,437,针状物,血脉,
10025,190,476,风矢,血脉,
10026,190,488,魅惑,血脉,
10027,190,497,黑手,血脉,
10028,190,27,假寐,默认,20
10029,190,169,拍击,默认,9
10030,190,178,摇篮曲,默认,27
10031,190,352,聒噪,默认,1
10032,190,384,虫网,默认,1
10033,190,389,虫蛊,默认,33
10034,190,390,虫鸣,默认,25
10035,190,399,触底强击,默认,36
10036,190,426,追打,默认,48
10037,190,451,防御,默认,13
10038,190,470,音波弹,默认,28
10039,190,491,魔能爆,默认,35
10040,191,2,三连破,技能石,
10041,191,8,主场优势,技能石,
10042,191,21,伺机而动,技能石,
10043,191,25,倾泻,技能石,
10044,191,108,复写,技能石,
10045,191,110,大爆炸,技能石,
10046,191,209,根吸收,技能石,
10047,191,212,棘刺,技能石,
10048,191,285,热身运动,技能石,
10049,191,310,盛开,技能石,
10050,191,349,翅刃,技能石,
10051,191,365,花香,技能石,
10052,191,454,阻断,技能石,
10053,191,481,飞断,技能石,
10054,191,55,冷风,血脉,
10055,191,68,升龙咆哮,血脉,
10056,191,123,尾后针,血脉,
10057,191,192,星星撞击,血脉,
10058,191,218,毒沼,血脉,
10059,191,270,火爪,血脉,
10060,191,273,灵媒,血脉,
10061,191,325,磁干扰,血脉,
10062,191,329,离子震荡,血脉,
10063,191,355,肥皂泡,血脉,
10064,191,367,荆棘爪,血脉,
10065,191,391,虹光冲击,血脉,
10066,191,406,贯手,血脉,
10067,191,416,跺地,血脉,
10068,191,437,针状物,血脉,
10069,191,476,风矢,血脉,
10070,191,488,魅惑,血脉,
10071,191,497,黑手,血脉,
10072,191,27,假寐,默认,6
10073,191,169,拍击,默认,1
10074,191,178,摇篮曲,默认,16
10075,191,352,聒噪,默认,1
10076,191,384,虫网,默认,1
10077,191,389,虫蛊,默认,34
10078,191,390,虫鸣,默认,12
10079,191,399,触底强击,默认,37
10080,191,426,追打,默认,39
10081,191,451,防御,默认,3
10082,191,470,音波弹,默认,27
10083,191,491,魔能爆,默认,35
10084,549,3,三鼓作气,技能石,
10085,549,10,乘胜追击,技能石,
10086,549,21,伺机而动,技能石,
10087,549,24,借用,技能石,
10088,549,31,先发制人,技能石,
10089,549,62,力量增效,技能石,
10090,549,63,加固,技能石,
10091,549,69,午夜噪音,技能石,
10092,549,81,后发制人,技能石,
10093,549,88,咆哮,技能石,
10094,549,93,嘲弄,技能石,
10095,549,97,回旋风暴,技能石,
10096,549,103,垂死反击,技能石,
10097,549,109,多维击打,技能石,
10098,549,110,大爆炸,技能石,
10099,549,135,当头棒喝,技能石,
10100,549,146,恐吓,技能石,
10101,549,151,惊吓盒子,技能石,
10102,549,159,扫尾,技能石,
10103,549,183,操控,技能石,
10104,549,187,旋转突击,技能石,
10105,549,195,晒太阳,技能石,
10106,549,223,气势一击,技能石,
10107,549,272,灵光,技能石,
10108,549,285,热身运动,技能石,
10109,549,300,电弧,技能石,
10110,549,305,疾风刺,技能石,
10111,549,351,耀眼,技能石,
10112,549,359,能量炮,技能石,
10113,549,401,许愿星,技能石,
10114,549,409,超导,技能石,
10115,549,423,连续爪击,技能石,
10116,549,426,追打,技能石,
10117,549,429,逆袭,技能石,
10118,549,434,重击,技能石,
10119,549,470,音波弹,技能石,
10120,549,477,风起,技能石,
10121,549,483,飞踢,技能石,
10122,549,491,魔能爆,技能石,
10123,549,498,鼓劲,技能石,
10124,549,502,龙卷风,技能石,
10125,549,55,冷风,血脉,
10126,549,68,升龙咆哮,血脉,
10127,549,123,尾后针,血脉,
10128,549,143,念力膨胀,血脉,
10129,549,192,星星撞击,血脉,
10130,549,214,横纵斩,血脉,
10131,549,218,毒沼,血脉,
10132,549,270,火爪,血脉,
10133,549,273,灵媒,血脉,
10134,549,325,磁干扰,血脉,
10135,549,329,离子震荡,血脉,
10136,549,355,肥皂泡,血脉,
10137,549,367,荆棘爪,血脉,
10138,549,391,虹光冲击,血脉,
10139,549,406,贯手,血脉,
10140,549,416,跺地,血脉,
10141,549,476,风矢,血脉,
10142,549,488,魅惑,血脉,
10143,549,11,乘风,默认,
10144,549,23,俯冲猛击,默认,
10145,549,25,倾泻,默认,
10146,549,28,偷师,默认,
10147,549,29,偷袭,默认,
10148,549,95,四维降解,默认,
10149,549,101,坍缩,默认,
10150,549,128,幻象,默认,
10151,549,141,心灵洞悉,默认,
10152,549,155,扇风,默认,
10153,549,169,拍击,默认,
10154,549,193,星轨裂变,默认,
10155,549,194,星链,默认,
10156,549,198,暴风眼,默认,
10157,549,212,棘刺,默认,
10158,549,333,空间压迫,默认,
10159,549,335,突袭,默认,
10160,549,345,羽刃,默认,
10161,549,347,羽毛舞,默认,
10162,549,350,翼击,默认,
10163,549,357,能量刃,默认,
10164,549,397,见招拆招,默认,
10165,549,403,诡刺,默认,
10166,549,413,超维投射,默认,
10167,549,443,错乱,默认,
10168,549,447,闪击,默认,
10169,549,454,阻断,默认,
10170,549,489,魔法增效,默认,
10171,549,492,鸣叫,默认,
10172,148,21,伺机而动,技能石,
10173,148,33,光刃,技能石,
10174,148,35,光球,技能石,
10175,148,104,埋伏,技能石,
10176,148,108,复写,技能石,
10177,148,175,掠夺,技能石,
10178,148,178,摇篮曲,技能石,
10179,148,180,撕咬,技能石,
10180,148,196,暗突袭,技能石,
10181,148,248,流星火雨,技能石,
10182,148,260,漫反射,技能石,
10183,148,277,炎打,技能石,
10184,148,285,热身运动,技能石,
10185,148,454,阻断,技能石,
10186,148,496,麻痹,技能石,
10187,148,497,黑手,技能石,
10188,148,68,升龙咆哮,血脉,
10189,148,94,噬心,血脉,
10190,148,128,幻象,血脉,
10191,148,150,恶能量,血脉,
10192,148,160,扬沙,血脉,
10193,148,169,拍击,血脉,
10194,148,191,星云漩涡,血脉,
10195,148,242,泡沫,血脉,
10196,148,258,溃烂触碰,血脉,
10197,148,266,火焰冲锋,血脉,
10198,148,329,离子震荡,血脉,
10199,148,365,花香,血脉,
10200,148,391,虹光冲击,血脉,
10201,148,400,触电,血脉,
10202,148,406,贯手,血脉,
10203,148,468,霜降,血脉,
10204,148,488,魅惑,血脉,
10205,148,495,鹰爪,血脉,
10206,148,10,乘胜追击,默认,34
10207,148,14,交叉闪电,默认,38
10208,148,134,强制重启,默认,50
10209,148,195,晒太阳,默认,23
10210,148,296,球状闪电,默认,7
10211,148,303,电离爆破,默认,35
10212,148,325,磁干扰,默认,1
10213,148,328,离子火花,默认,24
10214,148,409,超导,默认,16
10215,148,420,过载回路,默认,8
10216,148,421,远程访问,默认,28
10217,148,426,追打,默认,49
10218,148,451,防御,默认,12
10219,148,463,雷暴,默认,40
10220,148,489,魔法增效,默认,1
10221,149,2,三连破,技能石,
10222,149,10,乘胜追击,技能石,
10223,149,21,伺机而动,技能石,
10224,149,102,坟场搏击,技能石,
10225,149,104,埋伏,技能石,
10226,149,108,复写,技能石,
10227,149,137,影袭,技能石,
10228,149,177,提气,技能石,
10229,149,195,晒太阳,技能石,
10230,149,226,气波,技能石,
10231,149,285,热身运动,技能石,
10232,149,317,破绽,技能石,
10233,149,356,背袭,技能石,
10234,149,448,闪击折返,技能石,
10235,149,454,阻断,技能石,
10236,149,496,麻痹,技能石,
10237,149,68,升龙咆哮,血脉,
10238,149,94,噬心,血脉,
10239,149,128,幻象,血脉,
10240,149,150,恶能量,血脉,
10241,149,160,扬沙,血脉,
10242,149,164,折线冲击,血脉,
10243,149,169,拍击,血脉,
10244,149,191,星云漩涡,血脉,
10245,149,242,泡沫,血脉,
10246,149,258,溃烂触碰,血脉,
10247,149,266,火焰冲锋,血脉,
10248,149,329,离子震荡,血脉,
10249,149,365,花香,血脉,
10250,149,400,触电,血脉,
10251,149,406,贯手,血脉,
10252,149,468,霜降,血脉,
10253,149,488,魅惑,血脉,
10254,149,495,鹰爪,血脉,
10255,149,32,光之矛,默认,44
10256,149,35,光球,默认,32
10257,149,64,加大功率,默认,33
10258,149,106,增程电池,默认,24
10259,149,111,天光,默认,34
10260,149,121,导电撞击,默认,1
10261,149,134,强制重启,默认,50
10262,149,260,漫反射,默认,7
10263,149,328,离子火花,默认,14
10264,149,391,虹光冲击,默认,39
10265,149,409,超导,默认,1
10266,149,419,过曝,默认,48
10267,149,451,防御,默认,10
10268,149,463,雷暴,默认,49
10269,149,489,魔法增效,默认,1
10270,448,10,乘胜追击,技能石,
10271,448,24,借用,技能石,
10272,448,58,刺盾,技能石,
10273,448,101,坍缩,技能石,
10274,448,107,壁垒,技能石,
10275,448,112,天旋地转,技能石,
10276,448,201,有效预防,技能石,
10277,448,244,泥巴喷射,技能石,
10278,448,285,热身运动,技能石,
10279,448,313,石肤术,技能石,
10280,448,320,硬化,技能石,
10281,448,338,粒子对撞,技能石,
10282,448,371,落石,技能石,
10283,448,387,虫群过境,技能石,
10284,448,426,追打,技能石,
10285,448,457,陨石,技能石,
10286,448,38,冥想,血脉,
10287,448,68,升龙咆哮,血脉,
10288,448,74,反击拳,血脉,
10289,448,123,尾后针,血脉,
10290,448,234,水泡盾,血脉,
10291,448,254,淤泥表皮,血脉,
10292,448,258,溃烂触碰,血脉,
10293,448,268,火焰护盾,血脉,
10294,448,329,离子震荡,血脉,
10295,448,336,等价交换,血脉,
10296,448,348,羽翼庇护,血脉,
10297,448,380,虚化,血脉,
10298,448,391,虹光冲击,血脉,
10299,448,393,蜡质膜,血脉,
10300,448,450,防反,血脉,
10301,448,460,集中,血脉,
10302,448,461,雪替身,血脉,
10303,448,488,魅惑,血脉,
10304,448,18,休息回复,默认,19
10305,448,27,假寐,默认,8
10306,448,31,先发制人,默认,34
10307,448,82,吓退,默认,41
10308,448,89,啃咬,默认,1
10309,448,176,掩护,默认,22
10310,448,344,网缚,默认,29
10311,448,351,耀眼,默认,1
10312,448,381,虫击,默认,44
10313,448,382,虫刺,默认,13
10314,448,383,虫结阵,默认,35
10315,448,385,虫群,默认,40
10316,448,389,虫蛊,默认,39
10317,448,451,防御,默认,1
10318,448,481,飞断,默认,7
10319,448,484,食腐,默认,30
10320,474,25,倾泻,技能石,
10321,474,62,力量增效,技能石,
10322,474,74,反击拳,技能石,
10323,474,78,叠势,技能石,
10324,474,108,复写,技能石,
10325,474,131,应激反应,技能石,
10326,474,189,无畏之心,技能石,
10327,474,224,气沉丹田,技能石,
10328,474,297,甜心续航,技能石,
10329,474,310,盛开,技能石,
10330,474,316,砂糖弹球,技能石,
10331,474,318,破罐破摔,技能石,
10332,474,352,聒噪,技能石,
10333,474,407,赤子之心,技能石,
10334,474,412,超级糖果,技能石,
10335,474,473,预备势,技能石,
10336,474,27,假寐,血脉,
10337,474,66,勾魂,血脉,
10338,474,67,化劲,血脉,
10339,474,68,升龙咆哮,血脉,
10340,474,91,啮合传递,血脉,
10341,474,132,引燃,血脉,
10342,474,192,星星撞击,血脉,
10343,474,217,毒孢子,血脉,
10344,474,246,泥浆铠甲,血脉,
10345,474,346,羽化加速,血脉,
10346,474,367,荆棘爪,血脉,
10347,474,375,蓄水,血脉,
10348,474,391,虹光冲击,血脉,
10349,474,404,贪婪,血脉,
10350,474,413,超维投射,血脉,
10351,474,468,霜降,血脉,
10352,474,480,飞吻,血脉,
10353,474,496,麻痹,血脉,
10354,474,18,休息回复,默认,22
10355,474,115,孢子,默认,39
10356,474,118,富养化,默认,49
10357,474,167,抽枝,默认,47
10358,474,195,晒太阳,默认,1
10359,474,209,根吸收,默认,5
10360,474,213,棘突,默认,31
10361,474,240,汲取,默认,1
10362,474,331,种皮爆裂,默认,12
10363,474,332,移花接木,默认,35
10364,474,337,筛管奔流,默认,38
10365,474,366,芳香诱引,默认,50
10366,474,433,酶浓度调整,默认,25
10367,474,434,重击,默认,2
10368,474,451,防御,默认,1
10369,473,25,倾泻,技能石,
10370,473,62,力量增效,技能石,
10371,473,74,反击拳,技能石,
10372,473,78,叠势,技能石,
10373,473,108,复写,技能石,
10374,473,131,应激反应,技能石,
10375,473,189,无畏之心,技能石,
10376,473,224,气沉丹田,技能石,
10377,473,297,甜心续航,技能石,
10378,473,310,盛开,技能石,
10379,473,316,砂糖弹球,技能石,
10380,473,318,破罐破摔,技能石,
10381,473,352,聒噪,技能石,
10382,473,407,赤子之心,技能石,
10383,473,412,超级糖果,技能石,
10384,473,473,预备势,技能石,
10385,473,27,假寐,血脉,
10386,473,66,勾魂,血脉,
10387,473,67,化劲,血脉,
10388,473,68,升龙咆哮,血脉,
10389,473,91,啮合传递,血脉,
10390,473,132,引燃,血脉,
10391,473,192,星星撞击,血脉,
10392,473,217,毒孢子,血脉,
10393,473,246,泥浆铠甲,血脉,
10394,473,346,羽化加速,血脉,
10395,473,367,荆棘爪,血脉,
10396,473,375,蓄水,血脉,
10397,473,391,虹光冲击,血脉,
10398,473,404,贪婪,血脉,
10399,473,413,超维投射,血脉,
10400,473,468,霜降,血脉,
10401,473,480,飞吻,血脉,
10402,473,496,麻痹,血脉,
10403,473,18,休息回复,默认,22
10404,473,115,孢子,默认,39
10405,473,118,富养化,默认,49
10406,473,167,抽枝,默认,47
10407,473,195,晒太阳,默认,1
10408,473,209,根吸收,默认,5
10409,473,213,棘突,默认,31
10410,473,240,汲取,默认,1
10411,473,331,种皮爆裂,默认,12
10412,473,332,移花接木,默认,35
10413,473,337,筛管奔流,默认,38
10414,473,366,芳香诱引,默认,50
10415,473,433,酶浓度调整,默认,25
10416,473,434,重击,默认,2
10417,473,451,防御,默认,1
10418,475,25,倾泻,技能石,
10419,475,62,力量增效,技能石,
10420,475,74,反击拳,技能石,
10421,475,78,叠势,技能石,
10422,475,108,复写,技能石,
10423,475,131,应激反应,技能石,
10424,475,189,无畏之心,技能石,
10425,475,224,气沉丹田,技能石,
10426,475,297,甜心续航,技能石,
10427,475,310,盛开,技能石,
10428,475,316,砂糖弹球,技能石,
10429,475,318,破罐破摔,技能石,
10430,475,352,聒噪,技能石,
10431,475,407,赤子之心,技能石,
10432,475,412,超级糖果,技能石,
10433,475,473,预备势,技能石,
10434,475,27,假寐,血脉,
10435,475,66,勾魂,血脉,
10436,475,67,化劲,血脉,
10437,475,68,升龙咆哮,血脉,
10438,475,91,啮合传递,血脉,
10439,475,132,引燃,血脉,
10440,475,192,星星撞击,血脉,
10441,475,217,毒孢子,血脉,
10442,475,246,泥浆铠甲,血脉,
10443,475,346,羽化加速,血脉,
10444,475,367,荆棘爪,血脉,
10445,475,375,蓄水,血脉,
10446,475,391,虹光冲击,血脉,
10447,475,404,贪婪,血脉,
10448,475,413,超维投射,血脉,
10449,475,468,霜降,血脉,
10450,475,480,飞吻,血脉,
10451,475,496,麻痹,血脉,
10452,475,18,休息回复,默认,22
10453,475,115,孢子,默认,39
10454,475,118,富养化,默认,49
10455,475,167,抽枝,默认,47
10456,475,195,晒太阳,默认,1
10457,475,209,根吸收,默认,5
10458,475,213,棘突,默认,31
10459,475,240,汲取,默认,1
10460,475,331,种皮爆裂,默认,12
10461,475,332,移花接木,默认,35
10462,475,337,筛管奔流,默认,38
10463,475,366,芳香诱引,默认,50
10464,475,433,酶浓度调整,默认,25
10465,475,434,重击,默认,2
10466,475,451,防御,默认,1
10467,394,25,倾泻,技能石,
10468,394,108,复写,技能石,
10469,394,142,快速移动,技能石,
10470,394,144,怒火,技能石,
10471,394,195,晒太阳,技能石,
10472,394,198,暴风眼,技能石,
10473,394,290,爆冲,技能石,
10474,394,345,羽刃,技能石,
10475,394,371,落石,技能石,
10476,394,451,防御,技能石,
10477,394,55,冷风,血脉,
10478,394,68,升龙咆哮,血脉,
10479,394,94,噬心,血脉,
10480,394,128,幻象,血脉,
10481,394,150,恶能量,血脉,
10482,394,160,扬沙,血脉,
10483,394,169,拍击,血脉,
10484,394,191,星云漩涡,血脉,
10485,394,242,泡沫,血脉,
10486,394,258,溃烂触碰,血脉,
10487,394,269,火焰箭,血脉,
10488,394,296,球状闪电,血脉,
10489,394,329,离子震荡,血脉,
10490,394,365,花香,血脉,
10491,394,391,虹光冲击,血脉,
10492,394,406,贯手,血脉,
10493,394,476,风矢,血脉,
10494,394,488,魅惑,血脉,
10495,394,31,先发制人,默认,16
10496,394,62,力量增效,默认,1
10497,394,71,双响炮,默认,1
10498,394,96,回旋踢,默认,27
10499,394,177,提气,默认,23
10500,394,266,火焰冲锋,默认,1
10501,394,267,火焰切割,默认,25
10502,394,284,热身,默认,30
10503,394,285,热身运动,默认,11
10504,394,288,焚烧烙印,默认,5
10505,394,343,缠丝劲,默认,10
10506,71,29,偷袭,技能石,
10507,71,58,刺盾,技能石,
10508,71,81,后发制人,技能石,
10509,71,86,吹火,技能石,
10510,71,92,嗜痛,技能石,
10511,71,108,复写,技能石,
10512,71,111,天光,技能石,
10513,71,201,有效预防,技能石,
10514,71,268,火焰护盾,技能石,
10515,71,278,炎枪,技能石,
10516,71,351,耀眼,技能石,
10517,71,379,虚假破产,技能石,
10518,71,395,血气,技能石,
10519,71,429,逆袭,技能石,
10520,71,432,遁地,技能石,
10521,71,442,锐利眼神,技能石,
10522,71,451,防御,技能石,
10523,71,465,震击,技能石,
10524,71,38,冥想,血脉,
10525,71,68,升龙咆哮,血脉,
10526,71,74,反击拳,血脉,
10527,71,123,尾后针,血脉,
10528,71,164,折线冲击,血脉,
10529,71,234,水泡盾,血脉,
10530,71,244,泥巴喷射,血脉,
10531,71,255,淬火,血脉,
10532,71,258,溃烂触碰,血脉,
10533,71,329,离子震荡,血脉,
10534,71,336,等价交换,血脉,
10535,71,380,虚化,血脉,
10536,71,393,蜡质膜,血脉,
10537,71,450,防反,血脉,
10538,71,460,集中,血脉,
10539,71,461,雪替身,血脉,
10540,71,475,风墙,血脉,
10541,71,488,魅惑,血脉,
10542,71,98,地刺,默认,49
10543,71,107,壁垒,默认,33
10544,71,160,扬沙,默认,34
10545,71,245,泥浆,默认,12
10546,71,254,淤泥表皮,默认,6
10547,71,260,漫反射,默认,17
10548,71,360,脉冲光线,默认,1
10549,71,374,蓄势待发,默认,26
10550,71,416,跺地,默认,38
10551,71,430,透射,默认,25
10552,71,444,镜像反射,默认,40
10553,71,446,闪光冲击,默认,48
10554,71,470,音波弹,默认,44
10555,71,489,魔法增效,默认,1
10556,72,5,不可接触,技能石,
10557,72,29,偷袭,技能石,
10558,72,58,刺盾,技能石,
10559,72,81,后发制人,技能石,
10560,72,92,嗜痛,技能石,
10561,72,108,复写,技能石,
10562,72,111,天光,技能石,
10563,72,146,恐吓,技能石,
10564,72,166,报复,技能石,
10565,72,201,有效预防,技能石,
10566,72,272,灵光,技能石,
10567,72,351,耀眼,技能石,
10568,72,395,血气,技能石,
10569,72,429,逆袭,技能石,
10570,72,432,遁地,技能石,
10571,72,442,锐利眼神,技能石,
10572,72,451,防御,技能石,
10573,72,465,震击,技能石,
10574,72,38,冥想,血脉,
10575,72,68,升龙咆哮,血脉,
10576,72,74,反击拳,血脉,
10577,72,123,尾后针,血脉,
10578,72,164,折线冲击,血脉,
10579,72,234,水泡盾,血脉,
10580,72,244,泥巴喷射,血脉,
10581,72,258,溃烂触碰,血脉,
10582,72,268,火焰护盾,血脉,
10583,72,329,离子震荡,血脉,
10584,72,336,等价交换,血脉,
10585,72,380,虚化,血脉,
10586,72,393,蜡质膜,血脉,
10587,72,450,防反,血脉,
10588,72,460,集中,血脉,
10589,72,461,雪替身,血脉,
10590,72,475,风墙,血脉,
10591,72,488,魅惑,血脉,
10592,72,98,地刺,默认,49
10593,72,107,壁垒,默认,33
10594,72,160,扬沙,默认,34
10595,72,245,泥浆,默认,12
10596,72,254,淤泥表皮,默认,6
10597,72,260,漫反射,默认,17
10598,72,360,脉冲光线,默认,1
10599,72,374,蓄势待发,默认,26
10600,72,416,跺地,默认,38
10601,72,430,透射,默认,25
10602,72,444,镜像反射,默认,40
10603,72,446,闪光冲击,默认,48
10604,72,470,音波弹,默认,44
10605,72,489,魔法增效,默认,1
10606,73,14,交叉闪电,技能石,
10607,73,29,偷袭,技能石,
10608,73,58,刺盾,技能石,
10609,73,81,后发制人,技能石,
10610,73,92,嗜痛,技能石,
10611,73,108,复写,技能石,
10612,73,111,天光,技能石,
10613,73,201,有效预防,技能石,
10614,73,302,电磁偏转,技能石,
10615,73,321,硬门,技能石,
10616,73,351,耀眼,技能石,
10617,73,395,血气,技能石,
10618,73,409,超导,技能石,
10619,73,429,逆袭,技能石,
10620,73,432,遁地,技能石,
10621,73,442,锐利眼神,技能石,
10622,73,451,防御,技能石,
10623,73,465,震击,技能石,
10624,73,38,冥想,血脉,
10625,73,68,升龙咆哮,血脉,
10626,73,74,反击拳,血脉,
10627,73,123,尾后针,血脉,
10628,73,164,折线冲击,血脉,
10629,73,234,水泡盾,血脉,
10630,73,244,泥巴喷射,血脉,
10631,73,258,溃烂触碰,血脉,
10632,73,268,火焰护盾,血脉,
10633,73,329,离子震荡,血脉,
10634,73,336,等价交换,血脉,
10635,73,380,虚化,血脉,
10636,73,393,蜡质膜,血脉,
10637,73,450,防反,血脉,
10638,73,460,集中,血脉,
10639,73,461,雪替身,血脉,
10640,73,475,风墙,血脉,
10641,73,488,魅惑,血脉,
10642,73,98,地刺,默认,49
10643,73,107,壁垒,默认,33
10644,73,160,扬沙,默认,34
10645,73,245,泥浆,默认,12
10646,73,254,淤泥表皮,默认,6
10647,73,260,漫反射,默认,17
10648,73,360,脉冲光线,默认,1
10649,73,374,蓄势待发,默认,26
10650,73,416,跺地,默认,38
10651,73,430,透射,默认,25
10652,73,444,镜像反射,默认,40
10653,73,446,闪光冲击,默认,48
10654,73,470,音波弹,默认,44
10655,73,489,魔法增效,默认,1
10656,74,29,偷袭,技能石,
10657,74,58,刺盾,技能石,
10658,74,81,后发制人,技能石,
10659,74,92,嗜痛,技能石,
10660,74,108,复写,技能石,
10661,74,111,天光,技能石,
10662,74,173,捧杀,技能石,
10663,74,200,月光合奏,技能石,
10664,74,201,有效预防,技能石,
10665,74,318,破罐破摔,技能石,
10666,74,351,耀眼,技能石,
10667,74,393,蜡质膜,技能石,
10668,74,395,血气,技能石,
10669,74,429,逆袭,技能石,
10670,74,432,遁地,技能石,
10671,74,442,锐利眼神,技能石,
10672,74,451,防御,技能石,
10673,74,465,震击,技能石,
10674,74,38,冥想,血脉,
10675,74,68,升龙咆哮,血脉,
10676,74,74,反击拳,血脉,
10677,74,123,尾后针,血脉,
10678,74,164,折线冲击,血脉,
10679,74,234,水泡盾,血脉,
10680,74,244,泥巴喷射,血脉,
10681,74,258,溃烂触碰,血脉,
10682,74,268,火焰护盾,血脉,
10683,74,329,离子震荡,血脉,
10684,74,336,等价交换,血脉,
10685,74,380,虚化,血脉,
10686,74,433,酶浓度调整,血脉,
10687,74,450,防反,血脉,
10688,74,460,集中,血脉,
10689,74,461,雪替身,血脉,
10690,74,475,风墙,血脉,
10691,74,488,魅惑,血脉,
10692,74,98,地刺,默认,49
10693,74,107,壁垒,默认,33
10694,74,160,扬沙,默认,34
10695,74,245,泥浆,默认,12
10696,74,254,淤泥表皮,默认,6
10697,74,260,漫反射,默认,17
10698,74,360,脉冲光线,默认,1
10699,74,374,蓄势待发,默认,26
10700,74,416,跺地,默认,38
10701,74,430,透射,默认,25
10702,74,444,镜像反射,默认,40
10703,74,446,闪光冲击,默认,48
10704,74,470,音波弹,默认,44
10705,74,489,魔法增效,默认,1
10706,75,29,偷袭,技能石,
10707,75,38,冥想,技能石,
10708,75,58,刺盾,技能石,
10709,75,81,后发制人,技能石,
10710,75,92,嗜痛,技能石,
10711,75,108,复写,技能石,
10712,75,110,大爆炸,技能石,
10713,75,111,天光,技能石,
10714,75,201,有效预防,技能石,
10715,75,333,空间压迫,技能石,
10716,75,351,耀眼,技能石,
10717,75,358,能量守恒,技能石,
10718,75,395,血气,技能石,
10719,75,429,逆袭,技能石,
10720,75,432,遁地,技能石,
10721,75,442,锐利眼神,技能石,
10722,75,451,防御,技能石,
10723,75,465,震击,技能石,
10724,75,68,升龙咆哮,血脉,
10725,75,74,反击拳,血脉,
10726,75,123,尾后针,血脉,
10727,75,164,折线冲击,血脉,
10728,75,234,水泡盾,血脉,
10729,75,244,泥巴喷射,血脉,
10730,75,258,溃烂触碰,血脉,
10731,75,268,火焰护盾,血脉,
10732,75,329,离子震荡,血脉,
10733,75,336,等价交换,血脉,
10734,75,380,虚化,血脉,
10735,75,393,蜡质膜,血脉,
10736,75,413,超维投射,血脉,
10737,75,450,防反,血脉,
10738,75,460,集中,血脉,
10739,75,461,雪替身,血脉,
10740,75,475,风墙,血脉,
10741,75,488,魅惑,血脉,
10742,75,98,地刺,默认,49
10743,75,107,壁垒,默认,33
10744,75,160,扬沙,默认,34
10745,75,245,泥浆,默认,12
10746,75,254,淤泥表皮,默认,6
10747,75,260,漫反射,默认,17
10748,75,360,脉冲光线,默认,1
10749,75,374,蓄势待发,默认,26
10750,75,416,跺地,默认,38
10751,75,430,透射,默认,25
10752,75,444,镜像反射,默认,40
10753,75,446,闪光冲击,默认,48
10754,75,470,音波弹,默认,44
10755,75,489,魔法增效,默认,1
10756,76,29,偷袭,技能石,
10757,76,42,冰墙,技能石,
10758,76,52,冰雹,技能石,
10759,76,58,刺盾,技能石,
10760,76,81,后发制人,技能石,
10761,76,92,嗜痛,技能石,
10762,76,108,复写,技能石,
10763,76,111,天光,技能石,
10764,76,119,寒风吹,技能石,
10765,76,201,有效预防,技能石,
10766,76,261,潮汐,技能石,
10767,76,351,耀眼,技能石,
10768,76,395,血气,技能石,
10769,76,429,逆袭,技能石,
10770,76,432,遁地,技能石,
10771,76,442,锐利眼神,技能石,
10772,76,451,防御,技能石,
10773,76,465,震击,技能石,
10774,76,38,冥想,血脉,
10775,76,68,升龙咆哮,血脉,
10776,76,74,反击拳,血脉,
10777,76,123,尾后针,血脉,
10778,76,164,折线冲击,血脉,
10779,76,234,水泡盾,血脉,
10780,76,244,泥巴喷射,血脉,
10781,76,258,溃烂触碰,血脉,
10782,76,268,火焰护盾,血脉,
10783,76,329,离子震荡,血脉,
10784,76,336,等价交换,血脉,
10785,76,380,虚化,血脉,
10786,76,393,蜡质膜,血脉,
10787,76,450,防反,血脉,
10788,76,460,集中,血脉,
10789,76,461,雪替身,血脉,
10790,76,475,风墙,血脉,
10791,76,488,魅惑,血脉,
10792,76,98,地刺,默认,49
10793,76,107,壁垒,默认,33
10794,76,160,扬沙,默认,34
10795,76,245,泥浆,默认,12
10796,76,254,淤泥表皮,默认,6
10797,76,260,漫反射,默认,17
10798,76,360,脉冲光线,默认,1
10799,76,374,蓄势待发,默认,26
10800,76,416,跺地,默认,38
10801,76,430,透射,默认,25
10802,76,444,镜像反射,默认,40
10803,76,446,闪光冲击,默认,48
10804,76,470,音波弹,默认,44
10805,76,489,魔法增效,默认,1
10806,103,61,力量吞噬,技能石,
10807,103,82,吓退,技能石,
10808,103,132,引燃,技能石,
10809,103,175,掠夺,技能石,
10810,103,178,摇篮曲,技能石,
10811,103,183,操控,技能石,
10812,103,197,暗箱操作,技能石,
10813,103,250,流火,技能石,
10814,103,263,激怒,技能石,
10815,103,284,热身,技能石,
10816,103,334,穿膛,技能石,
10817,103,339,精神扰乱,技能石,
10818,103,404,贪婪,技能石,
10819,103,497,黑手,技能石,
10820,103,18,休息回复,血脉,
10821,103,27,假寐,血脉,
10822,103,67,化劲,血脉,
10823,103,68,升龙咆哮,血脉,
10824,103,91,啮合传递,血脉,
10825,103,139,徒长,血脉,
10826,103,217,毒孢子,血脉,
10827,103,246,泥浆铠甲,血脉,
10828,103,269,火焰箭,血脉,
10829,103,273,灵媒,血脉,
10830,103,297,甜心续航,血脉,
10831,103,346,羽化加速,血脉,
10832,103,375,蓄水,血脉,
10833,103,391,虹光冲击,血脉,
10834,103,402,诋毁,血脉,
10835,103,413,超维投射,血脉,
10836,103,468,霜降,血脉,
10837,103,496,麻痹,血脉,
10838,103,66,勾魂,默认,5
10839,103,76,取念,默认,11
10840,103,93,嘲弄,默认,35
10841,103,130,幽灵爆发,默认,16
10842,103,146,恐吓,默认,39
10843,103,147,恶作剧,默认,45
10844,103,166,报复,默认,27
10845,103,352,聒噪,默认,21
10846,103,356,背袭,默认,34
10847,103,401,许愿星,默认,10
10848,103,451,防御,默认,1
10849,103,455,降灵,默认,40
10850,103,487,鬼火,默认,1
10851,104,61,力量吞噬,技能石,
10852,104,82,吓退,技能石,
10853,104,132,引燃,技能石,
10854,104,175,掠夺,技能石,
10855,104,178,摇篮曲,技能石,
10856,104,183,操控,技能石,
10857,104,197,暗箱操作,技能石,
10858,104,210,栽赃,技能石,
10859,104,250,流火,技能石,
10860,104,263,激怒,技能石,
10861,104,284,热身,技能石,
10862,104,334,穿膛,技能石,
10863,104,339,精神扰乱,技能石,
10864,104,404,贪婪,技能石,
10865,104,18,休息回复,血脉,
10866,104,27,假寐,血脉,
10867,104,67,化劲,血脉,
10868,104,68,升龙咆哮,血脉,
10869,104,91,啮合传递,血脉,
10870,104,139,徒长,血脉,
10871,104,217,毒孢子,血脉,
10872,104,246,泥浆铠甲,血脉,
10873,104,269,火焰箭,血脉,
10874,104,273,灵媒,血脉,
10875,104,297,甜心续航,血脉,
10876,104,346,羽化加速,血脉,
10877,104,375,蓄水,血脉,
10878,104,391,虹光冲击,血脉,
10879,104,402,诋毁,血脉,
10880,104,413,超维投射,血脉,
10881,104,468,霜降,血脉,
10882,104,496,麻痹,血脉,
10883,104,66,勾魂,默认,5
10884,104,76,取念,默认,11
10885,104,93,嘲弄,默认,35
10886,104,130,幽灵爆发,默认,16
10887,104,146,恐吓,默认,39
10888,104,147,恶作剧,默认,45
10889,104,166,报复,默认,27
10890,104,352,聒噪,默认,21
10891,104,356,背袭,默认,34
10892,104,401,许愿星,默认,10
10893,104,451,防御,默认,1
10894,104,455,降灵,默认,40
10895,104,487,鬼火,默认,1
10896,478,24,借用,技能石,
10897,478,25,倾泻,技能石,
10898,478,93,嘲弄,技能石,
10899,478,95,四维降解,技能石,
10900,478,109,多维击打,技能石,
10901,478,111,天光,技能石,
10902,478,141,心灵洞悉,技能石,
10903,478,146,恐吓,技能石,
10904,478,285,热身运动,技能石,
10905,478,426,追打,技能石,
10906,478,427,退化,技能石,
10907,478,451,防御,技能石,
10908,478,454,阻断,技能石,
10909,478,55,冷风,血脉,
10910,478,68,升龙咆哮,血脉,
10911,478,123,尾后针,血脉,
10912,478,143,念力膨胀,血脉,
10913,478,192,星星撞击,血脉,
10914,478,218,毒沼,血脉,
10915,478,270,火爪,血脉,
10916,478,273,灵媒,血脉,
10917,478,325,磁干扰,血脉,
10918,478,329,离子震荡,血脉,
10919,478,355,肥皂泡,血脉,
10920,478,367,荆棘爪,血脉,
10921,478,391,虹光冲击,血脉,
10922,478,406,贯手,血脉,
10923,478,416,跺地,血脉,
10924,478,476,风矢,血脉,
10925,478,488,魅惑,血脉,
10926,478,497,黑手,血脉,
10927,478,11,乘风,默认,17
10928,478,13,二律背反,默认,31
10929,478,31,先发制人,默认,13
10930,478,97,回旋风暴,默认,30
10931,478,101,坍缩,默认,34
10932,478,110,大爆炸,默认,21
10933,478,350,翼击,默认,38
10934,478,413,超维投射,默认,27
10935,478,437,针状物,默认,6
10936,478,443,错乱,默认,40
10937,478,478,风隐,默认,8
10938,478,489,魔法增效,默认,1
10939,478,492,鸣叫,默认,1
10940,477,24,借用,技能石,
10941,477,25,倾泻,技能石,
10942,477,93,嘲弄,技能石,
10943,477,95,四维降解,技能石,
10944,477,109,多维击打,技能石,
10945,477,111,天光,技能石,
10946,477,141,心灵洞悉,技能石,
10947,477,146,恐吓,技能石,
10948,477,285,热身运动,技能石,
10949,477,426,追打,技能石,
10950,477,427,退化,技能石,
10951,477,451,防御,技能石,
10952,477,454,阻断,技能石,
10953,477,55,冷风,血脉,
10954,477,68,升龙咆哮,血脉,
10955,477,123,尾后针,血脉,
10956,477,143,念力膨胀,血脉,
10957,477,192,星星撞击,血脉,
10958,477,218,毒沼,血脉,
10959,477,270,火爪,血脉,
10960,477,273,灵媒,血脉,
10961,477,325,磁干扰,血脉,
10962,477,329,离子震荡,血脉,
10963,477,355,肥皂泡,血脉,
10964,477,367,荆棘爪,血脉,
10965,477,391,虹光冲击,血脉,
10966,477,406,贯手,血脉,
10967,477,416,跺地,血脉,
10968,477,476,风矢,血脉,
10969,477,488,魅惑,血脉,
10970,477,497,黑手,血脉,
10971,477,11,乘风,默认,17
10972,477,13,二律背反,默认,31
10973,477,31,先发制人,默认,13
10974,477,97,回旋风暴,默认,30
10975,477,101,坍缩,默认,34
10976,477,110,大爆炸,默认,21
10977,477,350,翼击,默认,38
10978,477,413,超维投射,默认,27
10979,477,437,针状物,默认,6
10980,477,443,错乱,默认,40
10981,477,478,风隐,默认,8
10982,477,489,魔法增效,默认,1
10983,477,492,鸣叫,默认,1
10984,361,18,休息回复,技能石,
10985,361,63,加固,技能石,
10986,361,76,取念,技能石,
10987,361,82,吓退,技能石,
10988,361,131,应激反应,技能石,
10989,361,158,打鼾,技能石,
10990,361,178,摇篮曲,技能石,
10991,361,195,晒太阳,技能石,
10992,361,222,毒雾,技能石,
10993,361,243,泡沫幻影,技能石,
10994,361,247,洗礼,技能石,
10995,361,253,润泽,技能石,
10996,361,262,潮涌,技能石,
10997,361,309,盐水浴,技能石,
10998,361,339,精神扰乱,技能石,
10999,361,355,肥皂泡,技能石,
11000,361,407,赤子之心,技能石,
11001,361,498,鼓劲,技能石,
11002,361,27,假寐,血脉,
11003,361,66,勾魂,血脉,
11004,361,67,化劲,血脉,
11005,361,68,升龙咆哮,血脉,
11006,361,91,啮合传递,血脉,
11007,361,132,引燃,血脉,
11008,361,139,徒长,血脉,
11009,361,192,星星撞击,血脉,
11010,361,246,泥浆铠甲,血脉,
11011,361,258,溃烂触碰,血脉,
11012,361,346,羽化加速,血脉,
11013,361,375,蓄水,血脉,
11014,361,391,虹光冲击,血脉,
11015,361,402,诋毁,血脉,
11016,361,413,超维投射,血脉,
11017,361,468,霜降,血脉,
11018,361,480,飞吻,血脉,
11019,361,496,麻痹,血脉,
11020,361,5,不可接触,默认,1
11021,361,60,剧毒,默认,40
11022,361,70,压扁,默认,46
11023,361,179,撒娇,默认,39
11024,361,217,毒孢子,默认,16
11025,361,218,毒沼,默认,36
11026,361,219,毒泡泡,默认,11
11027,361,220,毒液渗透,默认,49
11028,361,221,毒针,默认,1
11029,361,291,爆米花爆破,默认,45
11030,361,297,甜心续航,默认,6
11031,361,298,生日蛋糕,默认,25
11032,361,304,疫病吐息,默认,37
11033,361,451,防御,默认,29
11034,361,469,鞭打,默认,23
11035,362,18,休息回复,技能石,
11036,362,63,加固,技能石,
11037,362,76,取念,技能石,
11038,362,82,吓退,技能石,
11039,362,131,应激反应,技能石,
11040,362,158,打鼾,技能石,
11041,362,178,摇篮曲,技能石,
11042,362,195,晒太阳,技能石,
11043,362,222,毒雾,技能石,
11044,362,243,泡沫幻影,技能石,
11045,362,247,洗礼,技能石,
11046,362,253,润泽,技能石,
11047,362,262,潮涌,技能石,
11048,362,309,盐水浴,技能石,
11049,362,339,精神扰乱,技能石,
11050,362,355,肥皂泡,技能石,
11051,362,407,赤子之心,技能石,
11052,362,498,鼓劲,技能石,
11053,362,27,假寐,血脉,
11054,362,66,勾魂,血脉,
11055,362,67,化劲,血脉,
11056,362,68,升龙咆哮,血脉,
11057,362,91,啮合传递,血脉,
11058,362,132,引燃,血脉,
11059,362,139,徒长,血脉,
11060,362,192,星星撞击,血脉,
11061,362,246,泥浆铠甲,血脉,
11062,362,258,溃烂触碰,血脉,
11063,362,346,羽化加速,血脉,
11064,362,375,蓄水,血脉,
11065,362,391,虹光冲击,血脉,
11066,362,402,诋毁,血脉,
11067,362,413,超维投射,血脉,
11068,362,468,霜降,血脉,
11069,362,480,飞吻,血脉,
11070,362,496,麻痹,血脉,
11071,362,5,不可接触,默认,1
11072,362,60,剧毒,默认,34
11073,362,70,压扁,默认,39
11074,362,179,撒娇,默认,33
11075,362,217,毒孢子,默认,10
11076,362,218,毒沼,默认,25
11077,362,219,毒泡泡,默认,7
11078,362,220,毒液渗透,默认,45
11079,362,221,毒针,默认,1
11080,362,291,爆米花爆破,默认,37
11081,362,297,甜心续航,默认,1
11082,362,298,生日蛋糕,默认,16
11083,362,304,疫病吐息,默认,26
11084,362,451,防御,默认,21
11085,362,469,鞭打,默认,11
11086,453,29,偷袭,技能石,
11087,453,31,先发制人,技能石,
11088,453,42,冰墙,技能石,
11089,453,62,力量增效,技能石,
11090,453,70,压扁,技能石,
11091,453,82,吓退,技能石,
11092,453,107,壁垒,技能石,
11093,453,108,复写,技能石,
11094,453,189,无畏之心,技能石,
11095,453,395,血气,技能石,
11096,453,413,超维投射,技能石,
11097,453,467,霜天,技能石,
11098,453,493,鸣沙陷阱,技能石,
11099,453,47,冰爪,血脉,
11100,453,68,升龙咆哮,血脉,
11101,453,74,反击拳,血脉,
11102,453,143,念力膨胀,血脉,
11103,453,176,掩护,血脉,
11104,453,211,械斗,血脉,
11105,453,218,毒沼,血脉,
11106,453,234,水泡盾,血脉,
11107,453,254,淤泥表皮,血脉,
11108,453,268,火焰护盾,血脉,
11109,453,324,碰爪,血脉,
11110,453,336,等价交换,血脉,
11111,453,380,虚化,血脉,
11112,453,393,蜡质膜,血脉,
11113,453,430,透射,血脉,
11114,453,450,防反,血脉,
11115,453,460,集中,血脉,
11116,453,475,风墙,血脉,
11117,453,6,丢冰块,默认,4
11118,453,38,冥想,默认,22
11119,453,43,冰天雪地,默认,34
11120,453,46,冰点,默认,12
11121,453,51,冰锥,默认,1
11122,453,52,冰雹,默认,37
11123,453,72,双星,默认,35
11124,453,194,星链,默认,21
11125,453,199,暴风雪,默认,18
11126,453,333,空间压迫,默认,27
11127,453,338,粒子对撞,默认,1
11128,453,451,防御,默认,1
11129,453,468,霜降,默认,8
11130,156,2,三连破,技能石,
11131,156,57,击鼓传花,技能石,
11132,156,76,取念,技能石,
11133,156,78,叠势,技能石,
11134,156,142,快速移动,技能石,
11135,156,177,提气,技能石,
11136,156,179,撒娇,技能石,
11137,156,195,晒太阳,技能石,
11138,156,197,暗箱操作,技能石,
11139,156,200,月光合奏,技能石,
11140,156,201,有效预防,技能石,
11141,156,285,热身运动,技能石,
11142,156,297,甜心续航,技能石,
11143,156,317,破绽,技能石,
11144,156,343,缠丝劲,技能石,
11145,156,480,飞吻,技能石,
11146,156,18,休息回复,血脉,
11147,156,27,假寐,血脉,
11148,156,66,勾魂,血脉,
11149,156,67,化劲,血脉,
11150,156,68,升龙咆哮,血脉,
11151,156,91,啮合传递,血脉,
11152,156,132,引燃,血脉,
11153,156,139,徒长,血脉,
11154,156,217,毒孢子,血脉,
11155,156,232,水弹枪,血脉,
11156,156,246,泥浆铠甲,血脉,
11157,156,346,羽化加速,血脉,
11158,156,391,虹光冲击,血脉,
11159,156,402,诋毁,血脉,
11160,156,413,超维投射,血脉,
11161,156,468,霜降,血脉,
11162,156,488,魅惑,血脉,
11163,156,496,麻痹,血脉,
11164,156,20,伪造账单,默认,38
11165,156,62,力量增效,默认,28
11166,156,88,咆哮,默认,13
11167,156,149,恶意逃离,默认,50
11168,156,175,掠夺,默认,6
11169,156,180,撕咬,默认,48
11170,156,215,欺诈契约,默认,41
11171,156,336,等价交换,默认,35
11172,156,394,蝙蝠,默认,36
11173,156,404,贪婪,默认,1
11174,156,451,防御,默认,1
11175,156,458,隐藏条款,默认,46
11176,156,470,音波弹,默认,22
11177,156,490,魔爪,默认,1
11178,156,497,黑手,默认,40
11179,481,24,借用,技能石,
11180,481,25,倾泻,技能石,
11181,481,38,冥想,技能石,
11182,481,62,力量增效,技能石,
11183,481,101,坍缩,技能石,
11184,481,141,心灵洞悉,技能石,
11185,481,189,无畏之心,技能石,
11186,481,195,晒太阳,技能石,
11187,481,223,气势一击,技能石,
11188,481,283,热砂,技能石,
11189,481,320,硬化,技能石,
11190,481,333,空间压迫,技能石,
11191,481,357,能量刃,技能石,
11192,481,371,落石,技能石,
11193,481,395,血气,技能石,
11194,481,441,铁蒺藜,技能石,
11195,481,489,魔法增效,技能石,
11196,481,68,升龙咆哮,血脉,
11197,481,74,反击拳,血脉,
11198,481,94,噬心,血脉,
11199,481,160,扬沙,血脉,
11200,481,191,星云漩涡,血脉,
11201,481,234,水泡盾,血脉,
11202,481,258,溃烂触碰,血脉,
11203,481,268,火焰护盾,血脉,
11204,481,324,碰爪,血脉,
11205,481,336,等价交换,血脉,
11206,481,348,羽翼庇护,血脉,
11207,481,380,虚化,血脉,
11208,481,393,蜡质膜,血脉,
11209,481,430,透射,血脉,
11210,481,435,金属噪音,血脉,
11211,481,450,防反,血脉,
11212,481,460,集中,血脉,
11213,481,461,雪替身,血脉,
11214,481,9,主轴,默认,23
11215,481,91,啮合传递,默认,16
11216,481,140,微型斥候,默认,45
11217,481,183,操控,默认,24
11218,481,201,有效预防,默认,34
11219,481,211,械斗,默认,1
11220,481,311,相位移动,默认,50
11221,481,326,磁暴,默认,33
11222,481,329,离子震荡,默认,1
11223,481,358,能量守恒,默认,7
11224,481,418,轴承支撑,默认,6
11225,481,451,防御,默认,1
11226,481,454,阻断,默认,41
11227,481,499,齿轮切开,默认,37
11228,481,500,齿轮扭矩,默认,11
11229,390,108,复写,技能石,
11230,390,195,晒太阳,技能石,
11231,390,201,有效预防,技能石,
11232,390,297,甜心续航,技能石,
11233,390,300,电弧,技能石,
11234,390,302,电磁偏转,技能石,
11235,390,327,示弱,技能石,
11236,390,339,精神扰乱,技能石,
11237,390,412,超级糖果,技能石,
11238,390,420,过载回路,技能石,
11239,390,450,防反,技能石,
11240,390,469,鞭打,技能石,
11241,390,496,麻痹,技能石,
11242,390,18,休息回复,血脉,
11243,390,27,假寐,血脉,
11244,390,66,勾魂,血脉,
11245,390,67,化劲,血脉,
11246,390,68,升龙咆哮,血脉,
11247,390,132,引燃,血脉,
11248,390,139,徒长,血脉,
11249,390,217,毒孢子,血脉,
11250,390,246,泥浆铠甲,血脉,
11251,390,296,球状闪电,血脉,
11252,390,346,羽化加速,血脉,
11253,390,375,蓄水,血脉,
11254,390,404,贪婪,血脉,
11255,390,413,超维投射,血脉,
11256,390,430,透射,血脉,
11257,390,435,金属噪音,血脉,
11258,390,468,霜降,血脉,
11259,390,480,飞吻,血脉,
11260,390,8,主场优势,默认,34
11261,390,31,先发制人,默认,4
11262,390,62,力量增效,默认,21
11263,390,91,啮合传递,默认,6
11264,390,131,应激反应,默认,50
11265,390,203,杠杆置换,默认,1
11266,390,211,械斗,默认,1
11267,390,353,联动装置,默认,38
11268,390,397,见招拆招,默认,39
11269,390,418,轴承支撑,默认,32
11270,390,439,钢铁洪流,默认,23
11271,390,451,防御,默认,1
11272,390,500,齿轮扭矩,默认,12
11273,552,3,三鼓作气,技能石,
11274,552,10,乘胜追击,技能石,
11275,552,19,传感器,技能石,
11276,552,21,伺机而动,技能石,
11277,552,24,借用,技能石,
11278,552,31,先发制人,技能石,
11279,552,41,冰刺,技能石,
11280,552,44,冰捆缚,技能石,
11281,552,52,冰雹,技能石,
11282,552,62,力量增效,技能石,
11283,552,63,加固,技能石,
11284,552,81,后发制人,技能石,
11285,552,88,咆哮,技能石,
11286,552,101,坍缩,技能石,
11287,552,103,垂死反击,技能石,
11288,552,105,堆雪人,技能石,
11289,552,110,大爆炸,技能石,
11290,552,135,当头棒喝,技能石,
11291,552,157,打雪仗,技能石,
11292,552,159,扫尾,技能石,
11293,552,187,旋转突击,技能石,
11294,552,194,星链,技能石,
11295,552,223,气势一击,技能石,
11296,552,238,水花四溅,技能石,
11297,552,253,润泽,技能石,
11298,552,285,热身运动,技能石,
11299,552,323,碎冰击,技能石,
11300,552,333,空间压迫,技能石,
11301,552,351,耀眼,技能石,
11302,552,355,肥皂泡,技能石,
11303,552,357,能量刃,技能石,
11304,552,359,能量炮,技能石,
11305,552,401,许愿星,技能石,
11306,552,423,连续爪击,技能石,
11307,552,426,追打,技能石,
11308,552,429,逆袭,技能石,
11309,552,431,速冻,技能石,
11310,552,434,重击,技能石,
11311,552,462,雪球,技能石,
11312,552,466,霜冻,技能石,
11313,552,470,音波弹,技能石,
11314,552,483,飞踢,技能石,
11315,552,489,魔法增效,技能石,
11316,552,498,鼓劲,技能石,
11317,552,47,冰爪,血脉,
11318,552,68,升龙咆哮,血脉,
11319,552,123,尾后针,血脉,
11320,552,192,星星撞击,血脉,
11321,552,214,横纵斩,血脉,
11322,552,218,毒沼,血脉,
11323,552,232,水弹枪,血脉,
11324,552,270,火爪,血脉,
11325,552,273,灵媒,血脉,
11326,552,325,磁干扰,血脉,
11327,552,367,荆棘爪,血脉,
11328,552,391,虹光冲击,血脉,
11329,552,406,贯手,血脉,
11330,552,416,跺地,血脉,
11331,552,435,金属噪音,血脉,
11332,552,437,针状物,血脉,
11333,552,476,风矢,血脉,
11334,552,488,魅惑,血脉,
11335,552,9,主轴,默认,
11336,552,25,倾泻,默认,
11337,552,29,偷袭,默认,
11338,552,55,冷风,默认,
11339,552,72,双星,默认,
11340,552,91,啮合传递,默认,
11341,552,158,打鼾,默认,
11342,552,168,拆卸,默认,
11343,552,169,拍击,默认,
11344,552,183,操控,默认,
11345,552,193,星轨裂变,默认,
11346,552,195,晒太阳,默认,
11347,552,203,杠杆置换,默认,
11348,552,211,械斗,默认,
11349,552,212,棘刺,默认,
11350,552,326,磁暴,默认,
11351,552,335,突袭,默认,
11352,552,370,落星,默认,
11353,552,397,见招拆招,默认,
11354,552,399,触底强击,默认,
11355,552,438,钢钻,默认,
11356,552,439,钢铁洪流,默认,
11357,552,443,错乱,默认,
11358,552,454,阻断,默认,
11359,552,474,风吹雪,默认,
11360,552,491,魔能爆,默认,
11361,552,500,齿轮扭矩,默认,
11362,553,44,冰捆缚,技能石,
11363,553,45,冰晶坠,技能石,
11364,553,47,冰爪,技能石,
11365,553,93,嘲弄,技能石,
11366,553,108,复写,技能石,
11367,553,128,幻象,技能石,
11368,553,131,应激反应,技能石,
11369,553,146,恐吓,技能石,
11370,553,147,恶作剧,技能石,
11371,553,157,打雪仗,技能石,
11372,553,178,摇篮曲,技能石,
11373,553,201,有效预防,技能石,
11374,553,312,瞬间零度,技能石,
11375,553,434,重击,技能石,
11376,553,438,钢钻,技能石,
11377,553,462,雪球,技能石,
11378,553,18,休息回复,血脉,
11379,553,27,假寐,血脉,
11380,553,66,勾魂,血脉,
11381,553,67,化劲,血脉,
11382,553,68,升龙咆哮,血脉,
11383,553,132,引燃,血脉,
11384,553,139,徒长,血脉,
11385,553,217,毒孢子,血脉,
11386,553,246,泥浆铠甲,血脉,
11387,553,297,甜心续航,血脉,
11388,553,346,羽化加速,血脉,
11389,553,375,蓄水,血脉,
11390,553,404,贪婪,血脉,
11391,553,413,超维投射,血脉,
11392,553,430,透射,血脉,
11393,553,435,金属噪音,血脉,
11394,553,468,霜降,血脉,
11395,553,496,麻痹,血脉,
11396,553,63,加固,默认,32
11397,553,91,啮合传递,默认,23
11398,553,136,彗星,默认,39
11399,553,189,无畏之心,默认,21
11400,553,195,晒太阳,默认,17
11401,553,203,杠杆置换,默认,1
11402,553,211,械斗,默认,4
11403,553,212,棘刺,默认,33
11404,553,326,磁暴,默认,13
11405,553,329,离子震荡,默认,1
11406,553,353,联动装置,默认,49
11407,553,418,轴承支撑,默认,43
11408,553,439,钢铁洪流,默认,22
11409,553,451,防御,默认,1
11410,553,489,魔法增效,默认,9
11411,553,498,鼓劲,默认,40
11412,223,44,冰捆缚,技能石,
11413,223,45,冰晶坠,技能石,
11414,223,47,冰爪,技能石,
11415,223,93,嘲弄,技能石,
11416,223,108,复写,技能石,
11417,223,128,幻象,技能石,
11418,223,131,应激反应,技能石,
11419,223,146,恐吓,技能石,
11420,223,147,恶作剧,技能石,
11421,223,157,打雪仗,技能石,
11422,223,178,摇篮曲,技能石,
11423,223,201,有效预防,技能石,
11424,223,312,瞬间零度,技能石,
11425,223,434,重击,技能石,
11426,223,438,钢钻,技能石,
11427,223,462,雪球,技能石,
11428,223,18,休息回复,血脉,
11429,223,27,假寐,血脉,
11430,223,66,勾魂,血脉,
11431,223,67,化劲,血脉,
11432,223,68,升龙咆哮,血脉,
11433,223,132,引燃,血脉,
11434,223,139,徒长,血脉,
11435,223,217,毒孢子,血脉,
11436,223,246,泥浆铠甲,血脉,
11437,223,297,甜心续航,血脉,
11438,223,346,羽化加速,血脉,
11439,223,375,蓄水,血脉,
11440,223,404,贪婪,血脉,
11441,223,413,超维投射,血脉,
11442,223,430,透射,血脉,
11443,223,435,金属噪音,血脉,
11444,223,468,霜降,血脉,
11445,223,496,麻痹,血脉,
11446,223,63,加固,默认,32
11447,223,91,啮合传递,默认,23
11448,223,136,彗星,默认,39
11449,223,189,无畏之心,默认,21
11450,223,195,晒太阳,默认,17
11451,223,203,杠杆置换,默认,1
11452,223,211,械斗,默认,4
11453,223,212,棘刺,默认,33
11454,223,326,磁暴,默认,13
11455,223,329,离子震荡,默认,1
11456,223,353,联动装置,默认,49
11457,223,418,轴承支撑,默认,43
11458,223,439,钢铁洪流,默认,22
11459,223,451,防御,默认,1
11460,223,489,魔法增效,默认,9
11461,223,498,鼓劲,默认,40
11462,224,44,冰捆缚,技能石,
11463,224,45,冰晶坠,技能石,
11464,224,47,冰爪,技能石,
11465,224,93,嘲弄,技能石,
11466,224,108,复写,技能石,
11467,224,128,幻象,技能石,
11468,224,131,应激反应,技能石,
11469,224,146,恐吓,技能石,
11470,224,147,恶作剧,技能石,
11471,224,157,打雪仗,技能石,
11472,224,178,摇篮曲,技能石,
11473,224,201,有效预防,技能石,
11474,224,312,瞬间零度,技能石,
11475,224,434,重击,技能石,
11476,224,438,钢钻,技能石,
11477,224,462,雪球,技能石,
11478,224,18,休息回复,血脉,
11479,224,27,假寐,血脉,
11480,224,66,勾魂,血脉,
11481,224,67,化劲,血脉,
11482,224,68,升龙咆哮,血脉,
11483,224,132,引燃,血脉,
11484,224,139,徒长,血脉,
11485,224,217,毒孢子,血脉,
11486,224,246,泥浆铠甲,血脉,
11487,224,297,甜心续航,血脉,
11488,224,346,羽化加速,血脉,
11489,224,375,蓄水,血脉,
11490,224,404,贪婪,血脉,
11491,224,413,超维投射,血脉,
11492,224,430,透射,血脉,
11493,224,435,金属噪音,血脉,
11494,224,468,霜降,血脉,
11495,224,496,麻痹,血脉,
11496,224,63,加固,默认,32
11497,224,91,啮合传递,默认,23
11498,224,136,彗星,默认,39
11499,224,189,无畏之心,默认,21
11500,224,195,晒太阳,默认,17
11501,224,203,杠杆置换,默认,1
11502,224,211,械斗,默认,4
11503,224,212,棘刺,默认,33
11504,224,326,磁暴,默认,13
11505,224,329,离子震荡,默认,1
11506,224,353,联动装置,默认,49
11507,224,418,轴承支撑,默认,43
11508,224,439,钢铁洪流,默认,22
11509,224,451,防御,默认,1
11510,224,489,魔法增效,默认,9
11511,224,498,鼓劲,默认,40
11512,232,24,借用,技能石,
11513,232,29,偷袭,技能石,
11514,232,34,光合作用,技能石,
11515,232,67,化劲,技能石,
11516,232,98,地刺,技能石,
11517,232,142,快速移动,技能石,
11518,232,154,截拳,技能石,
11519,232,180,撕咬,技能石,
11520,232,188,无影脚,技能石,
11521,232,195,晒太阳,技能石,
11522,232,332,移花接木,技能石,
11523,232,357,能量刃,技能石,
11524,232,371,落石,技能石,
11525,232,440,钧势,技能石,
11526,232,55,冷风,血脉,
11527,232,68,升龙咆哮,血脉,
11528,232,94,噬心,血脉,
11529,232,128,幻象,血脉,
11530,232,150,恶能量,血脉,
11531,232,169,拍击,血脉,
11532,232,191,星云漩涡,血脉,
11533,232,242,泡沫,血脉,
11534,232,258,溃烂触碰,血脉,
11535,232,266,火焰冲锋,血脉,
11536,232,296,球状闪电,血脉,
11537,232,329,离子震荡,血脉,
11538,232,365,花香,血脉,
11539,232,391,虹光冲击,血脉,
11540,232,406,贯手,血脉,
11541,232,416,跺地,血脉,
11542,232,488,魅惑,血脉,
11543,232,495,鹰爪,血脉,
11544,232,31,先发制人,默认,27
11545,232,59,刺藤,默认,1
11546,232,62,力量增效,默认,1
11547,232,137,影袭,默认,37
11548,232,167,抽枝,默认,48
11549,232,177,提气,默认,29
11550,232,185,散手,默认,33
11551,232,209,根吸收,默认,28
11552,232,310,盛开,默认,38
11553,232,343,缠丝劲,默认,10
11554,232,377,藤绞,默认,12
11555,232,436,针刺射击,默认,35
11556,232,451,防御,默认,17
11557,232,472,顶端优势,默认,36
11558,234,24,借用,技能石,
11559,234,29,偷袭,技能石,
11560,234,34,光合作用,技能石,
11561,234,67,化劲,技能石,
11562,234,98,地刺,技能石,
11563,234,142,快速移动,技能石,
11564,234,154,截拳,技能石,
11565,234,180,撕咬,技能石,
11566,234,188,无影脚,技能石,
11567,234,195,晒太阳,技能石,
11568,234,332,移花接木,技能石,
11569,234,357,能量刃,技能石,
11570,234,371,落石,技能石,
11571,234,440,钧势,技能石,
11572,234,55,冷风,血脉,
11573,234,68,升龙咆哮,血脉,
11574,234,94,噬心,血脉,
11575,234,128,幻象,血脉,
11576,234,150,恶能量,血脉,
11577,234,169,拍击,血脉,
11578,234,191,星云漩涡,血脉,
11579,234,242,泡沫,血脉,
11580,234,258,溃烂触碰,血脉,
11581,234,266,火焰冲锋,血脉,
11582,234,296,球状闪电,血脉,
11583,234,329,离子震荡,血脉,
11584,234,365,花香,血脉,
11585,234,391,虹光冲击,血脉,
11586,234,406,贯手,血脉,
11587,234,416,跺地,血脉,
11588,234,488,魅惑,血脉,
11589,234,495,鹰爪,血脉,
11590,234,31,先发制人,默认,27
11591,234,59,刺藤,默认,1
11592,234,62,力量增效,默认,1
11593,234,137,影袭,默认,37
11594,234,167,抽枝,默认,48
11595,234,177,提气,默认,29
11596,234,185,散手,默认,33
11597,234,209,根吸收,默认,28
11598,234,310,盛开,默认,38
11599,234,343,缠丝劲,默认,10
11600,234,377,藤绞,默认,12
11601,234,436,针刺射击,默认,35
11602,234,451,防御,默认,17
11603,234,472,顶端优势,默认,36
11604,22,67,化劲,技能石,
11605,22,78,叠势,技能石,
11606,22,108,复写,技能石,
11607,22,189,无畏之心,技能石,
11608,22,201,有效预防,技能石,
11609,22,213,棘突,技能石,
11610,22,226,气波,技能石,
11611,22,321,硬门,技能石,
11612,22,335,突袭,技能石,
11613,22,433,酶浓度调整,技能石,
11614,22,450,防反,技能石,
11615,22,452,防御反击,技能石,
11616,22,491,魔能爆,技能石,
11617,22,38,冥想,血脉,
11618,22,68,升龙咆哮,血脉,
11619,22,176,掩护,血脉,
11620,22,192,星星撞击,血脉,
11621,22,218,毒沼,血脉,
11622,22,232,水弹枪,血脉,
11623,22,254,淤泥表皮,血脉,
11624,22,268,火焰护盾,血脉,
11625,22,329,离子震荡,血脉,
11626,22,336,等价交换,血脉,
11627,22,380,虚化,血脉,
11628,22,391,虹光冲击,血脉,
11629,22,393,蜡质膜,血脉,
11630,22,406,贯手,血脉,
11631,22,460,集中,血脉,
11632,22,461,雪替身,血脉,
11633,22,475,风墙,血脉,
11634,22,488,魅惑,血脉,
11635,22,81,后发制人,默认,18
11636,22,113,天洪,默认,49
11637,22,225,气泡,默认,8
11638,22,228,水光冲击,默认,22
11639,22,234,水泡盾,默认,21
11640,22,236,水炮,默认,34
11641,22,237,水环,默认,50
11642,22,243,泡沫幻影,默认,39
11643,22,247,洗礼,默认,12
11644,22,355,肥皂泡,默认,1
11645,22,372,落雨,默认,28
11646,22,451,防御,默认,1
11647,22,489,魔法增效,默认,6
11648,23,67,化劲,技能石,
11649,23,78,叠势,技能石,
11650,23,108,复写,技能石,
11651,23,189,无畏之心,技能石,
11652,23,201,有效预防,技能石,
11653,23,213,棘突,技能石,
11654,23,226,气波,技能石,
11655,23,321,硬门,技能石,
11656,23,335,突袭,技能石,
11657,23,433,酶浓度调整,技能石,
11658,23,450,防反,技能石,
11659,23,452,防御反击,技能石,
11660,23,491,魔能爆,技能石,
11661,23,38,冥想,血脉,
11662,23,68,升龙咆哮,血脉,
11663,23,176,掩护,血脉,
11664,23,192,星星撞击,血脉,
11665,23,218,毒沼,血脉,
11666,23,232,水弹枪,血脉,
11667,23,254,淤泥表皮,血脉,
11668,23,268,火焰护盾,血脉,
11669,23,329,离子震荡,血脉,
11670,23,336,等价交换,血脉,
11671,23,380,虚化,血脉,
11672,23,391,虹光冲击,血脉,
11673,23,393,蜡质膜,血脉,
11674,23,406,贯手,血脉,
11675,23,460,集中,血脉,
11676,23,461,雪替身,血脉,
11677,23,475,风墙,血脉,
11678,23,488,魅惑,血脉,
11679,23,81,后发制人,默认,21
11680,23,113,天洪,默认,38
11681,23,225,气泡,默认,8
11682,23,228,水光冲击,默认,26
11683,23,234,水泡盾,默认,24
11684,23,236,水炮,默认,34
11685,23,237,水环,默认,46
11686,23,243,泡沫幻影,默认,37
11687,23,247,洗礼,默认,12
11688,23,355,肥皂泡,默认,1
11689,23,372,落雨,默认,32
11690,23,451,防御,默认,1
11691,23,489,魔法增效,默认,6
11692,444,62,力量增效,技能石,
11693,444,108,复写,技能石,
11694,444,113,天洪,技能石,
11695,444,230,水幕冲击,技能石,
11696,444,236,水炮,技能石,
11697,444,237,水环,技能石,
11698,444,335,突袭,技能石,
11699,444,375,蓄水,技能石,
11700,444,395,血气,技能石,
11701,444,401,许愿星,技能石,
11702,444,454,阻断,技能石,
11703,444,489,魔法增效,技能石,
11704,444,38,冥想,血脉,
11705,444,68,升龙咆哮,血脉,
11706,444,74,反击拳,血脉,
11707,444,176,掩护,血脉,
11708,444,218,毒沼,血脉,
11709,444,232,水弹枪,血脉,
11710,444,254,淤泥表皮,血脉,
11711,444,268,火焰护盾,血脉,
11712,444,329,离子震荡,血脉,
11713,444,336,等价交换,血脉,
11714,444,348,羽翼庇护,血脉,
11715,444,380,虚化,血脉,
11716,444,391,虹光冲击,血脉,
11717,444,393,蜡质膜,血脉,
11718,444,450,防反,血脉,
11719,444,460,集中,血脉,
11720,444,461,雪替身,血脉,
11721,444,488,魅惑,血脉,
11722,444,229,水刃,默认,36
11723,444,231,水弹,默认,1
11724,444,242,泡沫,默认,9
11725,444,243,泡沫幻影,默认,16
11726,444,247,洗礼,默认,1
11727,444,262,潮涌,默认,32
11728,444,355,肥皂泡,默认,27
11729,444,370,落星,默认,6
11730,444,451,防御,默认,1
11731,456,25,倾泻,技能石,
11732,456,62,力量增效,技能石,
11733,456,92,嗜痛,技能石,
11734,456,108,复写,技能石,
11735,456,124,山火,技能石,
11736,456,166,报复,技能石,
11737,456,189,无畏之心,技能石,
11738,456,255,淬火,技能石,
11739,456,332,移花接木,技能石,
11740,456,393,蜡质膜,技能石,
11741,456,395,血气,技能石,
11742,456,397,见招拆招,技能石,
11743,456,403,诡刺,技能石,
11744,456,472,顶端优势,技能石,
11745,456,38,冥想,血脉,
11746,456,68,升龙咆哮,血脉,
11747,456,74,反击拳,血脉,
11748,456,176,掩护,血脉,
11749,456,218,毒沼,血脉,
11750,456,232,水弹枪,血脉,
11751,456,254,淤泥表皮,血脉,
11752,456,269,火焰箭,血脉,
11753,456,329,离子震荡,血脉,
11754,456,336,等价交换,血脉,
11755,456,348,羽翼庇护,血脉,
11756,456,367,荆棘爪,血脉,
11757,456,380,虚化,血脉,
11758,456,391,虹光冲击,血脉,
11759,456,450,防反,血脉,
11760,456,460,集中,血脉,
11761,456,461,雪替身,血脉,
11762,456,488,魅惑,血脉,
11763,456,30,充分燃烧,默认,27
11764,456,132,引燃,默认,11
11765,456,167,抽枝,默认,48
11766,456,266,火焰冲锋,默认,2
11767,456,268,火焰护盾,默认,16
11768,456,274,灼伤,默认,22
11769,456,280,炙热波动,默认,38
11770,456,330,种子弹,默认,1
11771,456,340,纤维化,默认,34
11772,456,377,藤绞,默认,35
11773,456,433,酶浓度调整,默认,37
11774,456,451,防御,默认,1
11775,456,486,高温回火,默认,3
11776,403,24,借用,技能石,
11777,403,104,埋伏,技能石,
11778,403,178,摇篮曲,技能石,
11779,403,217,毒孢子,技能石,
11780,403,260,漫反射,技能石,
11781,403,308,瘴气喷射,技能石,
11782,403,335,突袭,技能石,
11783,403,360,脉冲光线,技能石,
11784,403,362,腐蚀酸液,技能石,
11785,403,416,跺地,技能石,
11786,403,426,追打,技能石,
11787,403,451,防御,技能石,
11788,403,489,魔法增效,技能石,
11789,403,494,鸩毒,技能石,
11790,403,55,冷风,血脉,
11791,403,68,升龙咆哮,血脉,
11792,403,123,尾后针,血脉,
11793,403,160,扬沙,血脉,
11794,403,169,拍击,血脉,
11795,403,218,毒沼,血脉,
11796,403,270,火爪,血脉,
11797,403,273,灵媒,血脉,
11798,403,325,磁干扰,血脉,
11799,403,329,离子震荡,血脉,
11800,403,355,肥皂泡,血脉,
11801,403,367,荆棘爪,血脉,
11802,403,391,虹光冲击,血脉,
11803,403,406,贯手,血脉,
11804,403,437,针状物,血脉,
11805,403,476,风矢,血脉,
11806,403,488,魅惑,血脉,
11807,403,497,黑手,血脉,
11808,403,25,倾泻,默认,28
11809,403,36,光能聚集,默认,41
11810,403,79,叶绿光束,默认,34
11811,403,115,孢子,默认,33
11812,403,167,抽枝,默认,48
11813,403,195,晒太阳,默认,1
11814,403,209,根吸收,默认,12
11815,403,213,棘突,默认,5
11816,403,310,盛开,默认,42
11817,403,364,花炮,默认,37
11818,403,377,藤绞,默认,1
11819,403,454,阻断,默认,46
11820,401,24,借用,技能石,
11821,401,104,埋伏,技能石,
11822,401,178,摇篮曲,技能石,
11823,401,217,毒孢子,技能石,
11824,401,260,漫反射,技能石,
11825,401,308,瘴气喷射,技能石,
11826,401,335,突袭,技能石,
11827,401,360,脉冲光线,技能石,
11828,401,362,腐蚀酸液,技能石,
11829,401,416,跺地,技能石,
11830,401,426,追打,技能石,
11831,401,451,防御,技能石,
11832,401,489,魔法增效,技能石,
11833,401,494,鸩毒,技能石,
11834,401,55,冷风,血脉,
11835,401,68,升龙咆哮,血脉,
11836,401,123,尾后针,血脉,
11837,401,160,扬沙,血脉,
11838,401,169,拍击,血脉,
11839,401,218,毒沼,血脉,
11840,401,270,火爪,血脉,
11841,401,273,灵媒,血脉,
11842,401,325,磁干扰,血脉,
11843,401,329,离子震荡,血脉,
11844,401,355,肥皂泡,血脉,
11845,401,367,荆棘爪,血脉,
11846,401,391,虹光冲击,血脉,
11847,401,406,贯手,血脉,
11848,401,437,针状物,血脉,
11849,401,476,风矢,血脉,
11850,401,488,魅惑,血脉,
11851,401,497,黑手,血脉,
11852,401,25,倾泻,默认,28
11853,401,36,光能聚集,默认,41
11854,401,79,叶绿光束,默认,34
11855,401,115,孢子,默认,33
11856,401,167,抽枝,默认,48
11857,401,195,晒太阳,默认,1
11858,401,209,根吸收,默认,12
11859,401,213,棘突,默认,5
11860,401,310,盛开,默认,42
11861,401,364,花炮,默认,37
11862,401,377,藤绞,默认,1
11863,401,454,阻断,默认,46
11864,402,24,借用,技能石,
11865,402,104,埋伏,技能石,
11866,402,178,摇篮曲,技能石,
11867,402,217,毒孢子,技能石,
11868,402,260,漫反射,技能石,
11869,402,308,瘴气喷射,技能石,
11870,402,335,突袭,技能石,
11871,402,360,脉冲光线,技能石,
11872,402,362,腐蚀酸液,技能石,
11873,402,416,跺地,技能石,
11874,402,426,追打,技能石,
11875,402,451,防御,技能石,
11876,402,489,魔法增效,技能石,
11877,402,494,鸩毒,技能石,
11878,402,55,冷风,血脉,
11879,402,68,升龙咆哮,血脉,
11880,402,123,尾后针,血脉,
11881,402,160,扬沙,血脉,
11882,402,169,拍击,血脉,
11883,402,218,毒沼,血脉,
11884,402,270,火爪,血脉,
11885,402,273,灵媒,血脉,
11886,402,325,磁干扰,血脉,
11887,402,329,离子震荡,血脉,
11888,402,355,肥皂泡,血脉,
11889,402,367,荆棘爪,血脉,
11890,402,391,虹光冲击,血脉,
11891,402,406,贯手,血脉,
11892,402,437,针状物,血脉,
11893,402,476,风矢,血脉,
11894,402,488,魅惑,血脉,
11895,402,497,黑手,血脉,
11896,402,25,倾泻,默认,28
11897,402,36,光能聚集,默认,41
11898,402,79,叶绿光束,默认,34
11899,402,115,孢子,默认,33
11900,402,167,抽枝,默认,48
11901,402,195,晒太阳,默认,1
11902,402,209,根吸收,默认,12
11903,402,213,棘突,默认,5
11904,402,310,盛开,默认,42
11905,402,364,花炮,默认,37
11906,402,377,藤绞,默认,1
11907,402,454,阻断,默认,46
11908,556,10,乘胜追击,默认,
11909,556,21,伺机而动,默认,
11910,556,25,倾泻,默认,
11911,556,67,化劲,默认,
11912,556,78,叠势,默认,
11913,556,112,天旋地转,默认,
11914,556,127,崩拳,默认,
11915,556,161,技巧打击,默认,
11916,556,171,指指点点,默认,
11917,556,177,提气,默认,
11918,556,180,撕咬,默认,
11919,556,181,撕裂,默认,
11920,556,185,散手,默认,
11921,556,188,无影脚,默认,
11922,556,226,气波,默认,
11923,556,285,热身运动,默认,
11924,556,290,爆冲,默认,
11925,556,301,电流,默认,
11926,556,325,磁干扰,默认,
11927,556,343,缠丝劲,默认,
11928,556,357,能量刃,默认,
11929,556,370,落星,默认,
11930,556,415,践踏,默认,
11931,556,426,追打,默认,
11932,556,454,阻断,默认,
11933,556,470,音波弹,默认,
11934,557,38,冥想,血脉,
11935,557,68,升龙咆哮,血脉,
11936,557,166,报复,血脉,
11937,557,176,掩护,血脉,
11938,557,211,械斗,血脉,
11939,557,234,水泡盾,血脉,
11940,557,254,淤泥表皮,血脉,
11941,557,258,溃烂触碰,血脉,
11942,557,268,火焰护盾,血脉,
11943,557,336,等价交换,血脉,
11944,557,393,蜡质膜,血脉,
11945,557,406,贯手,血脉,
11946,557,430,透射,血脉,
11947,557,450,防反,血脉,
11948,557,460,集中,血脉,
11949,557,461,雪替身,血脉,
11950,557,475,风墙,血脉,
11951,557,480,飞吻,血脉,
11952,557,10,乘胜追击,默认,
11953,557,12,乱打,默认,
11954,557,74,反击拳,默认,
11955,557,78,叠势,默认,
11956,557,81,后发制人,默认,
11957,557,85,听桥,默认,
11958,557,104,埋伏,默认,
11959,557,112,天旋地转,默认,
11960,557,120,寸拳,默认,
11961,557,137,影袭,默认,
11962,557,171,指指点点,默认,
11963,557,187,旋转突击,默认,
11964,557,291,爆米花爆破,默认,
11965,557,294,猛烈撞击,默认,
11966,557,321,硬门,默认,
11967,557,324,碰爪,默认,
11968,557,343,缠丝劲,默认,
11969,557,357,能量刃,默认,
11970,557,359,能量炮,默认,
11971,557,370,落星,默认,
11972,557,444,镜像反射,默认,
11973,557,451,防御,默认,
11974,557,452,防御反击,默认,
11975,557,483,飞踢,默认,
11976,558,18,休息回复,血脉,
11977,558,27,假寐,血脉,
11978,558,68,升龙咆哮,血脉,
11979,558,91,啮合传递,血脉,
11980,558,122,小偷小摸,血脉,
11981,558,132,引燃,血脉,
11982,558,139,徒长,血脉,
11983,558,208,柔弱,血脉,
11984,558,217,毒孢子,血脉,
11985,558,246,泥浆铠甲,血脉,
11986,558,346,羽化加速,血脉,
11987,558,375,蓄水,血脉,
11988,558,404,贪婪,血脉,
11989,558,406,贯手,血脉,
11990,558,413,超维投射,血脉,
11991,558,430,透射,血脉,
11992,558,468,霜降,血脉,
11993,558,496,麻痹,血脉,
11994,558,3,三鼓作气,默认,
11995,558,10,乘胜追击,默认,
11996,558,21,伺机而动,默认,
11997,558,62,力量增效,默认,
11998,558,67,化劲,默认,
11999,558,70,压扁,默认,
12000,558,74,反击拳,默认,
12001,558,104,埋伏,默认,
12002,558,112,天旋地转,默认,
12003,558,120,寸拳,默认,
12004,558,137,影袭,默认,
12005,558,142,快速移动,默认,
12006,558,147,恶作剧,默认,
12007,558,162,抓挠,默认,
12008,558,171,指指点点,默认,
12009,558,177,提气,默认,
12010,558,187,旋转突击,默认,
12011,558,224,气沉丹田,默认,
12012,558,285,热身运动,默认,
12013,558,317,破绽,默认,
12014,558,319,破防,默认,
12015,558,451,防御,默认,
12016,558,483,飞踢,默认,
12017,558,,龙之舞,默认,
12018,558,504,龙吼,默认,
12019,558,508,龙爪,默认,
12020,109,20,伪造账单,技能石,
12021,109,21,伺机而动,技能石,
12022,109,75,反弹,技能石,
12023,109,104,埋伏,技能石,
12024,109,175,掠夺,技能石,
12025,109,178,摇篮曲,技能石,
12026,109,179,撒娇,技能石,
12027,109,260,漫反射,技能石,
12028,109,272,灵光,技能石,
12029,109,318,破罐破摔,技能石,
12030,109,379,虚假破产,技能石,
12031,109,454,阻断,技能石,
12032,109,497,黑手,技能石,
12033,109,18,休息回复,血脉,
12034,109,27,假寐,血脉,
12035,109,67,化劲,血脉,
12036,109,68,升龙咆哮,血脉,
12037,109,91,啮合传递,血脉,
12038,109,132,引燃,血脉,
12039,109,139,徒长,血脉,
12040,109,217,毒孢子,血脉,
12041,109,246,泥浆铠甲,血脉,
12042,109,273,灵媒,血脉,
12043,109,346,羽化加速,血脉,
12044,109,375,蓄水,血脉,
12045,109,391,虹光冲击,血脉,
12046,109,404,贪婪,血脉,
12047,109,413,超维投射,血脉,
12048,109,468,霜降,血脉,
12049,109,480,飞吻,血脉,
12050,109,496,麻痹,血脉,
12051,109,24,借用,默认,1
12052,109,66,勾魂,默认,12
12053,109,69,午夜噪音,默认,24
12054,109,130,幽灵爆发,默认,35
12055,109,146,恐吓,默认,5
12056,109,147,恶作剧,默认,49
12057,109,169,拍击,默认,1
12058,109,183,操控,默认,38
12059,109,285,热身运动,默认,47
12060,109,356,背袭,默认,43
12061,109,451,防御,默认,1
12062,109,455,降灵,默认,44
12063,109,489,魔法增效,默认,31
12064,303,8,主场优势,技能石,
12065,303,14,交叉闪电,技能石,
12066,303,57,击鼓传花,技能石,
12067,303,76,取念,技能石,
12068,303,78,叠势,技能石,
12069,303,137,影袭,技能石,
12070,303,177,提气,技能石,
12071,303,178,摇篮曲,技能石,
12072,303,224,气沉丹田,技能石,
12073,303,285,热身运动,技能石,
12074,303,302,电磁偏转,技能石,
12075,303,319,破防,技能石,
12076,303,343,缠丝劲,技能石,
12077,303,409,超导,技能石,
12078,303,420,过载回路,技能石,
12079,303,452,防御反击,技能石,
12080,303,27,假寐,血脉,
12081,303,66,勾魂,血脉,
12082,303,67,化劲,血脉,
12083,303,68,升龙咆哮,血脉,
12084,303,91,啮合传递,血脉,
12085,303,132,引燃,血脉,
12086,303,139,徒长,血脉,
12087,303,192,星星撞击,血脉,
12088,303,217,毒孢子,血脉,
12089,303,246,泥浆铠甲,血脉,
12090,303,346,羽化加速,血脉,
12091,303,375,蓄水,血脉,
12092,303,391,虹光冲击,血脉,
12093,303,404,贪婪,血脉,
12094,303,413,超维投射,血脉,
12095,303,468,霜降,血脉,
12096,303,488,魅惑,血脉,
12097,303,496,麻痹,血脉,
12098,303,75,反弹,默认,17
12099,303,84,吨位压制,默认,40
12100,303,131,应激反应,默认,49
12101,303,179,撒娇,默认,11
12102,303,200,月光合奏,默认,35
12103,303,297,甜心续航,默认,10
12104,303,298,生日蛋糕,默认,28
12105,303,318,破罐破摔,默认,26
12106,303,327,示弱,默认,1
12107,303,407,赤子之心,默认,36
12108,303,412,超级糖果,默认,2
12109,303,427,退化,默认,39
12110,303,450,防反,默认,22
12111,303,451,防御,默认,1
12112,303,480,飞吻,默认,1
12113,107,20,伪造账单,技能石,
12114,107,21,伺机而动,技能石,
12115,107,75,反弹,技能石,
12116,107,104,埋伏,技能石,
12117,107,175,掠夺,技能石,
12118,107,178,摇篮曲,技能石,
12119,107,179,撒娇,技能石,
12120,107,260,漫反射,技能石,
12121,107,272,灵光,技能石,
12122,107,318,破罐破摔,技能石,
12123,107,379,虚假破产,技能石,
12124,107,454,阻断,技能石,
12125,107,497,黑手,技能石,
12126,107,18,休息回复,血脉,
12127,107,27,假寐,血脉,
12128,107,67,化劲,血脉,
12129,107,68,升龙咆哮,血脉,
12130,107,91,啮合传递,血脉,
12131,107,132,引燃,血脉,
12132,107,139,徒长,血脉,
12133,107,217,毒孢子,血脉,
12134,107,246,泥浆铠甲,血脉,
12135,107,273,灵媒,血脉,
12136,107,346,羽化加速,血脉,
12137,107,375,蓄水,血脉,
12138,107,391,虹光冲击,血脉,
12139,107,404,贪婪,血脉,
12140,107,413,超维投射,血脉,
12141,107,468,霜降,血脉,
12142,107,480,飞吻,血脉,
12143,107,496,麻痹,血脉,
12144,107,24,借用,默认,1
12145,107,66,勾魂,默认,12
12146,107,69,午夜噪音,默认,24
12147,107,130,幽灵爆发,默认,35
12148,107,146,恐吓,默认,5
12149,107,147,恶作剧,默认,49
12150,107,169,拍击,默认,1
12151,107,183,操控,默认,38
12152,107,285,热身运动,默认,47
12153,107,356,背袭,默认,43
12154,107,451,防御,默认,1
12155,107,455,降灵,默认,44
12156,107,489,魔法增效,默认,31
12157,292,9,主轴,技能石,
12158,292,24,借用,技能石,
12159,292,25,倾泻,技能石,
12160,292,31,先发制人,技能石,
12161,292,33,光刃,技能石,
12162,292,99,地陷,技能石,
12163,292,142,快速移动,技能石,
12164,292,185,散手,技能石,
12165,292,195,晒太阳,技能石,
12166,292,260,漫反射,技能石,
12167,292,285,热身运动,技能石,
12168,292,313,石肤术,技能石,
12169,292,399,触底强击,技能石,
12170,292,423,连续爪击,技能石,
12171,292,425,迫近攻击,技能石,
12172,292,430,透射,技能石,
12173,292,47,冰爪,血脉,
12174,292,68,升龙咆哮,血脉,
12175,292,94,噬心,血脉,
12176,292,150,恶能量,血脉,
12177,292,160,扬沙,血脉,
12178,292,164,折线冲击,血脉,
12179,292,191,星云漩涡,血脉,
12180,292,192,星星撞击,血脉,
12181,292,218,毒沼,血脉,
12182,292,242,泡沫,血脉,
12183,292,266,火焰冲锋,血脉,
12184,292,273,灵媒,血脉,
12185,292,296,球状闪电,血脉,
12186,292,324,碰爪,血脉,
12187,292,365,花香,血脉,
12188,292,406,贯手,血脉,
12189,292,435,金属噪音,血脉,
12190,292,476,风矢,血脉,
12191,292,62,力量增效,默认,11
12192,292,67,化劲,默认,23
12193,292,98,地刺,默认,50
12194,292,120,寸拳,默认,1
12195,292,125,岩土暴击,默认,48
12196,292,137,影袭,默认,28
12197,292,154,截拳,默认,49
12198,292,177,提气,默认,36
12199,292,224,气沉丹田,默认,39
12200,292,226,气波,默认,7
12201,292,294,猛烈撞击,默认,27
12202,292,317,破绽,默认,44
12203,292,343,缠丝劲,默认,9
12204,292,416,跺地,默认,17
12205,292,440,钧势,默认,35
12206,292,451,防御,默认,1
12207,292,489,魔法增效,默认,1
12208,292,493,鸣沙陷阱,默认,38
12209,284,24,借用,技能石,
12210,284,31,先发制人,技能石,
12211,284,159,扫尾,技能石,
12212,284,195,晒太阳,技能石,
12213,284,399,触底强击,技能石,
12214,284,425,迫近攻击,技能石,
12215,284,55,冷风,血脉,
12216,284,68,升龙咆哮,血脉,
12217,284,94,噬心,血脉,
12218,284,128,幻象,血脉,
12219,284,150,恶能量,血脉,
12220,284,160,扬沙,血脉,
12221,284,169,拍击,血脉,
12222,284,191,星云漩涡,血脉,
12223,284,242,泡沫,血脉,
12224,284,258,溃烂触碰,血脉,
12225,284,266,火焰冲锋,血脉,
12226,284,296,球状闪电,血脉,
12227,284,329,离子震荡,血脉,
12228,284,365,花香,血脉,
12229,284,391,虹光冲击,血脉,
12230,284,406,贯手,血脉,
12231,284,488,魅惑,血脉,
12232,284,495,鹰爪,血脉,
12233,284,62,力量增效,默认,11
12234,284,67,化劲,默认,23
12235,284,120,寸拳,默认,1
12236,284,137,影袭,默认,28
12237,284,226,气波,默认,7
12238,284,294,猛烈撞击,默认,27
12239,284,343,缠丝劲,默认,9
12240,284,416,跺地,默认,17
12241,284,451,防御,默认,1
12242,284,489,魔法增效,默认,1
12243,285,24,借用,技能石,
12244,285,31,先发制人,技能石,
12245,285,159,扫尾,技能石,
12246,285,195,晒太阳,技能石,
12247,285,399,触底强击,技能石,
12248,285,425,迫近攻击,技能石,
12249,285,55,冷风,血脉,
12250,285,68,升龙咆哮,血脉,
12251,285,94,噬心,血脉,
12252,285,128,幻象,血脉,
12253,285,150,恶能量,血脉,
12254,285,160,扬沙,血脉,
12255,285,169,拍击,血脉,
12256,285,191,星云漩涡,血脉,
12257,285,242,泡沫,血脉,
12258,285,258,溃烂触碰,血脉,
12259,285,266,火焰冲锋,血脉,
12260,285,296,球状闪电,血脉,
12261,285,329,离子震荡,血脉,
12262,285,365,花香,血脉,
12263,285,391,虹光冲击,血脉,
12264,285,406,贯手,血脉,
12265,285,488,魅惑,血脉,
12266,285,495,鹰爪,血脉,
12267,285,62,力量增效,默认,11
12268,285,67,化劲,默认,23
12269,285,120,寸拳,默认,1
12270,285,137,影袭,默认,28
12271,285,226,气波,默认,7
12272,285,294,猛烈撞击,默认,27
12273,285,343,缠丝劲,默认,9
12274,285,416,跺地,默认,17
12275,285,451,防御,默认,1
12276,285,489,魔法增效,默认,1
12277,290,24,借用,技能石,
12278,290,31,先发制人,技能石,
12279,290,74,反击拳,技能石,
12280,290,78,叠势,技能石,
12281,290,85,听桥,技能石,
12282,290,111,天光,技能石,
12283,290,125,岩土暴击,技能石,
12284,290,184,放晴,技能石,
12285,290,195,晒太阳,技能石,
12286,290,241,沙涌,技能石,
12287,290,246,泥浆铠甲,技能石,
12288,290,249,流沙,技能石,
12289,290,260,漫反射,技能石,
12290,290,285,热身运动,技能石,
12291,290,399,触底强击,技能石,
12292,290,425,迫近攻击,技能石,
12293,290,430,透射,技能石,
12294,290,452,防御反击,技能石,
12295,290,473,预备势,技能石,
12296,290,18,休息回复,血脉,
12297,290,27,假寐,血脉,
12298,290,66,勾魂,血脉,
12299,290,68,升龙咆哮,血脉,
12300,290,91,啮合传递,血脉,
12301,290,132,引燃,血脉,
12302,290,139,徒长,血脉,
12303,290,160,扬沙,血脉,
12304,290,217,毒孢子,血脉,
12305,290,297,甜心续航,血脉,
12306,290,346,羽化加速,血脉,
12307,290,375,蓄水,血脉,
12308,290,391,虹光冲击,血脉,
12309,290,404,贪婪,血脉,
12310,290,406,贯手,血脉,
12311,290,413,超维投射,血脉,
12312,290,468,霜降,血脉,
12313,290,496,麻痹,血脉,
12314,290,62,力量增效,默认,11
12315,290,67,化劲,默认,23
12316,290,120,寸拳,默认,1
12317,290,126,岩脉崩毁,默认,48
12318,290,137,影袭,默认,28
12319,290,177,提气,默认,39
12320,290,226,气波,默认,7
12321,290,294,猛烈撞击,默认,27
12322,290,313,石肤术,默认,36
12323,290,317,破绽,默认,49
12324,290,343,缠丝劲,默认,9
12325,290,374,蓄势待发,默认,44
12326,290,416,跺地,默认,17
12327,290,440,钧势,默认,35
12328,290,451,防御,默认,1
12329,290,457,陨石,默认,38
12330,290,489,魔法增效,默认,1
12331,291,24,借用,技能石,
12332,291,31,先发制人,技能石,
12333,291,61,力量吞噬,技能石,
12334,291,74,反击拳,技能石,
12335,291,78,叠势,技能石,
12336,291,85,听桥,技能石,
12337,291,125,岩土暴击,技能石,
12338,291,180,撕咬,技能石,
12339,291,195,晒太阳,技能石,
12340,291,197,暗箱操作,技能石,
12341,291,241,沙涌,技能石,
12342,291,246,泥浆铠甲,技能石,
12343,291,249,流沙,技能石,
12344,291,285,热身运动,技能石,
12345,291,399,触底强击,技能石,
12346,291,402,诋毁,技能石,
12347,291,425,迫近攻击,技能石,
12348,291,452,防御反击,技能石,
12349,291,473,预备势,技能石,
12350,291,18,休息回复,血脉,
12351,291,27,假寐,血脉,
12352,291,66,勾魂,血脉,
12353,291,68,升龙咆哮,血脉,
12354,291,91,啮合传递,血脉,
12355,291,132,引燃,血脉,
12356,291,139,徒长,血脉,
12357,291,160,扬沙,血脉,
12358,291,217,毒孢子,血脉,
12359,291,297,甜心续航,血脉,
12360,291,346,羽化加速,血脉,
12361,291,375,蓄水,血脉,
12362,291,391,虹光冲击,血脉,
12363,291,404,贪婪,血脉,
12364,291,406,贯手,血脉,
12365,291,413,超维投射,血脉,
12366,291,468,霜降,血脉,
12367,291,496,麻痹,血脉,
12368,291,62,力量增效,默认,11
12369,291,67,化劲,默认,23
12370,291,120,寸拳,默认,1
12371,291,126,岩脉崩毁,默认,48
12372,291,137,影袭,默认,28
12373,291,177,提气,默认,39
12374,291,226,气波,默认,7
12375,291,294,猛烈撞击,默认,27
12376,291,313,石肤术,默认,36
12377,291,317,破绽,默认,49
12378,291,343,缠丝劲,默认,9
12379,291,374,蓄势待发,默认,44
12380,291,416,跺地,默认,17
12381,291,440,钧势,默认,35
12382,291,451,防御,默认,1
12383,291,457,陨石,默认,38
12384,291,489,魔法增效,默认,1
12385,293,1,一拳,技能石,
12386,293,24,借用,技能石,
12387,293,31,先发制人,技能石,
12388,293,78,叠势,技能石,
12389,293,85,听桥,技能石,
12390,293,111,天光,技能石,
12391,293,165,抛石,技能石,
12392,293,178,摇篮曲,技能石,
12393,293,184,放晴,技能石,
12394,293,195,晒太阳,技能石,
12395,293,201,有效预防,技能石,
12396,293,224,气沉丹田,技能石,
12397,293,260,漫反射,技能石,
12398,293,285,热身运动,技能石,
12399,293,399,触底强击,技能石,
12400,293,425,迫近攻击,技能石,
12401,293,430,透射,技能石,
12402,293,452,防御反击,技能石,
12403,293,473,预备势,技能石,
12404,293,493,鸣沙陷阱,技能石,
12405,293,18,休息回复,血脉,
12406,293,27,假寐,血脉,
12407,293,68,升龙咆哮,血脉,
12408,293,91,啮合传递,血脉,
12409,293,132,引燃,血脉,
12410,293,139,徒长,血脉,
12411,293,160,扬沙,血脉,
12412,293,217,毒孢子,血脉,
12413,293,273,灵媒,血脉,
12414,293,297,甜心续航,血脉,
12415,293,346,羽化加速,血脉,
12416,293,375,蓄水,血脉,
12417,293,391,虹光冲击,血脉,
12418,293,404,贪婪,血脉,
12419,293,406,贯手,血脉,
12420,293,413,超维投射,血脉,
12421,293,468,霜降,血脉,
12422,293,496,麻痹,血脉,
12423,293,62,力量增效,默认,11
12424,293,67,化劲,默认,23
12425,293,120,寸拳,默认,1
12426,293,126,岩脉崩毁,默认,48
12427,293,137,影袭,默认,28
12428,293,177,提气,默认,39
12429,293,226,气波,默认,7
12430,293,294,猛烈撞击,默认,27
12431,293,313,石肤术,默认,36
12432,293,317,破绽,默认,49
12433,293,343,缠丝劲,默认,9
12434,293,374,蓄势待发,默认,44
12435,293,416,跺地,默认,17
12436,293,440,钧势,默认,35
12437,293,451,防御,默认,1
12438,293,457,陨石,默认,38
12439,293,489,魔法增效,默认,1
12440,294,1,一拳,技能石,
12441,294,24,借用,技能石,
12442,294,31,先发制人,技能石,
12443,294,61,力量吞噬,技能石,
12444,294,78,叠势,技能石,
12445,294,85,听桥,技能石,
12446,294,165,抛石,技能石,
12447,294,178,摇篮曲,技能石,
12448,294,180,撕咬,技能石,
12449,294,195,晒太阳,技能石,
12450,294,197,暗箱操作,技能石,
12451,294,201,有效预防,技能石,
12452,294,224,气沉丹田,技能石,
12453,294,285,热身运动,技能石,
12454,294,399,触底强击,技能石,
12455,294,402,诋毁,技能石,
12456,294,425,迫近攻击,技能石,
12457,294,452,防御反击,技能石,
12458,294,473,预备势,技能石,
12459,294,493,鸣沙陷阱,技能石,
12460,294,18,休息回复,血脉,
12461,294,27,假寐,血脉,
12462,294,68,升龙咆哮,血脉,
12463,294,91,啮合传递,血脉,
12464,294,132,引燃,血脉,
12465,294,139,徒长,血脉,
12466,294,160,扬沙,血脉,
12467,294,217,毒孢子,血脉,
12468,294,273,灵媒,血脉,
12469,294,297,甜心续航,血脉,
12470,294,346,羽化加速,血脉,
12471,294,375,蓄水,血脉,
12472,294,391,虹光冲击,血脉,
12473,294,404,贪婪,血脉,
12474,294,406,贯手,血脉,
12475,294,413,超维投射,血脉,
12476,294,468,霜降,血脉,
12477,294,496,麻痹,血脉,
12478,294,62,力量增效,默认,11
12479,294,67,化劲,默认,23
12480,294,120,寸拳,默认,1
12481,294,126,岩脉崩毁,默认,48
12482,294,137,影袭,默认,28
12483,294,177,提气,默认,39
12484,294,226,气波,默认,7
12485,294,294,猛烈撞击,默认,27
12486,294,313,石肤术,默认,36
12487,294,317,破绽,默认,49
12488,294,343,缠丝劲,默认,9
12489,294,374,蓄势待发,默认,44
12490,294,416,跺地,默认,17
12491,294,440,钧势,默认,35
12492,294,451,防御,默认,1
12493,294,457,陨石,默认,38
12494,294,489,魔法增效,默认,1
12495,286,9,主轴,技能石,
12496,286,24,借用,技能石,
12497,286,25,倾泻,技能石,
12498,286,31,先发制人,技能石,
12499,286,33,光刃,技能石,
12500,286,99,地陷,技能石,
12501,286,142,快速移动,技能石,
12502,286,185,散手,技能石,
12503,286,195,晒太阳,技能石,
12504,286,260,漫反射,技能石,
12505,286,285,热身运动,技能石,
12506,286,313,石肤术,技能石,
12507,286,399,触底强击,技能石,
12508,286,423,连续爪击,技能石,
12509,286,425,迫近攻击,技能石,
12510,286,430,透射,技能石,
12511,286,47,冰爪,血脉,
12512,286,68,升龙咆哮,血脉,
12513,286,94,噬心,血脉,
12514,286,150,恶能量,血脉,
12515,286,160,扬沙,血脉,
12516,286,164,折线冲击,血脉,
12517,286,191,星云漩涡,血脉,
12518,286,192,星星撞击,血脉,
12519,286,218,毒沼,血脉,
12520,286,242,泡沫,血脉,
12521,286,266,火焰冲锋,血脉,
12522,286,273,灵媒,血脉,
12523,286,296,球状闪电,血脉,
12524,286,324,碰爪,血脉,
12525,286,365,花香,血脉,
12526,286,406,贯手,血脉,
12527,286,435,金属噪音,血脉,
12528,286,476,风矢,血脉,
12529,286,62,力量增效,默认,11
12530,286,67,化劲,默认,23
12531,286,98,地刺,默认,50
12532,286,120,寸拳,默认,1
12533,286,125,岩土暴击,默认,48
12534,286,137,影袭,默认,28
12535,286,154,截拳,默认,49
12536,286,177,提气,默认,36
12537,286,224,气沉丹田,默认,39
12538,286,226,气波,默认,7
12539,286,294,猛烈撞击,默认,27
12540,286,317,破绽,默认,44
12541,286,343,缠丝劲,默认,9
12542,286,416,跺地,默认,17
12543,286,440,钧势,默认,35
12544,286,451,防御,默认,1
12545,286,489,魔法增效,默认,1
12546,286,493,鸣沙陷阱,默认,38
12547,287,9,主轴,技能石,
12548,287,24,借用,技能石,
12549,287,25,倾泻,技能石,
12550,287,31,先发制人,技能石,
12551,287,61,力量吞噬,技能石,
12552,287,99,地陷,技能石,
12553,287,142,快速移动,技能石,
12554,287,181,撕裂,技能石,
12555,287,185,散手,技能石,
12556,287,195,晒太阳,技能石,
12557,287,285,热身运动,技能石,
12558,287,313,石肤术,技能石,
12559,287,399,触底强击,技能石,
12560,287,423,连续爪击,技能石,
12561,287,424,迫害,技能石,
12562,287,425,迫近攻击,技能石,
12563,287,47,冰爪,血脉,
12564,287,68,升龙咆哮,血脉,
12565,287,94,噬心,血脉,
12566,287,150,恶能量,血脉,
12567,287,160,扬沙,血脉,
12568,287,191,星云漩涡,血脉,
12569,287,192,星星撞击,血脉,
12570,287,218,毒沼,血脉,
12571,287,242,泡沫,血脉,
12572,287,266,火焰冲锋,血脉,
12573,287,273,灵媒,血脉,
12574,287,296,球状闪电,血脉,
12575,287,324,碰爪,血脉,
12576,287,365,花香,血脉,
12577,287,406,贯手,血脉,
12578,287,430,透射,血脉,
12579,287,435,金属噪音,血脉,
12580,287,476,风矢,血脉,
12581,287,62,力量增效,默认,11
12582,287,67,化劲,默认,23
12583,287,98,地刺,默认,50
12584,287,120,寸拳,默认,1
12585,287,125,岩土暴击,默认,48
12586,287,137,影袭,默认,28
12587,287,154,截拳,默认,49
12588,287,177,提气,默认,36
12589,287,224,气沉丹田,默认,39
12590,287,226,气波,默认,7
12591,287,294,猛烈撞击,默认,27
12592,287,317,破绽,默认,44
12593,287,343,缠丝劲,默认,9
12594,287,416,跺地,默认,17
12595,287,440,钧势,默认,35
12596,287,451,防御,默认,1
12597,287,489,魔法增效,默认,1
12598,287,493,鸣沙陷阱,默认,38
12599,288,24,借用,技能石,
12600,288,31,先发制人,技能石,
12601,288,82,吓退,技能石,
12602,288,85,听桥,技能石,
12603,288,107,壁垒,技能石,
12604,288,125,岩土暴击,技能石,
12605,288,195,晒太阳,技能石,
12606,288,201,有效预防,技能石,
12607,288,285,热身运动,技能石,
12608,288,320,硬化,技能石,
12609,288,399,触底强击,技能石,
12610,288,423,连续爪击,技能石,
12611,288,425,迫近攻击,技能石,
12612,288,430,透射,技能石,
12613,288,444,镜像反射,技能石,
12614,288,452,防御反击,技能石,
12615,288,38,冥想,血脉,
12616,288,68,升龙咆哮,血脉,
12617,288,160,扬沙,血脉,
12618,288,164,折线冲击,血脉,
12619,288,176,掩护,血脉,
12620,288,211,械斗,血脉,
12621,288,234,水泡盾,血脉,
12622,288,258,溃烂触碰,血脉,
12623,288,268,火焰护盾,血脉,
12624,288,324,碰爪,血脉,
12625,288,336,等价交换,血脉,
12626,288,380,虚化,血脉,
12627,288,393,蜡质膜,血脉,
12628,288,406,贯手,血脉,
12629,288,450,防反,血脉,
12630,288,460,集中,血脉,
12631,288,461,雪替身,血脉,
12632,288,475,风墙,血脉,
12633,288,1,一拳,默认,48
12634,288,4,不动如山,默认,35
12635,288,62,力量增效,默认,11
12636,288,67,化劲,默认,23
12637,288,120,寸拳,默认,1
12638,288,137,影袭,默认,28
12639,288,186,斩断,默认,49
12640,288,224,气沉丹田,默认,39
12641,288,226,气波,默认,7
12642,288,294,猛烈撞击,默认,27
12643,288,313,石肤术,默认,36
12644,288,321,硬门,默认,44
12645,288,343,缠丝劲,默认,9
12646,288,416,跺地,默认,17
12647,288,451,防御,默认,1
12648,288,489,魔法增效,默认,1
12649,288,493,鸣沙陷阱,默认,38
12650,289,24,借用,技能石,
12651,289,31,先发制人,技能石,
12652,289,82,吓退,技能石,
12653,289,85,听桥,技能石,
12654,289,107,壁垒,技能石,
12655,289,125,岩土暴击,技能石,
12656,289,195,晒太阳,技能石,
12657,289,201,有效预防,技能石,
12658,289,285,热身运动,技能石,
12659,289,320,硬化,技能石,
12660,289,379,虚假破产,技能石,
12661,289,399,触底强击,技能石,
12662,289,402,诋毁,技能石,
12663,289,423,连续爪击,技能石,
12664,289,425,迫近攻击,技能石,
12665,289,452,防御反击,技能石,
12666,289,38,冥想,血脉,
12667,289,68,升龙咆哮,血脉,
12668,289,160,扬沙,血脉,
12669,289,176,掩护,血脉,
12670,289,211,械斗,血脉,
12671,289,234,水泡盾,血脉,
12672,289,258,溃烂触碰,血脉,
12673,289,268,火焰护盾,血脉,
12674,289,324,碰爪,血脉,
12675,289,336,等价交换,血脉,
12676,289,380,虚化,血脉,
12677,289,393,蜡质膜,血脉,
12678,289,406,贯手,血脉,
12679,289,430,透射,血脉,
12680,289,450,防反,血脉,
12681,289,460,集中,血脉,
12682,289,461,雪替身,血脉,
12683,289,475,风墙,血脉,
12684,289,1,一拳,默认,48
12685,289,4,不动如山,默认,35
12686,289,62,力量增效,默认,11
12687,289,67,化劲,默认,23
12688,289,120,寸拳,默认,1
12689,289,137,影袭,默认,28
12690,289,177,提气,默认,39
12691,289,186,斩断,默认,49
12692,289,226,气波,默认,7
12693,289,294,猛烈撞击,默认,27
12694,289,313,石肤术,默认,36
12695,289,321,硬门,默认,44
12696,289,343,缠丝劲,默认,9
12697,289,416,跺地,默认,17
12698,289,451,防御,默认,1
12699,289,489,魔法增效,默认,1
12700,289,493,鸣沙陷阱,默认,38
12701,446,42,冰墙,技能石,
12702,446,62,力量增效,技能石,
12703,446,108,复写,技能石,
12704,446,113,天洪,技能石,
12705,446,157,打雪仗,技能石,
12706,446,173,捧杀,技能石,
12707,446,230,水幕冲击,技能石,
12708,446,236,水炮,技能石,
12709,446,237,水环,技能石,
12710,446,318,破罐破摔,技能石,
12711,446,335,突袭,技能石,
12712,446,375,蓄水,技能石,
12713,446,395,血气,技能石,
12714,446,401,许愿星,技能石,
12715,446,454,阻断,技能石,
12716,446,489,魔法增效,技能石,
12717,446,491,魔能爆,技能石,
12718,446,38,冥想,血脉,
12719,446,47,冰爪,血脉,
12720,446,68,升龙咆哮,血脉,
12721,446,74,反击拳,血脉,
12722,446,176,掩护,血脉,
12723,446,218,毒沼,血脉,
12724,446,232,水弹枪,血脉,
12725,446,254,淤泥表皮,血脉,
12726,446,268,火焰护盾,血脉,
12727,446,329,离子震荡,血脉,
12728,446,336,等价交换,血脉,
12729,446,348,羽翼庇护,血脉,
12730,446,380,虚化,血脉,
12731,446,391,虹光冲击,血脉,
12732,446,393,蜡质膜,血脉,
12733,446,450,防反,血脉,
12734,446,460,集中,血脉,
12735,446,488,魅惑,血脉,
12736,446,49,冰蛋壳,默认,46
12737,446,55,冷风,默认,49
12738,446,119,寒风吹,默认,50
12739,446,229,水刃,默认,36
12740,446,231,水弹,默认,1
12741,446,242,泡沫,默认,9
12742,446,243,泡沫幻影,默认,16
12743,446,247,洗礼,默认,1
12744,446,262,潮涌,默认,32
12745,446,355,肥皂泡,默认,27
12746,446,370,落星,默认,6
12747,446,451,防御,默认,1
12748,446,466,霜冻,默认,45
12749,396,25,倾泻,技能石,
12750,396,90,啄击,技能石,
12751,396,108,复写,技能石,
12752,396,142,快速移动,技能石,
12753,396,144,怒火,技能石,
12754,396,185,散手,技能石,
12755,396,195,晒太阳,技能石,
12756,396,198,暴风眼,技能石,
12757,396,290,爆冲,技能石,
12758,396,345,羽刃,技能石,
12759,396,371,落石,技能石,
12760,396,451,防御,技能石,
12761,396,486,高温回火,技能石,
12762,396,47,冰爪,血脉,
12763,396,68,升龙咆哮,血脉,
12764,396,94,噬心,血脉,
12765,396,150,恶能量,血脉,
12766,396,191,星云漩涡,血脉,
12767,396,211,械斗,血脉,
12768,396,218,毒沼,血脉,
12769,396,242,泡沫,血脉,
12770,396,269,火焰箭,血脉,
12771,396,273,灵媒,血脉,
12772,396,294,猛烈撞击,血脉,
12773,396,296,球状闪电,血脉,
12774,396,324,碰爪,血脉,
12775,396,365,花香,血脉,
12776,396,406,贯手,血脉,
12777,396,416,跺地,血脉,
12778,396,430,透射,血脉,
12779,396,476,风矢,血脉,
12780,396,31,先发制人,默认,16
12781,396,62,力量增效,默认,1
12782,396,71,双响炮,默认,1
12783,396,74,反击拳,默认,35
12784,396,96,回旋踢,默认,30
12785,396,154,截拳,默认,38
12786,396,177,提气,默认,23
12787,396,266,火焰冲锋,默认,1
12788,396,267,火焰切割,默认,25
12789,396,284,热身,默认,33
12790,396,285,热身运动,默认,11
12791,396,288,焚烧烙印,默认,5
12792,396,343,缠丝劲,默认,10
12793,396,449,闪燃,默认,36
12794,427,2,三连破,技能石,
12795,427,4,不动如山,技能石,
12796,427,25,倾泻,技能石,
12797,427,76,取念,技能石,
12798,427,98,地刺,技能石,
12799,427,100,地震,技能石,
12800,427,128,幻象,技能石,
12801,427,166,报复,技能石,
12802,427,176,掩护,技能石,
12803,427,212,棘刺,技能石,
12804,427,254,淤泥表皮,技能石,
12805,427,285,热身运动,技能石,
12806,427,432,遁地,技能石,
12807,427,481,飞断,技能石,
12808,427,38,冥想,血脉,
12809,427,68,升龙咆哮,血脉,
12810,427,74,反击拳,血脉,
12811,427,94,噬心,血脉,
12812,427,211,械斗,血脉,
12813,427,234,水泡盾,血脉,
12814,427,258,溃烂触碰,血脉,
12815,427,268,火焰护盾,血脉,
12816,427,324,碰爪,血脉,
12817,427,336,等价交换,血脉,
12818,427,380,虚化,血脉,
12819,427,393,蜡质膜,血脉,
12820,427,416,跺地,血脉,
12821,427,430,透射,血脉,
12822,427,450,防反,血脉,
12823,427,460,集中,血脉,
12824,427,461,雪替身,血脉,
12825,427,475,风墙,血脉,
12826,427,107,壁垒,默认,30
12827,427,123,尾后针,默认,9
12828,427,125,岩土暴击,默认,44
12829,427,241,沙涌,默认,29
12830,427,314,石锁,默认,36
12831,427,344,网缚,默认,1
12832,427,349,翅刃,默认,50
12833,427,383,虫结阵,默认,39
12834,427,387,虫群过境,默认,37
12835,427,390,虫鸣,默认,23
12836,427,405,贮藏,默认,1
12837,427,451,防御,默认,1
12838,427,484,食腐,默认,11
12839,59,75,反弹,技能石,
12840,59,76,取念,技能石,
12841,59,88,咆哮,技能石,
12842,59,92,嗜痛,技能石,
12843,59,131,应激反应,技能石,
12844,59,142,快速移动,技能石,
12845,59,178,摇篮曲,技能石,
12846,59,183,操控,技能石,
12847,59,195,晒太阳,技能石,
12848,59,212,棘刺,技能石,
12849,59,263,激怒,技能石,
12850,59,318,破罐破摔,技能石,
12851,59,339,精神扰乱,技能石,
12852,59,427,退化,技能石,
12853,59,447,闪击,技能石,
12854,59,492,鸣叫,技能石,
12855,59,18,休息回复,血脉,
12856,59,66,勾魂,血脉,
12857,59,67,化劲,血脉,
12858,59,68,升龙咆哮,血脉,
12859,59,91,啮合传递,血脉,
12860,59,123,尾后针,血脉,
12861,59,132,引燃,血脉,
12862,59,139,徒长,血脉,
12863,59,217,毒孢子,血脉,
12864,59,246,泥浆铠甲,血脉,
12865,59,346,羽化加速,血脉,
12866,59,375,蓄水,血脉,
12867,59,391,虹光冲击,血脉,
12868,59,404,贪婪,血脉,
12869,59,413,超维投射,血脉,
12870,59,468,霜降,血脉,
12871,59,480,飞吻,血脉,
12872,59,496,麻痹,血脉,
12873,59,94,噬心,默认,2
12874,59,158,打鼾,默认,50
12875,59,172,捆缚,默认,7
12876,59,176,掩护,默认,21
12877,59,291,爆米花爆破,默认,49
12878,59,297,甜心续航,默认,37
12879,59,298,生日蛋糕,默认,17
12880,59,382,虫刺,默认,11
12881,59,388,虫茧,默认,1
12882,59,389,虫蛊,默认,40
12883,59,392,蛰针,默认,1
12884,59,412,超级糖果,默认,35
12885,59,451,防御,默认,1
12886,59,484,食腐,默认,34
12887,59,488,魅惑,默认,27
12888,301,8,主场优势,技能石,
12889,301,14,交叉闪电,技能石,
12890,301,57,击鼓传花,技能石,
12891,301,76,取念,技能石,
12892,301,78,叠势,技能石,
12893,301,137,影袭,技能石,
12894,301,177,提气,技能石,
12895,301,178,摇篮曲,技能石,
12896,301,224,气沉丹田,技能石,
12897,301,285,热身运动,技能石,
12898,301,302,电磁偏转,技能石,
12899,301,319,破防,技能石,
12900,301,343,缠丝劲,技能石,
12901,301,409,超导,技能石,
12902,301,420,过载回路,技能石,
12903,301,452,防御反击,技能石,
12904,301,27,假寐,血脉,
12905,301,66,勾魂,血脉,
12906,301,67,化劲,血脉,
12907,301,68,升龙咆哮,血脉,
12908,301,91,啮合传递,血脉,
12909,301,132,引燃,血脉,
12910,301,139,徒长,血脉,
12911,301,192,星星撞击,血脉,
12912,301,217,毒孢子,血脉,
12913,301,246,泥浆铠甲,血脉,
12914,301,346,羽化加速,血脉,
12915,301,375,蓄水,血脉,
12916,301,391,虹光冲击,血脉,
12917,301,404,贪婪,血脉,
12918,301,413,超维投射,血脉,
12919,301,468,霜降,血脉,
12920,301,488,魅惑,血脉,
12921,301,496,麻痹,血脉,
12922,301,75,反弹,默认,17
12923,301,84,吨位压制,默认,40
12924,301,131,应激反应,默认,49
12925,301,179,撒娇,默认,11
12926,301,200,月光合奏,默认,35
12927,301,297,甜心续航,默认,10
12928,301,298,生日蛋糕,默认,28
12929,301,318,破罐破摔,默认,26
12930,301,327,示弱,默认,1
12931,301,407,赤子之心,默认,36
12932,301,412,超级糖果,默认,2
12933,301,427,退化,默认,39
12934,301,450,防反,默认,22
12935,301,451,防御,默认,1
12936,301,480,飞吻,默认,1
12937,26,67,化劲,技能石,
12938,26,78,叠势,技能石,
12939,26,108,复写,技能石,
12940,26,189,无畏之心,技能石,
12941,26,201,有效预防,技能石,
12942,26,213,棘突,技能石,
12943,26,226,气波,技能石,
12944,26,321,硬门,技能石,
12945,26,335,突袭,技能石,
12946,26,433,酶浓度调整,技能石,
12947,26,450,防反,技能石,
12948,26,452,防御反击,技能石,
12949,26,491,魔能爆,技能石,
12950,26,38,冥想,血脉,
12951,26,68,升龙咆哮,血脉,
12952,26,176,掩护,血脉,
12953,26,192,星星撞击,血脉,
12954,26,218,毒沼,血脉,
12955,26,232,水弹枪,血脉,
12956,26,254,淤泥表皮,血脉,
12957,26,268,火焰护盾,血脉,
12958,26,329,离子震荡,血脉,
12959,26,336,等价交换,血脉,
12960,26,380,虚化,血脉,
12961,26,391,虹光冲击,血脉,
12962,26,393,蜡质膜,血脉,
12963,26,406,贯手,血脉,
12964,26,460,集中,血脉,
12965,26,461,雪替身,血脉,
12966,26,475,风墙,血脉,
12967,26,488,魅惑,血脉,
12968,26,81,后发制人,默认,18
12969,26,113,天洪,默认,49
12970,26,225,气泡,默认,8
12971,26,228,水光冲击,默认,22
12972,26,234,水泡盾,默认,21
12973,26,236,水炮,默认,34
12974,26,237,水环,默认,50
12975,26,243,泡沫幻影,默认,39
12976,26,247,洗礼,默认,12
12977,26,355,肥皂泡,默认,1
12978,26,372,落雨,默认,28
12979,26,451,防御,默认,1
12980,26,489,魔法增效,默认,6
12981,27,67,化劲,技能石,
12982,27,78,叠势,技能石,
12983,27,108,复写,技能石,
12984,27,189,无畏之心,技能石,
12985,27,201,有效预防,技能石,
12986,27,213,棘突,技能石,
12987,27,226,气波,技能石,
12988,27,321,硬门,技能石,
12989,27,335,突袭,技能石,
12990,27,433,酶浓度调整,技能石,
12991,27,450,防反,技能石,
12992,27,452,防御反击,技能石,
12993,27,491,魔能爆,技能石,
12994,27,38,冥想,血脉,
12995,27,68,升龙咆哮,血脉,
12996,27,176,掩护,血脉,
12997,27,192,星星撞击,血脉,
12998,27,218,毒沼,血脉,
12999,27,232,水弹枪,血脉,
13000,27,254,淤泥表皮,血脉,
13001,27,268,火焰护盾,血脉,
13002,27,329,离子震荡,血脉,
13003,27,336,等价交换,血脉,
13004,27,380,虚化,血脉,
13005,27,391,虹光冲击,血脉,
13006,27,393,蜡质膜,血脉,
13007,27,406,贯手,血脉,
13008,27,460,集中,血脉,
13009,27,461,雪替身,血脉,
13010,27,475,风墙,血脉,
13011,27,488,魅惑,血脉,
13012,27,81,后发制人,默认,21
13013,27,113,天洪,默认,38
13014,27,225,气泡,默认,8
13015,27,228,水光冲击,默认,26
13016,27,234,水泡盾,默认,24
13017,27,236,水炮,默认,34
13018,27,237,水环,默认,46
13019,27,243,泡沫幻影,默认,37
13020,27,247,洗礼,默认,12
13021,27,355,肥皂泡,默认,1
13022,27,372,落雨,默认,32
13023,27,451,防御,默认,1
13024,27,489,魔法增效,默认,6
13025,244,1,一拳,技能石,
13026,244,24,借用,技能石,
13027,244,92,嗜痛,技能石,
13028,244,102,坟场搏击,技能石,
13029,244,146,恐吓,技能石,
13030,244,147,恶作剧,技能石,
13031,244,178,摇篮曲,技能石,
13032,244,195,晒太阳,技能石,
13033,244,235,水波术,技能石,
13034,244,243,泡沫幻影,技能石,
13035,244,253,润泽,技能石,
13036,244,309,盐水浴,技能石,
13037,244,397,见招拆招,技能石,
13038,244,455,降灵,技能石,
13039,244,489,魔法增效,技能石,
13040,244,498,鼓劲,技能石,
13041,244,18,休息回复,血脉,
13042,244,27,假寐,血脉,
13043,244,66,勾魂,血脉,
13044,244,68,升龙咆哮,血脉,
13045,244,91,啮合传递,血脉,
13046,244,132,引燃,血脉,
13047,244,139,徒长,血脉,
13048,244,217,毒孢子,血脉,
13049,244,232,水弹枪,血脉,
13050,244,246,泥浆铠甲,血脉,
13051,244,297,甜心续航,血脉,
13052,244,346,羽化加速,血脉,
13053,244,391,虹光冲击,血脉,
13054,244,404,贪婪,血脉,
13055,244,406,贯手,血脉,
13056,244,413,超维投射,血脉,
13057,244,468,霜降,血脉,
13058,244,496,麻痹,血脉,
13059,244,62,力量增效,默认,1
13060,244,67,化劲,默认,17
13061,244,78,叠势,默认,29
13062,244,85,听桥,默认,50
13063,244,137,影袭,默认,10
13064,244,156,打湿,默认,36
13065,244,158,打鼾,默认,37
13066,244,177,提气,默认,35
13067,244,230,水幕冲击,默认,27
13068,244,252,涌泉,默认,48
13069,244,262,潮涌,默认,1
13070,244,319,破防,默认,28
13071,244,372,落雨,默认,49
13072,244,451,防御,默认,12
13073,244,473,预备势,默认,38
13074,14,24,借用,技能石,
13075,14,42,冰墙,技能石,
13076,14,43,冰天雪地,技能石,
13077,14,55,冷风,技能石,
13078,14,82,吓退,技能石,
13079,14,92,嗜痛,技能石,
13080,14,109,多维击打,技能石,
13081,14,119,寒风吹,技能石,
13082,14,201,有效预防,技能石,
13083,14,235,水波术,技能石,
13084,14,335,突袭,技能石,
13085,14,431,速冻,技能石,
13086,14,491,魔能爆,技能石,
13087,14,38,冥想,血脉,
13088,14,68,升龙咆哮,血脉,
13089,14,74,反击拳,血脉,
13090,14,176,掩护,血脉,
13091,14,218,毒沼,血脉,
13092,14,232,水弹枪,血脉,
13093,14,254,淤泥表皮,血脉,
13094,14,268,火焰护盾,血脉,
13095,14,329,离子震荡,血脉,
13096,14,336,等价交换,血脉,
13097,14,348,羽翼庇护,血脉,
13098,14,380,虚化,血脉,
13099,14,391,虹光冲击,血脉,
13100,14,393,蜡质膜,血脉,
13101,14,450,防反,血脉,
13102,14,460,集中,血脉,
13103,14,461,雪替身,血脉,
13104,14,488,魅惑,血脉,
13105,14,113,天洪,默认,48
13106,14,169,拍击,默认,1
13107,14,225,气泡,默认,8
13108,14,234,水泡盾,默认,12
13109,14,236,水炮,默认,17
13110,14,243,泡沫幻影,默认,29
13111,14,247,洗礼,默认,21
13112,14,252,涌泉,默认,30
13113,14,261,潮汐,默认,42
13114,14,299,甩水,默认,6
13115,14,372,落雨,默认,36
13116,14,451,防御,默认,1
13117,14,489,魔法增效,默认,10
13118,11,24,借用,技能石,
13119,11,42,冰墙,技能石,
13120,11,43,冰天雪地,技能石,
13121,11,55,冷风,技能石,
13122,11,82,吓退,技能石,
13123,11,92,嗜痛,技能石,
13124,11,109,多维击打,技能石,
13125,11,119,寒风吹,技能石,
13126,11,201,有效预防,技能石,
13127,11,235,水波术,技能石,
13128,11,335,突袭,技能石,
13129,11,431,速冻,技能石,
13130,11,491,魔能爆,技能石,
13131,11,38,冥想,血脉,
13132,11,68,升龙咆哮,血脉,
13133,11,74,反击拳,血脉,
13134,11,176,掩护,血脉,
13135,11,218,毒沼,血脉,
13136,11,232,水弹枪,血脉,
13137,11,254,淤泥表皮,血脉,
13138,11,268,火焰护盾,血脉,
13139,11,329,离子震荡,血脉,
13140,11,336,等价交换,血脉,
13141,11,348,羽翼庇护,血脉,
13142,11,380,虚化,血脉,
13143,11,391,虹光冲击,血脉,
13144,11,393,蜡质膜,血脉,
13145,11,450,防反,血脉,
13146,11,460,集中,血脉,
13147,11,461,雪替身,血脉,
13148,11,488,魅惑,血脉,
13149,11,113,天洪,默认,48
13150,11,169,拍击,默认,1
13151,11,225,气泡,默认,8
13152,11,234,水泡盾,默认,12
13153,11,236,水炮,默认,17
13154,11,243,泡沫幻影,默认,29
13155,11,247,洗礼,默认,21
13156,11,252,涌泉,默认,30
13157,11,261,潮汐,默认,42
13158,11,299,甩水,默认,6
13159,11,372,落雨,默认,36
13160,11,451,防御,默认,1
13161,11,489,魔法增效,默认,10
13162,246,1,一拳,技能石,
13163,246,24,借用,技能石,
13164,246,92,嗜痛,技能石,
13165,246,102,坟场搏击,技能石,
13166,246,146,恐吓,技能石,
13167,246,147,恶作剧,技能石,
13168,246,178,摇篮曲,技能石,
13169,246,195,晒太阳,技能石,
13170,246,235,水波术,技能石,
13171,246,243,泡沫幻影,技能石,
13172,246,253,润泽,技能石,
13173,246,309,盐水浴,技能石,
13174,246,397,见招拆招,技能石,
13175,246,455,降灵,技能石,
13176,246,489,魔法增效,技能石,
13177,246,498,鼓劲,技能石,
13178,246,18,休息回复,血脉,
13179,246,27,假寐,血脉,
13180,246,66,勾魂,血脉,
13181,246,68,升龙咆哮,血脉,
13182,246,91,啮合传递,血脉,
13183,246,132,引燃,血脉,
13184,246,139,徒长,血脉,
13185,246,217,毒孢子,血脉,
13186,246,232,水弹枪,血脉,
13187,246,246,泥浆铠甲,血脉,
13188,246,297,甜心续航,血脉,
13189,246,346,羽化加速,血脉,
13190,246,391,虹光冲击,血脉,
13191,246,404,贪婪,血脉,
13192,246,406,贯手,血脉,
13193,246,413,超维投射,血脉,
13194,246,468,霜降,血脉,
13195,246,496,麻痹,血脉,
13196,246,62,力量增效,默认,1
13197,246,67,化劲,默认,17
13198,246,78,叠势,默认,29
13199,246,85,听桥,默认,50
13200,246,137,影袭,默认,10
13201,246,156,打湿,默认,36
13202,246,158,打鼾,默认,37
13203,246,177,提气,默认,35
13204,246,230,水幕冲击,默认,27
13205,246,252,涌泉,默认,48
13206,246,262,潮涌,默认,1
13207,246,319,破防,默认,28
13208,246,372,落雨,默认,49
13209,246,451,防御,默认,12
13210,246,473,预备势,默认,38
13211,379,30,充分燃烧,技能石,
13212,379,108,复写,技能石,
13213,379,111,天光,技能石,
13214,379,131,应激反应,技能石,
13215,379,178,摇篮曲,技能石,
13216,379,189,无畏之心,技能石,
13217,379,195,晒太阳,技能石,
13218,379,260,漫反射,技能石,
13219,379,268,火焰护盾,技能石,
13220,379,281,烈焰风暴,技能石,
13221,379,298,生日蛋糕,技能石,
13222,379,427,退化,技能石,
13223,379,456,除厄,技能石,
13224,379,489,魔法增效,技能石,
13225,379,27,假寐,血脉,
13226,379,67,化劲,血脉,
13227,379,68,升龙咆哮,血脉,
13228,379,139,徒长,血脉,
13229,379,192,星星撞击,血脉,
13230,379,217,毒孢子,血脉,
13231,379,246,泥浆铠甲,血脉,
13232,379,269,火焰箭,血脉,
13233,379,273,灵媒,血脉,
13234,379,346,羽化加速,血脉,
13235,379,375,蓄水,血脉,
13236,379,391,虹光冲击,血脉,
13237,379,404,贪婪,血脉,
13238,379,413,超维投射,血脉,
13239,379,435,金属噪音,血脉,
13240,379,468,霜降,血脉,
13241,379,488,魅惑,血脉,
13242,379,496,麻痹,血脉,
13243,379,114,天火,默认,34
13244,379,132,引燃,默认,1
13245,379,179,撒娇,默认,17
13246,379,190,易燃物质,默认,49
13247,379,270,火爪,默认,2
13248,379,282,热气,默认,1
13249,379,288,焚烧烙印,默认,23
13250,379,292,爆裂飞弹,默认,50
13251,379,318,破罐破摔,默认,32
13252,379,327,示弱,默认,12
13253,379,407,赤子之心,默认,25
13254,379,451,防御,默认,10
13255,379,480,飞吻,默认,1
13256,334,4,不动如山,技能石,
13257,334,58,刺盾,技能石,
13258,334,76,取念,技能石,
13259,334,82,吓退,技能石,
13260,334,92,嗜痛,技能石,
13261,334,138,彼岸之手,技能石,
13262,334,201,有效预防,技能石,
13263,334,212,棘刺,技能石,
13264,334,379,虚假破产,技能石,
13265,334,423,连续爪击,技能石,
13266,334,432,遁地,技能石,
13267,334,434,重击,技能石,
13268,334,451,防御,技能石,
13269,334,38,冥想,血脉,
13270,334,68,升龙咆哮,血脉,
13271,334,74,反击拳,血脉,
13272,334,176,掩护,血脉,
13273,334,234,水泡盾,血脉,
13274,334,258,溃烂触碰,血脉,
13275,334,268,火焰护盾,血脉,
13276,334,273,灵媒,血脉,
13277,334,324,碰爪,血脉,
13278,334,336,等价交换,血脉,
13279,334,348,羽翼庇护,血脉,
13280,334,393,蜡质膜,血脉,
13281,334,416,跺地,血脉,
13282,334,430,透射,血脉,
13283,334,435,金属噪音,血脉,
13284,334,450,防反,血脉,
13285,334,460,集中,血脉,
13286,334,461,雪替身,血脉,
13287,334,31,先发制人,默认,1
13288,334,91,啮合传递,默认,1
13289,334,98,地刺,默认,48
13290,334,100,地震,默认,37
13291,334,107,壁垒,默认,24
13292,334,125,岩土暴击,默认,35
13293,334,358,能量守恒,默认,6
13294,334,374,蓄势待发,默认,23
13295,334,418,轴承支撑,默认,11
13296,334,438,钢钻,默认,26
13297,334,493,鸣沙陷阱,默认,17
13298,334,499,齿轮切开,默认,33
13299,334,500,齿轮扭矩,默认,8
13300,339,24,借用,技能石,
13301,339,25,倾泻,技能石,
13302,339,29,偷袭,技能石,
13303,339,33,光刃,技能石,
13304,339,135,当头棒喝,技能石,
13305,339,180,撕咬,技能石,
13306,339,196,暗突袭,技能石,
13307,339,201,有效预防,技能石,
13308,339,246,泥浆铠甲,技能石,
13309,339,260,漫反射,技能石,
13310,339,285,热身运动,技能石,
13311,339,396,裂石,技能石,
13312,339,404,贪婪,技能石,
13313,339,430,透射,技能石,
13314,339,465,震击,技能石,
13315,339,68,升龙咆哮,血脉,
13316,339,94,噬心,血脉,
13317,339,150,恶能量,血脉,
13318,339,164,折线冲击,血脉,
13319,339,191,星云漩涡,血脉,
13320,339,192,星星撞击,血脉,
13321,339,211,械斗,血脉,
13322,339,218,毒沼,血脉,
13323,339,242,泡沫,血脉,
13324,339,266,火焰冲锋,血脉,
13325,339,273,灵媒,血脉,
13326,339,324,碰爪,血脉,
13327,339,343,缠丝劲,血脉,
13328,339,365,花香,血脉,
13329,339,400,触电,血脉,
13330,339,416,跺地,血脉,
13331,339,468,霜降,血脉,
13332,339,476,风矢,血脉,
13333,339,31,先发制人,默认,34
13334,339,62,力量增效,默认,30
13335,339,106,增程电池,默认,39
13336,339,121,导电撞击,默认,1
13337,339,134,强制重启,默认,49
13338,339,195,晒太阳,默认,23
13339,339,300,电弧,默认,26
13340,339,328,离子火花,默认,6
13341,339,420,过载回路,默认,1
13342,339,421,远程访问,默认,35
13343,339,423,连续爪击,默认,45
13344,339,448,闪击折返,默认,38
13345,339,451,防御,默认,12
13346,12,24,借用,技能石,
13347,12,42,冰墙,技能石,
13348,12,43,冰天雪地,技能石,
13349,12,55,冷风,技能石,
13350,12,82,吓退,技能石,
13351,12,92,嗜痛,技能石,
13352,12,109,多维击打,技能石,
13353,12,119,寒风吹,技能石,
13354,12,201,有效预防,技能石,
13355,12,235,水波术,技能石,
13356,12,335,突袭,技能石,
13357,12,431,速冻,技能石,
13358,12,491,魔能爆,技能石,
13359,12,38,冥想,血脉,
13360,12,68,升龙咆哮,血脉,
13361,12,74,反击拳,血脉,
13362,12,176,掩护,血脉,
13363,12,218,毒沼,血脉,
13364,12,232,水弹枪,血脉,
13365,12,254,淤泥表皮,血脉,
13366,12,268,火焰护盾,血脉,
13367,12,329,离子震荡,血脉,
13368,12,336,等价交换,血脉,
13369,12,348,羽翼庇护,血脉,
13370,12,380,虚化,血脉,
13371,12,391,虹光冲击,血脉,
13372,12,393,蜡质膜,血脉,
13373,12,450,防反,血脉,
13374,12,460,集中,血脉,
13375,12,461,雪替身,血脉,
13376,12,488,魅惑,血脉,
13377,12,113,天洪,默认,48
13378,12,169,拍击,默认,1
13379,12,225,气泡,默认,8
13380,12,234,水泡盾,默认,12
13381,12,236,水炮,默认,17
13382,12,243,泡沫幻影,默认,29
13383,12,247,洗礼,默认,21
13384,12,252,涌泉,默认,30
13385,12,261,潮汐,默认,42
13386,12,299,甩水,默认,6
13387,12,372,落雨,默认,36
13388,12,451,防御,默认,1
13389,12,489,魔法增效,默认,10
13390,264,58,刺盾,技能石,
13391,264,76,取念,技能石,
13392,264,92,嗜痛,技能石,
13393,264,158,打鼾,技能石,
13394,264,189,无畏之心,技能石,
13395,264,211,械斗,技能石,
13396,264,212,棘刺,技能石,
13397,264,228,水光冲击,技能石,
13398,264,229,水刃,技能石,
13399,264,374,蓄势待发,技能石,
13400,264,395,血气,技能石,
13401,264,415,践踏,技能石,
13402,264,426,追打,技能石,
13403,264,427,退化,技能石,
13404,264,432,遁地,技能石,
13405,264,435,金属噪音,技能石,
13406,264,38,冥想,血脉,
13407,264,68,升龙咆哮,血脉,
13408,264,74,反击拳,血脉,
13409,264,176,掩护,血脉,
13410,264,232,水弹枪,血脉,
13411,264,258,溃烂触碰,血脉,
13412,264,268,火焰护盾,血脉,
13413,264,329,离子震荡,血脉,
13414,264,336,等价交换,血脉,
13415,264,380,虚化,血脉,
13416,264,391,虹光冲击,血脉,
13417,264,393,蜡质膜,血脉,
13418,264,416,跺地,血脉,
13419,264,450,防反,血脉,
13420,264,460,集中,血脉,
13421,264,461,雪替身,血脉,
13422,264,475,风墙,血脉,
13423,264,488,魅惑,血脉,
13424,264,84,吨位压制,默认,31
13425,264,99,地陷,默认,50
13426,264,125,岩土暴击,默认,41
13427,264,165,抛石,默认,49
13428,264,225,气泡,默认,24
13429,264,234,水泡盾,默认,33
13430,264,237,水环,默认,46
13431,264,241,沙涌,默认,12
13432,264,242,泡沫,默认,1
13433,264,262,潮涌,默认,17
13434,264,283,热砂,默认,5
13435,264,320,硬化,默认,23
13436,264,375,蓄水,默认,4
13437,264,451,防御,默认,1
13438,264,457,陨石,默认,36
13439,265,58,刺盾,技能石,
13440,265,76,取念,技能石,
13441,265,92,嗜痛,技能石,
13442,265,158,打鼾,技能石,
13443,265,189,无畏之心,技能石,
13444,265,211,械斗,技能石,
13445,265,212,棘刺,技能石,
13446,265,228,水光冲击,技能石,
13447,265,229,水刃,技能石,
13448,265,374,蓄势待发,技能石,
13449,265,395,血气,技能石,
13450,265,415,践踏,技能石,
13451,265,426,追打,技能石,
13452,265,427,退化,技能石,
13453,265,432,遁地,技能石,
13454,265,435,金属噪音,技能石,
13455,265,38,冥想,血脉,
13456,265,68,升龙咆哮,血脉,
13457,265,74,反击拳,血脉,
13458,265,176,掩护,血脉,
13459,265,232,水弹枪,血脉,
13460,265,258,溃烂触碰,血脉,
13461,265,268,火焰护盾,血脉,
13462,265,329,离子震荡,血脉,
13463,265,336,等价交换,血脉,
13464,265,380,虚化,血脉,
13465,265,391,虹光冲击,血脉,
13466,265,393,蜡质膜,血脉,
13467,265,416,跺地,血脉,
13468,265,450,防反,血脉,
13469,265,460,集中,血脉,
13470,265,461,雪替身,血脉,
13471,265,475,风墙,血脉,
13472,265,488,魅惑,血脉,
13473,265,84,吨位压制,默认,35
13474,265,99,地陷,默认,49
13475,265,125,岩土暴击,默认,41
13476,265,165,抛石,默认,47
13477,265,225,气泡,默认,33
13478,265,234,水泡盾,默认,36
13479,265,237,水环,默认,44
13480,265,241,沙涌,默认,19
13481,265,242,泡沫,默认,1
13482,265,262,潮涌,默认,22
13483,265,283,热砂,默认,13
13484,265,320,硬化,默认,23
13485,265,375,蓄水,默认,5
13486,265,451,防御,默认,1
13487,265,457,陨石,默认,38
13488,419,25,倾泻,技能石,
13489,419,99,地陷,技能石,
13490,419,108,复写,技能石,
13491,419,146,恐吓,技能石,
13492,419,178,摇篮曲,技能石,
13493,419,195,晒太阳,技能石,
13494,419,196,暗突袭,技能石,
13495,419,201,有效预防,技能石,
13496,419,215,欺诈契约,技能石,
13497,419,346,羽化加速,技能石,
13498,419,423,连续爪击,技能石,
13499,419,424,迫害,技能石,
13500,419,440,钧势,技能石,
13501,419,451,防御,技能石,
13502,419,47,冰爪,血脉,
13503,419,68,升龙咆哮,血脉,
13504,419,94,噬心,血脉,
13505,419,191,星云漩涡,血脉,
13506,419,211,械斗,血脉,
13507,419,218,毒沼,血脉,
13508,419,242,泡沫,血脉,
13509,419,266,火焰冲锋,血脉,
13510,419,273,灵媒,血脉,
13511,419,294,猛烈撞击,血脉,
13512,419,296,球状闪电,血脉,
13513,419,324,碰爪,血脉,
13514,419,343,缠丝劲,血脉,
13515,419,365,花香,血脉,
13516,419,402,诋毁,血脉,
13517,419,416,跺地,血脉,
13518,419,430,透射,血脉,
13519,419,476,风矢,血脉,
13520,419,11,乘风,默认,8
13521,419,31,先发制人,默认,16
13522,419,62,力量增效,默认,1
13523,419,90,啄击,默认,7
13524,419,98,地刺,默认,50
13525,419,125,岩土暴击,默认,47
13526,419,155,扇风,默认,34
13527,419,246,泥浆铠甲,默认,33
13528,419,305,疾风刺,默认,26
13529,419,313,石肤术,默认,23
13530,419,345,羽刃,默认,49
13531,419,371,落石,默认,1
13532,419,493,鸣沙陷阱,默认,38
13533,296,25,倾泻,技能石,
13534,296,58,刺盾,技能石,
13535,296,76,取念,技能石,
13536,296,82,吓退,技能石,
13537,296,153,感电,技能石,
13538,296,189,无畏之心,技能石,
13539,296,383,虫结阵,技能石,
13540,296,384,虫网,技能石,
13541,296,389,虫蛊,技能石,
13542,296,395,血气,技能石,
13543,296,410,超导加速,技能石,
13544,296,484,食腐,技能石,
13545,296,498,鼓劲,技能石,
13546,296,38,冥想,血脉,
13547,296,68,升龙咆哮,血脉,
13548,296,74,反击拳,血脉,
13549,296,176,掩护,血脉,
13550,296,234,水泡盾,血脉,
13551,296,258,溃烂触碰,血脉,
13552,296,268,火焰护盾,血脉,
13553,296,324,碰爪,血脉,
13554,296,329,离子震荡,血脉,
13555,296,336,等价交换,血脉,
13556,296,380,虚化,血脉,
13557,296,393,蜡质膜,血脉,
13558,296,416,跺地,血脉,
13559,296,430,透射,血脉,
13560,296,450,防反,血脉,
13561,296,460,集中,血脉,
13562,296,461,雪替身,血脉,
13563,296,475,风墙,血脉,
13564,296,4,不动如山,默认,50
13565,296,107,壁垒,默认,37
13566,296,169,拍击,默认,1
13567,296,241,沙涌,默认,49
13568,296,244,泥巴喷射,默认,5
13569,296,245,泥浆,默认,1
13570,296,283,热砂,默认,34
13571,296,313,石肤术,默认,35
13572,296,320,硬化,默认,27
13573,296,335,突袭,默认,45
13574,296,451,防御,默认,1
13575,296,457,陨石,默认,38
13576,296,489,魔法增效,默认,11
13577,328,21,伺机而动,技能石,
13578,328,76,取念,技能石,
13579,328,158,打鼾,技能石,
13580,328,178,摇篮曲,技能石,
13581,328,201,有效预防,技能石,
13582,328,209,根吸收,技能石,
13583,328,240,汲取,技能石,
13584,328,244,泥巴喷射,技能石,
13585,328,251,消毒法,技能石,
13586,328,272,灵光,技能石,
13587,328,335,突袭,技能石,
13588,328,339,精神扰乱,技能石,
13589,328,372,落雨,技能石,
13590,328,426,追打,技能石,
13591,328,451,防御,技能石,
13592,328,55,冷风,血脉,
13593,328,68,升龙咆哮,血脉,
13594,328,123,尾后针,血脉,
13595,328,192,星星撞击,血脉,
13596,328,218,毒沼,血脉,
13597,328,232,水弹枪,血脉,
13598,328,270,火爪,血脉,
13599,328,273,灵媒,血脉,
13600,328,325,磁干扰,血脉,
13601,328,329,离子震荡,血脉,
13602,328,367,荆棘爪,血脉,
13603,328,391,虹光冲击,血脉,
13604,328,406,贯手,血脉,
13605,328,416,跺地,血脉,
13606,328,437,针状物,血脉,
13607,328,476,风矢,血脉,
13608,328,488,魅惑,血脉,
13609,328,497,黑手,血脉,
13610,328,66,勾魂,默认,2
13611,328,69,午夜噪音,默认,21
13612,328,93,嘲弄,默认,16
13613,328,113,天洪,默认,48
13614,328,146,恐吓,默认,11
13615,328,156,打湿,默认,25
13616,328,169,拍击,默认,1
13617,328,235,水波术,默认,40
13618,328,252,涌泉,默认,39
13619,328,253,润泽,默认,34
13620,328,299,甩水,默认,1
13621,328,356,背袭,默认,32
13622,328,489,魔法增效,默认,3
13623,329,21,伺机而动,技能石,
13624,329,76,取念,技能石,
13625,329,158,打鼾,技能石,
13626,329,178,摇篮曲,技能石,
13627,329,201,有效预防,技能石,
13628,329,209,根吸收,技能石,
13629,329,240,汲取,技能石,
13630,329,251,消毒法,技能石,
13631,329,270,火爪,技能石,
13632,329,272,灵光,技能石,
13633,329,335,突袭,技能石,
13634,329,339,精神扰乱,技能石,
13635,329,372,落雨,技能石,
13636,329,426,追打,技能石,
13637,329,451,防御,技能石,
13638,329,55,冷风,血脉,
13639,329,68,升龙咆哮,血脉,
13640,329,123,尾后针,血脉,
13641,329,192,星星撞击,血脉,
13642,329,218,毒沼,血脉,
13643,329,232,水弹枪,血脉,
13644,329,269,火焰箭,血脉,
13645,329,273,灵媒,血脉,
13646,329,325,磁干扰,血脉,
13647,329,329,离子震荡,血脉,
13648,329,367,荆棘爪,血脉,
13649,329,391,虹光冲击,血脉,
13650,329,406,贯手,血脉,
13651,329,416,跺地,血脉,
13652,329,437,针状物,血脉,
13653,329,476,风矢,血脉,
13654,329,488,魅惑,血脉,
13655,329,497,黑手,血脉,
13656,329,66,勾魂,默认,1
13657,329,69,午夜噪音,默认,17
13658,329,93,嘲弄,默认,12
13659,329,113,天洪,默认,47
13660,329,146,恐吓,默认,6
13661,329,156,打湿,默认,22
13662,329,169,拍击,默认,1
13663,329,235,水波术,默认,36
13664,329,252,涌泉,默认,34
13665,329,253,润泽,默认,31
13666,329,299,甩水,默认,1
13667,329,356,背袭,默认,23
13668,329,489,魔法增效,默认,5
13669,330,21,伺机而动,技能石,
13670,330,55,冷风,技能石,
13671,330,76,取念,技能石,
13672,330,158,打鼾,技能石,
13673,330,178,摇篮曲,技能石,
13674,330,201,有效预防,技能石,
13675,330,209,根吸收,技能石,
13676,330,240,汲取,技能石,
13677,330,251,消毒法,技能石,
13678,330,272,灵光,技能石,
13679,330,335,突袭,技能石,
13680,330,339,精神扰乱,技能石,
13681,330,372,落雨,技能石,
13682,330,426,追打,技能石,
13683,330,451,防御,技能石,
13684,330,47,冰爪,血脉,
13685,330,68,升龙咆哮,血脉,
13686,330,123,尾后针,血脉,
13687,330,192,星星撞击,血脉,
13688,330,218,毒沼,血脉,
13689,330,232,水弹枪,血脉,
13690,330,270,火爪,血脉,
13691,330,273,灵媒,血脉,
13692,330,325,磁干扰,血脉,
13693,330,329,离子震荡,血脉,
13694,330,367,荆棘爪,血脉,
13695,330,391,虹光冲击,血脉,
13696,330,406,贯手,血脉,
13697,330,416,跺地,血脉,
13698,330,437,针状物,血脉,
13699,330,476,风矢,血脉,
13700,330,488,魅惑,血脉,
13701,330,497,黑手,血脉,
13702,330,66,勾魂,默认,1
13703,330,69,午夜噪音,默认,35
13704,330,93,嘲弄,默认,28
13705,330,113,天洪,默认,50
13706,330,146,恐吓,默认,11
13707,330,156,打湿,默认,36
13708,330,169,拍击,默认,1
13709,330,235,水波术,默认,49
13710,330,252,涌泉,默认,48
13711,330,253,润泽,默认,41
13712,330,299,甩水,默认,1
13713,330,356,背袭,默认,37
13714,330,489,魔法增效,默认,5
13715,331,21,伺机而动,技能石,
13716,331,76,取念,技能石,
13717,331,158,打鼾,技能石,
13718,331,178,摇篮曲,技能石,
13719,331,201,有效预防,技能石,
13720,331,209,根吸收,技能石,
13721,331,240,汲取,技能石,
13722,331,251,消毒法,技能石,
13723,331,272,灵光,技能石,
13724,331,335,突袭,技能石,
13725,331,339,精神扰乱,技能石,
13726,331,372,落雨,技能石,
13727,331,390,虫鸣,技能石,
13728,331,426,追打,技能石,
13729,331,451,防御,技能石,
13730,331,55,冷风,血脉,
13731,331,68,升龙咆哮,血脉,
13732,331,123,尾后针,血脉,
13733,331,192,星星撞击,血脉,
13734,331,218,毒沼,血脉,
13735,331,232,水弹枪,血脉,
13736,331,270,火爪,血脉,
13737,331,273,灵媒,血脉,
13738,331,325,磁干扰,血脉,
13739,331,329,离子震荡,血脉,
13740,331,367,荆棘爪,血脉,
13741,331,391,虹光冲击,血脉,
13742,331,406,贯手,血脉,
13743,331,416,跺地,血脉,
13744,331,437,针状物,血脉,
13745,331,476,风矢,血脉,
13746,331,488,魅惑,血脉,
13747,331,497,黑手,血脉,
13748,331,66,勾魂,默认,1
13749,331,69,午夜噪音,默认,16
13750,331,93,嘲弄,默认,13
13751,331,113,天洪,默认,45
13752,331,146,恐吓,默认,9
13753,331,156,打湿,默认,23
13754,331,169,拍击,默认,1
13755,331,235,水波术,默认,36
13756,331,252,涌泉,默认,35
13757,331,253,润泽,默认,34
13758,331,299,甩水,默认,1
13759,331,356,背袭,默认,29
13760,331,489,魔法增效,默认,4
13761,138,60,剧毒,技能石,
13762,138,61,力量吞噬,技能石,
13763,138,63,加固,技能石,
13764,138,108,复写,技能石,
13765,138,131,应激反应,技能石,
13766,138,156,打湿,技能石,
13767,138,175,掠夺,技能石,
13768,138,195,晒太阳,技能石,
13769,138,197,暗箱操作,技能石,
13770,138,253,润泽,技能石,
13771,138,257,湮灭,技能石,
13772,138,339,精神扰乱,技能石,
13773,138,498,鼓劲,技能石,
13774,138,27,假寐,血脉,
13775,138,66,勾魂,血脉,
13776,138,67,化劲,血脉,
13777,138,68,升龙咆哮,血脉,
13778,138,91,啮合传递,血脉,
13779,138,132,引燃,血脉,
13780,138,139,徒长,血脉,
13781,138,192,星星撞击,血脉,
13782,138,218,毒沼,血脉,
13783,138,232,水弹枪,血脉,
13784,138,246,泥浆铠甲,血脉,
13785,138,297,甜心续航,血脉,
13786,138,346,羽化加速,血脉,
13787,138,391,虹光冲击,血脉,
13788,138,404,贪婪,血脉,
13789,138,413,超维投射,血脉,
13790,138,468,霜降,血脉,
13791,138,496,麻痹,血脉,
13792,138,152,感染病,默认,50
13793,138,220,毒液渗透,默认,37
13794,138,222,毒雾,默认,40
13795,138,243,泡沫幻影,默认,36
13796,138,252,涌泉,默认,41
13797,138,299,甩水,默认,1
13798,138,304,疫病吐息,默认,35
13799,138,309,盐水浴,默认,49
13800,138,361,腐化,默认,16
13801,138,362,腐蚀酸液,默认,9
13802,138,375,蓄水,默认,8
13803,138,401,许愿星,默认,28
13804,138,451,防御,默认,1
13805,139,60,剧毒,技能石,
13806,139,61,力量吞噬,技能石,
13807,139,63,加固,技能石,
13808,139,108,复写,技能石,
13809,139,131,应激反应,技能石,
13810,139,156,打湿,技能石,
13811,139,175,掠夺,技能石,
13812,139,195,晒太阳,技能石,
13813,139,197,暗箱操作,技能石,
13814,139,253,润泽,技能石,
13815,139,257,湮灭,技能石,
13816,139,339,精神扰乱,技能石,
13817,139,498,鼓劲,技能石,
13818,139,27,假寐,血脉,
13819,139,66,勾魂,血脉,
13820,139,67,化劲,血脉,
13821,139,68,升龙咆哮,血脉,
13822,139,91,啮合传递,血脉,
13823,139,132,引燃,血脉,
13824,139,139,徒长,血脉,
13825,139,192,星星撞击,血脉,
13826,139,218,毒沼,血脉,
13827,139,232,水弹枪,血脉,
13828,139,246,泥浆铠甲,血脉,
13829,139,297,甜心续航,血脉,
13830,139,346,羽化加速,血脉,
13831,139,391,虹光冲击,血脉,
13832,139,404,贪婪,血脉,
13833,139,413,超维投射,血脉,
13834,139,468,霜降,血脉,
13835,139,496,麻痹,血脉,
13836,139,152,感染病,默认,50
13837,139,220,毒液渗透,默认,36
13838,139,222,毒雾,默认,38
13839,139,243,泡沫幻影,默认,35
13840,139,252,涌泉,默认,41
13841,139,299,甩水,默认,1
13842,139,304,疫病吐息,默认,28
13843,139,309,盐水浴,默认,48
13844,139,361,腐化,默认,17
13845,139,362,腐蚀酸液,默认,13
13846,139,375,蓄水,默认,4
13847,139,401,许愿星,默认,27
13848,139,451,防御,默认,1
13849,277,6,丢冰块,技能石,
13850,277,12,乱打,技能石,
13851,277,42,冰墙,技能石,
13852,277,47,冰爪,技能石,
13853,277,74,反击拳,技能石,
13854,277,76,取念,技能石,
13855,277,78,叠势,技能石,
13856,277,103,垂死反击,技能石,
13857,277,201,有效预防,技能石,
13858,277,235,水波术,技能石,
13859,277,237,水环,技能石,
13860,277,243,泡沫幻影,技能石,
13861,277,285,热身运动,技能石,
13862,277,321,硬门,技能石,
13863,277,451,防御,技能石,
13864,277,461,雪替身,技能石,
13865,277,38,冥想,血脉,
13866,277,55,冷风,血脉,
13867,277,68,升龙咆哮,血脉,
13868,277,176,掩护,血脉,
13869,277,232,水弹枪,血脉,
13870,277,254,淤泥表皮,血脉,
13871,277,258,溃烂触碰,血脉,
13872,277,268,火焰护盾,血脉,
13873,277,329,离子震荡,血脉,
13874,277,336,等价交换,血脉,
13875,277,348,羽翼庇护,血脉,
13876,277,380,虚化,血脉,
13877,277,391,虹光冲击,血脉,
13878,277,393,蜡质膜,血脉,
13879,277,406,贯手,血脉,
13880,277,450,防反,血脉,
13881,277,460,集中,血脉,
13882,277,488,魅惑,血脉,
13883,277,1,一拳,默认,37
13884,277,31,先发制人,默认,13
13885,277,62,力量增效,默认,17
13886,277,67,化劲,默认,29
13887,277,85,听桥,默认,36
13888,277,186,斩断,默认,40
13889,277,225,气泡,默认,27
13890,277,226,气波,默认,1
13891,277,229,水刃,默认,50
13892,277,230,水幕冲击,默认,35
13893,277,234,水泡盾,默认,1
13894,277,242,泡沫,默认,7
13895,277,375,蓄水,默认,9
13896,277,452,防御反击,默认,22
13897,277,489,魔法增效,默认,1
13898,278,6,丢冰块,技能石,
13899,278,12,乱打,技能石,
13900,278,42,冰墙,技能石,
13901,278,47,冰爪,技能石,
13902,278,74,反击拳,技能石,
13903,278,76,取念,技能石,
13904,278,78,叠势,技能石,
13905,278,103,垂死反击,技能石,
13906,278,201,有效预防,技能石,
13907,278,235,水波术,技能石,
13908,278,237,水环,技能石,
13909,278,243,泡沫幻影,技能石,
13910,278,285,热身运动,技能石,
13911,278,321,硬门,技能石,
13912,278,451,防御,技能石,
13913,278,461,雪替身,技能石,
13914,278,38,冥想,血脉,
13915,278,55,冷风,血脉,
13916,278,68,升龙咆哮,血脉,
13917,278,176,掩护,血脉,
13918,278,232,水弹枪,血脉,
13919,278,254,淤泥表皮,血脉,
13920,278,258,溃烂触碰,血脉,
13921,278,268,火焰护盾,血脉,
13922,278,329,离子震荡,血脉,
13923,278,336,等价交换,血脉,
13924,278,348,羽翼庇护,血脉,
13925,278,380,虚化,血脉,
13926,278,391,虹光冲击,血脉,
13927,278,393,蜡质膜,血脉,
13928,278,406,贯手,血脉,
13929,278,450,防反,血脉,
13930,278,460,集中,血脉,
13931,278,488,魅惑,血脉,
13932,278,1,一拳,默认,37
13933,278,31,先发制人,默认,13
13934,278,62,力量增效,默认,17
13935,278,67,化劲,默认,29
13936,278,85,听桥,默认,36
13937,278,186,斩断,默认,40
13938,278,225,气泡,默认,27
13939,278,226,气波,默认,1
13940,278,229,水刃,默认,50
13941,278,230,水幕冲击,默认,35
13942,278,234,水泡盾,默认,1
13943,278,242,泡沫,默认,7
13944,278,375,蓄水,默认,9
13945,278,452,防御反击,默认,22
13946,278,489,魔法增效,默认,1
13947,266,58,刺盾,技能石,
13948,266,76,取念,技能石,
13949,266,92,嗜痛,技能石,
13950,266,158,打鼾,技能石,
13951,266,189,无畏之心,技能石,
13952,266,211,械斗,技能石,
13953,266,212,棘刺,技能石,
13954,266,228,水光冲击,技能石,
13955,266,229,水刃,技能石,
13956,266,374,蓄势待发,技能石,
13957,266,395,血气,技能石,
13958,266,415,践踏,技能石,
13959,266,426,追打,技能石,
13960,266,427,退化,技能石,
13961,266,432,遁地,技能石,
13962,266,435,金属噪音,技能石,
13963,266,38,冥想,血脉,
13964,266,68,升龙咆哮,血脉,
13965,266,74,反击拳,血脉,
13966,266,176,掩护,血脉,
13967,266,232,水弹枪,血脉,
13968,266,258,溃烂触碰,血脉,
13969,266,268,火焰护盾,血脉,
13970,266,329,离子震荡,血脉,
13971,266,336,等价交换,血脉,
13972,266,380,虚化,血脉,
13973,266,391,虹光冲击,血脉,
13974,266,393,蜡质膜,血脉,
13975,266,416,跺地,血脉,
13976,266,450,防反,血脉,
13977,266,460,集中,血脉,
13978,266,461,雪替身,血脉,
13979,266,475,风墙,血脉,
13980,266,488,魅惑,血脉,
13981,266,84,吨位压制,默认,31
13982,266,99,地陷,默认,50
13983,266,125,岩土暴击,默认,41
13984,266,165,抛石,默认,49
13985,266,225,气泡,默认,24
13986,266,234,水泡盾,默认,33
13987,266,237,水环,默认,46
13988,266,241,沙涌,默认,12
13989,266,242,泡沫,默认,1
13990,266,262,潮涌,默认,17
13991,266,283,热砂,默认,5
13992,266,320,硬化,默认,23
13993,266,375,蓄水,默认,4
13994,266,451,防御,默认,1
13995,266,457,陨石,默认,36
13996,267,58,刺盾,技能石,
13997,267,76,取念,技能石,
13998,267,92,嗜痛,技能石,
13999,267,158,打鼾,技能石,
14000,267,189,无畏之心,技能石,
14001,267,211,械斗,技能石,
14002,267,212,棘刺,技能石,
14003,267,228,水光冲击,技能石,
14004,267,229,水刃,技能石,
14005,267,374,蓄势待发,技能石,
14006,267,395,血气,技能石,
14007,267,415,践踏,技能石,
14008,267,426,追打,技能石,
14009,267,427,退化,技能石,
14010,267,432,遁地,技能石,
14011,267,435,金属噪音,技能石,
14012,267,38,冥想,血脉,
14013,267,68,升龙咆哮,血脉,
14014,267,74,反击拳,血脉,
14015,267,176,掩护,血脉,
14016,267,232,水弹枪,血脉,
14017,267,258,溃烂触碰,血脉,
14018,267,268,火焰护盾,血脉,
14019,267,329,离子震荡,血脉,
14020,267,336,等价交换,血脉,
14021,267,380,虚化,血脉,
14022,267,391,虹光冲击,血脉,
14023,267,393,蜡质膜,血脉,
14024,267,416,跺地,血脉,
14025,267,450,防反,血脉,
14026,267,460,集中,血脉,
14027,267,461,雪替身,血脉,
14028,267,475,风墙,血脉,
14029,267,488,魅惑,血脉,
14030,267,84,吨位压制,默认,35
14031,267,99,地陷,默认,49
14032,267,125,岩土暴击,默认,41
14033,267,165,抛石,默认,47
14034,267,225,气泡,默认,33
14035,267,234,水泡盾,默认,36
14036,267,237,水环,默认,44
14037,267,241,沙涌,默认,19
14038,267,242,泡沫,默认,1
14039,267,262,潮涌,默认,22
14040,267,283,热砂,默认,13
14041,267,320,硬化,默认,23
14042,267,375,蓄水,默认,5
14043,267,451,防御,默认,1
14044,267,457,陨石,默认,38
14045,400,24,借用,技能石,
14046,400,42,冰墙,技能石,
14047,400,55,冷风,技能石,
14048,400,78,叠势,技能石,
14049,400,119,寒风吹,技能石,
14050,400,201,有效预防,技能石,
14051,400,252,涌泉,技能石,
14052,400,335,突袭,技能石,
14053,400,375,蓄水,技能石,
14054,400,431,速冻,技能石,
14055,400,450,防反,技能石,
14056,400,452,防御反击,技能石,
14057,400,461,雪替身,技能石,
14058,400,491,魔能爆,技能石,
14059,400,47,冰爪,血脉,
14060,400,68,升龙咆哮,血脉,
14061,400,143,念力膨胀,血脉,
14062,400,176,掩护,血脉,
14063,400,192,星星撞击,血脉,
14064,400,232,水弹枪,血脉,
14065,400,254,淤泥表皮,血脉,
14066,400,258,溃烂触碰,血脉,
14067,400,268,火焰护盾,血脉,
14068,400,329,离子震荡,血脉,
14069,400,336,等价交换,血脉,
14070,400,348,羽翼庇护,血脉,
14071,400,380,虚化,血脉,
14072,400,391,虹光冲击,血脉,
14073,400,393,蜡质膜,血脉,
14074,400,406,贯手,血脉,
14075,400,460,集中,血脉,
14076,400,488,魅惑,血脉,
14077,400,113,天洪,默认,39
14078,400,225,气泡,默认,2
14079,400,234,水泡盾,默认,30
14080,400,235,水波术,默认,35
14081,400,236,水炮,默认,34
14082,400,237,水环,默认,46
14083,400,261,潮汐,默认,38
14084,400,264,激流,默认,7
14085,400,299,甩水,默认,1
14086,400,372,落雨,默认,23
14087,400,451,防御,默认,1
14088,400,471,音爆,默认,11
14089,400,489,魔法增效,默认,1
14090,411,8,主场优势,技能石,
14091,411,13,二律背反,技能石,
14092,411,25,倾泻,技能石,
14093,411,62,力量增效,技能石,
14094,411,72,双星,技能石,
14095,411,76,取念,技能石,
14096,411,83,吞噬,技能石,
14097,411,93,嘲弄,技能石,
14098,411,194,星链,技能石,
14099,411,197,暗箱操作,技能石,
14100,411,215,欺诈契约,技能石,
14101,411,223,气势一击,技能石,
14102,411,338,粒子对撞,技能石,
14103,411,339,精神扰乱,技能石,
14104,411,411,超新星馈赠,技能石,
14105,411,18,休息回复,血脉,
14106,411,27,假寐,血脉,
14107,411,67,化劲,血脉,
14108,411,68,升龙咆哮,血脉,
14109,411,91,啮合传递,血脉,
14110,411,132,引燃,血脉,
14111,411,143,念力膨胀,血脉,
14112,411,150,恶能量,血脉,
14113,411,217,毒孢子,血脉,
14114,411,273,灵媒,血脉,
14115,411,346,羽化加速,血脉,
14116,411,367,荆棘爪,血脉,
14117,411,375,蓄水,血脉,
14118,411,391,虹光冲击,血脉,
14119,411,416,跺地,血脉,
14120,411,468,霜降,血脉,
14121,411,480,飞吻,血脉,
14122,411,496,麻痹,血脉,
14123,411,20,伪造账单,默认,39
14124,411,61,力量吞噬,默认,24
14125,411,66,勾魂,默认,1
14126,411,102,坟场搏击,默认,35
14127,411,128,幻象,默认,22
14128,411,138,彼岸之手,默认,47
14129,411,147,恶作剧,默认,48
14130,411,297,甜心续航,默认,2
14131,411,357,能量刃,默认,17
14132,411,380,虚化,默认,34
14133,411,402,诋毁,默认,7
14134,411,403,诡刺,默认,1
14135,411,412,超级糖果,默认,30
14136,411,451,防御,默认,12
14137,411,455,降灵,默认,36
14138,411,469,鞭打,默认,1
14139,248,1,一拳,技能石,
14140,248,24,借用,技能石,
14141,248,92,嗜痛,技能石,
14142,248,102,坟场搏击,技能石,
14143,248,146,恐吓,技能石,
14144,248,147,恶作剧,技能石,
14145,248,178,摇篮曲,技能石,
14146,248,195,晒太阳,技能石,
14147,248,235,水波术,技能石,
14148,248,243,泡沫幻影,技能石,
14149,248,253,润泽,技能石,
14150,248,309,盐水浴,技能石,
14151,248,397,见招拆招,技能石,
14152,248,455,降灵,技能石,
14153,248,489,魔法增效,技能石,
14154,248,498,鼓劲,技能石,
14155,248,18,休息回复,血脉,
14156,248,27,假寐,血脉,
14157,248,66,勾魂,血脉,
14158,248,68,升龙咆哮,血脉,
14159,248,91,啮合传递,血脉,
14160,248,132,引燃,血脉,
14161,248,139,徒长,血脉,
14162,248,217,毒孢子,血脉,
14163,248,232,水弹枪,血脉,
14164,248,246,泥浆铠甲,血脉,
14165,248,297,甜心续航,血脉,
14166,248,346,羽化加速,血脉,
14167,248,391,虹光冲击,血脉,
14168,248,404,贪婪,血脉,
14169,248,406,贯手,血脉,
14170,248,413,超维投射,血脉,
14171,248,468,霜降,血脉,
14172,248,496,麻痹,血脉,
14173,248,62,力量增效,默认,1
14174,248,67,化劲,默认,17
14175,248,78,叠势,默认,29
14176,248,85,听桥,默认,50
14177,248,137,影袭,默认,10
14178,248,156,打湿,默认,36
14179,248,158,打鼾,默认,37
14180,248,177,提气,默认,35
14181,248,230,水幕冲击,默认,27
14182,248,252,涌泉,默认,48
14183,248,262,潮涌,默认,1
14184,248,319,破防,默认,28
14185,248,372,落雨,默认,49
14186,248,451,防御,默认,12
14187,248,473,预备势,默认,38
14188,325,20,伪造账单,技能石,
14189,325,31,先发制人,技能石,
14190,325,67,化劲,技能石,
14191,325,74,反击拳,技能石,
14192,325,76,取念,技能石,
14193,325,120,寸拳,技能石,
14194,325,138,彼岸之手,技能石,
14195,325,142,快速移动,技能石,
14196,325,181,撕裂,技能石,
14197,325,186,斩断,技能石,
14198,325,201,有效预防,技能石,
14199,325,371,落石,技能石,
14200,325,423,连续爪击,技能石,
14201,325,442,锐利眼神,技能石,
14202,325,47,冰爪,血脉,
14203,325,68,升龙咆哮,血脉,
14204,325,94,噬心,血脉,
14205,325,150,恶能量,血脉,
14206,325,191,星云漩涡,血脉,
14207,325,211,械斗,血脉,
14208,325,218,毒沼,血脉,
14209,325,242,泡沫,血脉,
14210,325,269,火焰箭,血脉,
14211,325,273,灵媒,血脉,
14212,325,294,猛烈撞击,血脉,
14213,325,296,球状闪电,血脉,
14214,325,324,碰爪,血脉,
14215,325,365,花香,血脉,
14216,325,406,贯手,血脉,
14217,325,416,跺地,血脉,
14218,325,430,透射,血脉,
14219,325,476,风矢,血脉,
14220,325,29,偷袭,默认,46
14221,325,62,力量增效,默认,7
14222,325,71,双响炮,默认,6
14223,325,124,山火,默认,23
14224,325,132,引燃,默认,1
14225,325,144,怒火,默认,16
14226,325,187,旋转突击,默认,11
14227,325,265,火云车,默认,31
14228,325,266,火焰冲锋,默认,1
14229,325,284,热身,默认,33
14230,325,285,热身运动,默认,24
14231,325,449,闪燃,默认,39
14232,325,451,防御,默认,1
14233,324,20,伪造账单,技能石,
14234,324,31,先发制人,技能石,
14235,324,67,化劲,技能石,
14236,324,74,反击拳,技能石,
14237,324,76,取念,技能石,
14238,324,120,寸拳,技能石,
14239,324,138,彼岸之手,技能石,
14240,324,142,快速移动,技能石,
14241,324,181,撕裂,技能石,
14242,324,186,斩断,技能石,
14243,324,201,有效预防,技能石,
14244,324,371,落石,技能石,
14245,324,423,连续爪击,技能石,
14246,324,442,锐利眼神,技能石,
14247,324,47,冰爪,血脉,
14248,324,68,升龙咆哮,血脉,
14249,324,94,噬心,血脉,
14250,324,150,恶能量,血脉,
14251,324,191,星云漩涡,血脉,
14252,324,211,械斗,血脉,
14253,324,218,毒沼,血脉,
14254,324,242,泡沫,血脉,
14255,324,269,火焰箭,血脉,
14256,324,273,灵媒,血脉,
14257,324,294,猛烈撞击,血脉,
14258,324,296,球状闪电,血脉,
14259,324,324,碰爪,血脉,
14260,324,365,花香,血脉,
14261,324,406,贯手,血脉,
14262,324,416,跺地,血脉,
14263,324,430,透射,血脉,
14264,324,476,风矢,血脉,
14265,324,29,偷袭,默认,46
14266,324,62,力量增效,默认,7
14267,324,71,双响炮,默认,6
14268,324,124,山火,默认,23
14269,324,132,引燃,默认,1
14270,324,144,怒火,默认,16
14271,324,187,旋转突击,默认,11
14272,324,265,火云车,默认,31
14273,324,266,火焰冲锋,默认,1
14274,324,284,热身,默认,33
14275,324,285,热身运动,默认,24
14276,324,449,闪燃,默认,39
14277,324,451,防御,默认,1
14278,375,9,主轴,技能石,
14279,375,25,倾泻,技能石,
14280,375,29,偷袭,技能石,
14281,375,70,压扁,技能石,
14282,375,76,取念,技能石,
14283,375,98,地刺,技能石,
14284,375,125,岩土暴击,技能石,
14285,375,135,当头棒喝,技能石,
14286,375,142,快速移动,技能石,
14287,375,195,晒太阳,技能石,
14288,375,201,有效预防,技能石,
14289,375,291,爆米花爆破,技能石,
14290,375,298,生日蛋糕,技能石,
14291,375,412,超级糖果,技能石,
14292,375,423,连续爪击,技能石,
14293,375,440,钧势,技能石,
14294,375,493,鸣沙陷阱,技能石,
14295,375,47,冰爪,血脉,
14296,375,68,升龙咆哮,血脉,
14297,375,94,噬心,血脉,
14298,375,150,恶能量,血脉,
14299,375,191,星云漩涡,血脉,
14300,375,192,星星撞击,血脉,
14301,375,211,械斗,血脉,
14302,375,218,毒沼,血脉,
14303,375,242,泡沫,血脉,
14304,375,269,火焰箭,血脉,
14305,375,273,灵媒,血脉,
14306,375,296,球状闪电,血脉,
14307,375,343,缠丝劲,血脉,
14308,375,365,花香,血脉,
14309,375,416,跺地,血脉,
14310,375,430,透射,血脉,
14311,375,476,风矢,血脉,
14312,375,480,飞吻,血脉,
14313,375,30,充分燃烧,默认,35
14314,375,31,先发制人,默认,26
14315,375,62,力量增效,默认,1
14316,375,86,吹火,默认,5
14317,375,144,怒火,默认,29
14318,375,170,持续高温,默认,50
14319,375,265,火云车,默认,36
14320,375,274,灼伤,默认,30
14321,375,276,炎息,默认,1
14322,375,284,热身,默认,39
14323,375,288,焚烧烙印,默认,16
14324,375,449,闪燃,默认,40
14325,375,451,防御,默认,11
14326,9,11,乘风,技能石,
14327,9,61,力量吞噬,技能石,
14328,9,70,压扁,技能石,
14329,9,108,复写,技能石,
14330,9,155,扇风,技能石,
14331,9,196,暗突袭,技能石,
14332,9,339,精神扰乱,技能石,
14333,9,402,诋毁,技能石,
14334,9,442,锐利眼神,技能石,
14335,9,454,阻断,技能石,
14336,9,476,风矢,技能石,
14337,9,501,龙之利爪,技能石,
14338,9,502,龙卷风,技能石,
14339,9,47,冰爪,血脉,
14340,9,68,升龙咆哮,血脉,
14341,9,94,噬心,血脉,
14342,9,150,恶能量,血脉,
14343,9,191,星云漩涡,血脉,
14344,9,192,星星撞击,血脉,
14345,9,211,械斗,血脉,
14346,9,218,毒沼,血脉,
14347,9,242,泡沫,血脉,
14348,9,269,火焰箭,血脉,
14349,9,273,灵媒,血脉,
14350,9,296,球状闪电,血脉,
14351,9,324,碰爪,血脉,
14352,9,343,缠丝劲,血脉,
14353,9,365,花香,血脉,
14354,9,416,跺地,血脉,
14355,9,430,透射,血脉,
14356,9,495,鹰爪,血脉,
14357,9,62,力量增效,默认,6
14358,9,86,吹火,默认,12
14359,9,124,山火,默认,48
14360,9,144,怒火,默认,21
14361,9,170,持续高温,默认,29
14362,9,195,晒太阳,默认,17
14363,9,265,火云车,默认,30
14364,9,267,火焰切割,默认,8
14365,9,271,火苗,默认,1
14366,9,284,热身,默认,36
14367,9,294,猛烈撞击,默认,1
14368,9,449,闪燃,默认,42
14369,9,451,防御,默认,10
14370,471,24,借用,技能石,
14371,471,35,光球,技能石,
14372,471,64,加大功率,技能石,
14373,471,111,天光,技能石,
14374,471,130,幽灵爆发,技能石,
14375,471,134,强制重启,技能石,
14376,471,142,快速移动,技能石,
14377,471,195,晒太阳,技能石,
14378,471,251,消毒法,技能石,
14379,471,335,突袭,技能石,
14380,471,409,超导,技能石,
14381,471,426,追打,技能石,
14382,471,445,闪光,技能石,
14383,471,55,冷风,血脉,
14384,471,68,升龙咆哮,血脉,
14385,471,94,噬心,血脉,
14386,471,128,幻象,血脉,
14387,471,150,恶能量,血脉,
14388,471,160,扬沙,血脉,
14389,471,164,折线冲击,血脉,
14390,471,191,星云漩涡,血脉,
14391,471,192,星星撞击,血脉,
14392,471,242,泡沫,血脉,
14393,471,258,溃烂触碰,血脉,
14394,471,266,火焰冲锋,血脉,
14395,471,296,球状闪电,血脉,
14396,471,329,离子震荡,血脉,
14397,471,343,缠丝劲,血脉,
14398,471,365,花香,血脉,
14399,471,488,魅惑,血脉,
14400,471,495,鹰爪,血脉,
14401,471,30,充分燃烧,默认,29
14402,471,114,天火,默认,47
14403,471,132,引燃,默认,11
14404,471,170,持续高温,默认,43
14405,471,278,炎枪,默认,8
14406,471,280,炙热波动,默认,21
14407,471,282,热气,默认,1
14408,471,288,焚烧烙印,默认,36
14409,471,351,耀眼,默认,16
14410,471,451,防御,默认,5
14411,471,453,阳火增辉,默认,31
14412,471,456,除厄,默认,1
14413,471,489,魔法增效,默认,1
14414,7,11,乘风,技能石,
14415,7,61,力量吞噬,技能石,
14416,7,70,压扁,技能石,
14417,7,108,复写,技能石,
14418,7,155,扇风,技能石,
14419,7,196,暗突袭,技能石,
14420,7,339,精神扰乱,技能石,
14421,7,402,诋毁,技能石,
14422,7,442,锐利眼神,技能石,
14423,7,454,阻断,技能石,
14424,7,476,风矢,技能石,
14425,7,501,龙之利爪,技能石,
14426,7,502,龙卷风,技能石,
14427,7,47,冰爪,血脉,
14428,7,68,升龙咆哮,血脉,
14429,7,94,噬心,血脉,
14430,7,150,恶能量,血脉,
14431,7,191,星云漩涡,血脉,
14432,7,192,星星撞击,血脉,
14433,7,211,械斗,血脉,
14434,7,218,毒沼,血脉,
14435,7,242,泡沫,血脉,
14436,7,269,火焰箭,血脉,
14437,7,273,灵媒,血脉,
14438,7,296,球状闪电,血脉,
14439,7,324,碰爪,血脉,
14440,7,343,缠丝劲,血脉,
14441,7,365,花香,血脉,
14442,7,416,跺地,血脉,
14443,7,430,透射,血脉,
14444,7,495,鹰爪,血脉,
14445,7,62,力量增效,默认,6
14446,7,86,吹火,默认,12
14447,7,124,山火,默认,48
14448,7,144,怒火,默认,21
14449,7,170,持续高温,默认,29
14450,7,195,晒太阳,默认,17
14451,7,265,火云车,默认,30
14452,7,267,火焰切割,默认,8
14453,7,271,火苗,默认,1
14454,7,284,热身,默认,36
14455,7,294,猛烈撞击,默认,1
14456,7,449,闪燃,默认,42
14457,7,451,防御,默认,10
14458,225,13,二律背反,技能石,
14459,225,42,冰墙,技能石,
14460,225,63,加固,技能石,
14461,225,72,双星,技能石,
14462,225,108,复写,技能石,
14463,225,109,多维击打,技能石,
14464,225,114,天火,技能石,
14465,225,131,应激反应,技能石,
14466,225,132,引燃,技能石,
14467,225,183,操控,技能石,
14468,225,193,星轨裂变,技能石,
14469,225,195,晒太阳,技能石,
14470,225,397,见招拆招,技能石,
14471,225,431,速冻,技能石,
14472,225,456,除厄,技能石,
14473,225,486,高温回火,技能石,
14474,225,498,鼓劲,技能石,
14475,225,27,假寐,血脉,
14476,225,47,冰爪,血脉,
14477,225,66,勾魂,血脉,
14478,225,67,化劲,血脉,
14479,225,68,升龙咆哮,血脉,
14480,225,91,啮合传递,血脉,
14481,225,139,徒长,血脉,
14482,225,192,星星撞击,血脉,
14483,225,217,毒孢子,血脉,
14484,225,246,泥浆铠甲,血脉,
14485,225,269,火焰箭,血脉,
14486,225,297,甜心续航,血脉,
14487,225,346,羽化加速,血脉,
14488,225,375,蓄水,血脉,
14489,225,391,虹光冲击,血脉,
14490,225,404,贪婪,血脉,
14491,225,413,超维投射,血脉,
14492,225,496,麻痹,血脉,
14493,225,30,充分燃烧,默认,17
14494,225,39,冬至,默认,29
14495,225,46,冰点,默认,35
14496,225,55,冷风,默认,1
14497,225,157,打雪仗,默认,34
14498,225,190,易燃物质,默认,39
14499,225,199,暴风雪,默认,27
14500,225,267,火焰切割,默认,13
14501,225,268,火焰护盾,默认,21
14502,225,278,炎枪,默认,4
14503,225,284,热身,默认,40
14504,225,288,焚烧烙印,默认,9
14505,225,292,爆裂飞弹,默认,50
14506,225,451,防御,默认,1
14507,225,468,霜降,默认,1
14508,229,2,三连破,技能石,
14509,229,10,乘胜追击,技能石,
14510,229,24,借用,技能石,
14511,229,32,光之矛,技能石,
14512,229,111,天光,技能石,
14513,229,142,快速移动,技能石,
14514,229,201,有效预防,技能石,
14515,229,229,水刃,技能石,
14516,229,230,水幕冲击,技能石,
14517,229,236,水炮,技能石,
14518,229,238,水花四溅,技能石,
14519,229,285,热身运动,技能石,
14520,229,375,蓄水,技能石,
14521,229,423,连续爪击,技能石,
14522,229,447,闪击,技能石,
14523,229,454,阻断,技能石,
14524,229,504,龙吼,技能石,
14525,229,507,龙炮,技能石,
14526,229,55,冷风,血脉,
14527,229,68,升龙咆哮,血脉,
14528,229,94,噬心,血脉,
14529,229,128,幻象,血脉,
14530,229,143,念力膨胀,血脉,
14531,229,150,恶能量,血脉,
14532,229,160,扬沙,血脉,
14533,229,164,折线冲击,血脉,
14534,229,169,拍击,血脉,
14535,229,242,泡沫,血脉,
14536,229,258,溃烂触碰,血脉,
14537,229,266,火焰冲锋,血脉,
14538,229,296,球状闪电,血脉,
14539,229,329,离子震荡,血脉,
14540,229,343,缠丝劲,血脉,
14541,229,365,花香,血脉,
14542,229,476,风矢,血脉,
14543,229,488,魅惑,血脉,
14544,229,21,伺机而动,默认,10
14545,229,62,力量增效,默认,16
14546,229,81,后发制人,默认,26
14547,229,90,啄击,默认,1
14548,229,97,回旋风暴,默认,23
14549,229,155,扇风,默认,11
14550,229,198,暴风眼,默认,25
14551,229,305,疾风刺,默认,3
14552,229,307,疾风连袭,默认,
14553,229,345,羽刃,默认,39
14554,229,346,羽化加速,默认,31
14555,229,350,翼击,默认,34
14556,229,451,防御,默认,1
14557,229,477,风起,默认,36
14558,229,489,魔法增效,默认,1
14559,229,502,龙卷风,默认,50
14560,500,8,主场优势,技能石,
14561,500,64,加大功率,技能石,
14562,500,76,取念,技能石,
14563,500,111,天光,技能石,
14564,500,195,晒太阳,技能石,
14565,500,212,棘刺,技能石,
14566,500,244,泥巴喷射,技能石,
14567,500,249,流沙,技能石,
14568,500,351,耀眼,技能石,
14569,500,374,蓄势待发,技能石,
14570,500,444,镜像反射,技能石,
14571,500,450,防反,技能石,
14572,500,496,麻痹,技能石,
14573,500,18,休息回复,血脉,
14574,500,27,假寐,血脉,
14575,500,68,升龙咆哮,血脉,
14576,500,132,引燃,血脉,
14577,500,139,徒长,血脉,
14578,500,160,扬沙,血脉,
14579,500,217,毒孢子,血脉,
14580,500,273,灵媒,血脉,
14581,500,296,球状闪电,血脉,
14582,500,297,甜心续航,血脉,
14583,500,346,羽化加速,血脉,
14584,500,375,蓄水,血脉,
14585,500,391,虹光冲击,血脉,
14586,500,404,贪婪,血脉,
14587,500,406,贯手,血脉,
14588,500,413,超维投射,血脉,
14589,500,435,金属噪音,血脉,
14590,500,468,霜降,血脉,
14591,500,35,光球,默认,1
14592,500,73,双联脉冲,默认,32
14593,500,106,增程电池,默认,35
14594,500,184,放晴,默认,48
14595,500,301,电流,默认,1
14596,500,302,电磁偏转,默认,24
14597,500,303,电离爆破,默认,27
14598,500,363,色散,默认,22
14599,500,373,落雷,默认,39
14600,500,409,超导,默认,5
14601,500,417,踏雷,默认,40
14602,500,421,远程访问,默认,11
14603,500,451,防御,默认,16
14604,242,8,主场优势,技能石,
14605,242,12,乱打,技能石,
14606,242,24,借用,技能石,
14607,242,67,化劲,技能石,
14608,242,92,嗜痛,技能石,
14609,242,111,天光,技能石,
14610,242,132,引燃,技能石,
14611,242,201,有效预防,技能石,
14612,242,280,炙热波动,技能石,
14613,242,289,燃尽,技能石,
14614,242,395,血气,技能石,
14615,242,444,镜像反射,技能石,
14616,242,452,防御反击,技能石,
14617,242,453,阳火增辉,技能石,
14618,242,454,阻断,技能石,
14619,242,491,魔能爆,技能石,
14620,242,38,冥想,血脉,
14621,242,68,升龙咆哮,血脉,
14622,242,176,掩护,血脉,
14623,242,211,械斗,血脉,
14624,242,234,水泡盾,血脉,
14625,242,258,溃烂触碰,血脉,
14626,242,269,火焰箭,血脉,
14627,242,324,碰爪,血脉,
14628,242,336,等价交换,血脉,
14629,242,348,羽翼庇护,血脉,
14630,242,380,虚化,血脉,
14631,242,393,蜡质膜,血脉,
14632,242,406,贯手,血脉,
14633,242,416,跺地,血脉,
14634,242,430,透射,血脉,
14635,242,450,防反,血脉,
14636,242,460,集中,血脉,
14637,242,461,雪替身,血脉,
14638,242,78,叠势,默认,37
14639,242,85,听桥,默认,48
14640,242,144,怒火,默认,29
14641,242,170,持续高温,默认,28
14642,242,186,斩断,默认,35
14643,242,226,气波,默认,1
14644,242,255,淬火,默认,27
14645,242,277,炎打,默认,12
14646,242,287,焚毁,默认,36
14647,242,292,爆裂飞弹,默认,38
14648,242,451,防御,默认,1
14649,242,486,高温回火,默认,10
14650,242,489,魔法增效,默认,17
14651,374,9,主轴,技能石,
14652,374,25,倾泻,技能石,
14653,374,29,偷袭,技能石,
14654,374,70,压扁,技能石,
14655,374,76,取念,技能石,
14656,374,98,地刺,技能石,
14657,374,125,岩土暴击,技能石,
14658,374,135,当头棒喝,技能石,
14659,374,142,快速移动,技能石,
14660,374,195,晒太阳,技能石,
14661,374,201,有效预防,技能石,
14662,374,291,爆米花爆破,技能石,
14663,374,298,生日蛋糕,技能石,
14664,374,412,超级糖果,技能石,
14665,374,423,连续爪击,技能石,
14666,374,440,钧势,技能石,
14667,374,493,鸣沙陷阱,技能石,
14668,374,47,冰爪,血脉,
14669,374,68,升龙咆哮,血脉,
14670,374,94,噬心,血脉,
14671,374,150,恶能量,血脉,
14672,374,191,星云漩涡,血脉,
14673,374,192,星星撞击,血脉,
14674,374,211,械斗,血脉,
14675,374,218,毒沼,血脉,
14676,374,242,泡沫,血脉,
14677,374,269,火焰箭,血脉,
14678,374,273,灵媒,血脉,
14679,374,296,球状闪电,血脉,
14680,374,343,缠丝劲,血脉,
14681,374,365,花香,血脉,
14682,374,416,跺地,血脉,
14683,374,430,透射,血脉,
14684,374,476,风矢,血脉,
14685,374,480,飞吻,血脉,
14686,374,30,充分燃烧,默认,35
14687,374,31,先发制人,默认,26
14688,374,62,力量增效,默认,1
14689,374,86,吹火,默认,5
14690,374,144,怒火,默认,29
14691,374,170,持续高温,默认,50
14692,374,265,火云车,默认,36
14693,374,274,灼伤,默认,30
14694,374,276,炎息,默认,1
14695,374,284,热身,默认,39
14696,374,288,焚烧烙印,默认,16
14697,374,449,闪燃,默认,40
14698,374,451,防御,默认,11
14699,240,8,主场优势,技能石,
14700,240,12,乱打,技能石,
14701,240,24,借用,技能石,
14702,240,67,化劲,技能石,
14703,240,92,嗜痛,技能石,
14704,240,111,天光,技能石,
14705,240,132,引燃,技能石,
14706,240,201,有效预防,技能石,
14707,240,280,炙热波动,技能石,
14708,240,289,燃尽,技能石,
14709,240,395,血气,技能石,
14710,240,444,镜像反射,技能石,
14711,240,452,防御反击,技能石,
14712,240,453,阳火增辉,技能石,
14713,240,454,阻断,技能石,
14714,240,491,魔能爆,技能石,
14715,240,38,冥想,血脉,
14716,240,68,升龙咆哮,血脉,
14717,240,176,掩护,血脉,
14718,240,211,械斗,血脉,
14719,240,234,水泡盾,血脉,
14720,240,258,溃烂触碰,血脉,
14721,240,269,火焰箭,血脉,
14722,240,324,碰爪,血脉,
14723,240,336,等价交换,血脉,
14724,240,348,羽翼庇护,血脉,
14725,240,380,虚化,血脉,
14726,240,393,蜡质膜,血脉,
14727,240,406,贯手,血脉,
14728,240,416,跺地,血脉,
14729,240,430,透射,血脉,
14730,240,450,防反,血脉,
14731,240,460,集中,血脉,
14732,240,461,雪替身,血脉,
14733,240,78,叠势,默认,37
14734,240,85,听桥,默认,48
14735,240,144,怒火,默认,29
14736,240,170,持续高温,默认,28
14737,240,186,斩断,默认,35
14738,240,226,气波,默认,1
14739,240,255,淬火,默认,27
14740,240,277,炎打,默认,12
14741,240,287,焚毁,默认,36
14742,240,292,爆裂飞弹,默认,38
14743,240,451,防御,默认,1
14744,240,486,高温回火,默认,10
14745,240,489,魔法增效,默认,17
14746,326,20,伪造账单,技能石,
14747,326,31,先发制人,技能石,
14748,326,67,化劲,技能石,
14749,326,74,反击拳,技能石,
14750,326,76,取念,技能石,
14751,326,120,寸拳,技能石,
14752,326,138,彼岸之手,技能石,
14753,326,142,快速移动,技能石,
14754,326,181,撕裂,技能石,
14755,326,186,斩断,技能石,
14756,326,201,有效预防,技能石,
14757,326,371,落石,技能石,
14758,326,423,连续爪击,技能石,
14759,326,442,锐利眼神,技能石,
14760,326,47,冰爪,血脉,
14761,326,68,升龙咆哮,血脉,
14762,326,94,噬心,血脉,
14763,326,150,恶能量,血脉,
14764,326,191,星云漩涡,血脉,
14765,326,211,械斗,血脉,
14766,326,218,毒沼,血脉,
14767,326,242,泡沫,血脉,
14768,326,269,火焰箭,血脉,
14769,326,273,灵媒,血脉,
14770,326,294,猛烈撞击,血脉,
14771,326,296,球状闪电,血脉,
14772,326,324,碰爪,血脉,
14773,326,365,花香,血脉,
14774,326,406,贯手,血脉,
14775,326,416,跺地,血脉,
14776,326,430,透射,血脉,
14777,326,476,风矢,血脉,
14778,326,29,偷袭,默认,46
14779,326,62,力量增效,默认,7
14780,326,71,双响炮,默认,6
14781,326,124,山火,默认,23
14782,326,132,引燃,默认,1
14783,326,144,怒火,默认,16
14784,326,187,旋转突击,默认,11
14785,326,265,火云车,默认,31
14786,326,266,火焰冲锋,默认,1
14787,326,284,热身,默认,33
14788,326,285,热身运动,默认,24
14789,326,449,闪燃,默认,39
14790,326,451,防御,默认,1
14791,10,11,乘风,技能石,
14792,10,61,力量吞噬,技能石,
14793,10,70,压扁,技能石,
14794,10,108,复写,技能石,
14795,10,155,扇风,技能石,
14796,10,196,暗突袭,技能石,
14797,10,339,精神扰乱,技能石,
14798,10,402,诋毁,技能石,
14799,10,442,锐利眼神,技能石,
14800,10,454,阻断,技能石,
14801,10,476,风矢,技能石,
14802,10,501,龙之利爪,技能石,
14803,10,502,龙卷风,技能石,
14804,10,47,冰爪,血脉,
14805,10,68,升龙咆哮,血脉,
14806,10,94,噬心,血脉,
14807,10,150,恶能量,血脉,
14808,10,191,星云漩涡,血脉,
14809,10,192,星星撞击,血脉,
14810,10,211,械斗,血脉,
14811,10,218,毒沼,血脉,
14812,10,242,泡沫,血脉,
14813,10,269,火焰箭,血脉,
14814,10,273,灵媒,血脉,
14815,10,296,球状闪电,血脉,
14816,10,324,碰爪,血脉,
14817,10,343,缠丝劲,血脉,
14818,10,365,花香,血脉,
14819,10,416,跺地,血脉,
14820,10,430,透射,血脉,
14821,10,495,鹰爪,血脉,
14822,10,62,力量增效,默认,6
14823,10,86,吹火,默认,12
14824,10,124,山火,默认,48
14825,10,144,怒火,默认,21
14826,10,170,持续高温,默认,29
14827,10,195,晒太阳,默认,17
14828,10,265,火云车,默认,30
14829,10,267,火焰切割,默认,8
14830,10,271,火苗,默认,1
14831,10,284,热身,默认,36
14832,10,294,猛烈撞击,默认,1
14833,10,449,闪燃,默认,42
14834,10,451,防御,默认,10
14835,497,24,借用,技能石,
14836,497,30,充分燃烧,技能石,
14837,497,60,剧毒,技能石,
14838,497,82,吓退,技能石,
14839,497,114,天火,技能石,
14840,497,183,操控,技能石,
14841,497,197,暗箱操作,技能石,
14842,497,202,杂耍,技能石,
14843,497,285,热身运动,技能石,
14844,497,288,焚烧烙印,技能石,
14845,497,313,石肤术,技能石,
14846,497,404,贪婪,技能石,
14847,497,457,陨石,技能石,
14848,497,18,休息回复,血脉,
14849,497,27,假寐,血脉,
14850,497,67,化劲,血脉,
14851,497,68,升龙咆哮,血脉,
14852,497,139,徒长,血脉,
14853,497,150,恶能量,血脉,
14854,497,246,泥浆铠甲,血脉,
14855,497,258,溃烂触碰,血脉,
14856,497,269,火焰箭,血脉,
14857,497,273,灵媒,血脉,
14858,497,297,甜心续航,血脉,
14859,497,346,羽化加速,血脉,
14860,497,375,蓄水,血脉,
14861,497,413,超维投射,血脉,
14862,497,430,透射,血脉,
14863,497,435,金属噪音,血脉,
14864,497,468,霜降,血脉,
14865,497,496,麻痹,血脉,
14866,497,132,引燃,默认,1
14867,497,190,易燃物质,默认,9
14868,497,217,毒孢子,默认,12
14869,497,220,毒液渗透,默认,49
14870,497,,毒肽,默认,16
14871,497,250,流火,默认,1
14872,497,268,火焰护盾,默认,41
14873,497,281,烈焰风暴,默认,25
14874,497,361,腐化,默认,35
14875,497,362,腐蚀酸液,默认,1
14876,497,369,落井下毒,默认,48
14877,497,,重金属粉尘,默认,50
14878,497,451,防御,默认,5
14879,496,24,借用,技能石,
14880,496,30,充分燃烧,技能石,
14881,496,60,剧毒,技能石,
14882,496,82,吓退,技能石,
14883,496,114,天火,技能石,
14884,496,183,操控,技能石,
14885,496,197,暗箱操作,技能石,
14886,496,202,杂耍,技能石,
14887,496,285,热身运动,技能石,
14888,496,288,焚烧烙印,技能石,
14889,496,313,石肤术,技能石,
14890,496,404,贪婪,技能石,
14891,496,457,陨石,技能石,
14892,496,18,休息回复,血脉,
14893,496,27,假寐,血脉,
14894,496,67,化劲,血脉,
14895,496,68,升龙咆哮,血脉,
14896,496,139,徒长,血脉,
14897,496,150,恶能量,血脉,
14898,496,246,泥浆铠甲,血脉,
14899,496,258,溃烂触碰,血脉,
14900,496,269,火焰箭,血脉,
14901,496,273,灵媒,血脉,
14902,496,297,甜心续航,血脉,
14903,496,346,羽化加速,血脉,
14904,496,375,蓄水,血脉,
14905,496,413,超维投射,血脉,
14906,496,430,透射,血脉,
14907,496,435,金属噪音,血脉,
14908,496,468,霜降,血脉,
14909,496,496,麻痹,血脉,
14910,496,132,引燃,默认,1
14911,496,190,易燃物质,默认,9
14912,496,217,毒孢子,默认,12
14913,496,220,毒液渗透,默认,49
14914,496,,毒肽,默认,16
14915,496,250,流火,默认,1
14916,496,268,火焰护盾,默认,41
14917,496,281,烈焰风暴,默认,25
14918,496,361,腐化,默认,35
14919,496,362,腐蚀酸液,默认,1
14920,496,369,落井下毒,默认,48
14921,496,,重金属粉尘,默认,50
14922,496,451,防御,默认,5
14923,8,11,乘风,技能石,
14924,8,61,力量吞噬,技能石,
14925,8,70,压扁,技能石,
14926,8,108,复写,技能石,
14927,8,155,扇风,技能石,
14928,8,196,暗突袭,技能石,
14929,8,339,精神扰乱,技能石,
14930,8,402,诋毁,技能石,
14931,8,442,锐利眼神,技能石,
14932,8,454,阻断,技能石,
14933,8,476,风矢,技能石,
14934,8,501,龙之利爪,技能石,
14935,8,502,龙卷风,技能石,
14936,8,47,冰爪,血脉,
14937,8,68,升龙咆哮,血脉,
14938,8,94,噬心,血脉,
14939,8,150,恶能量,血脉,
14940,8,191,星云漩涡,血脉,
14941,8,192,星星撞击,血脉,
14942,8,211,械斗,血脉,
14943,8,218,毒沼,血脉,
14944,8,242,泡沫,血脉,
14945,8,269,火焰箭,血脉,
14946,8,273,灵媒,血脉,
14947,8,296,球状闪电,血脉,
14948,8,324,碰爪,血脉,
14949,8,343,缠丝劲,血脉,
14950,8,365,花香,血脉,
14951,8,416,跺地,血脉,
14952,8,430,透射,血脉,
14953,8,495,鹰爪,血脉,
14954,8,62,力量增效,默认,6
14955,8,86,吹火,默认,12
14956,8,124,山火,默认,48
14957,8,144,怒火,默认,21
14958,8,170,持续高温,默认,29
14959,8,195,晒太阳,默认,17
14960,8,265,火云车,默认,30
14961,8,267,火焰切割,默认,8
14962,8,271,火苗,默认,1
14963,8,284,热身,默认,36
14964,8,294,猛烈撞击,默认,1
14965,8,449,闪燃,默认,42
14966,8,451,防御,默认,10
14967,447,62,力量增效,技能石,
14968,447,86,吹火,技能石,
14969,447,108,复写,技能石,
14970,447,113,天洪,技能石,
14971,447,173,捧杀,技能石,
14972,447,230,水幕冲击,技能石,
14973,447,236,水炮,技能石,
14974,447,237,水环,技能石,
14975,447,335,突袭,技能石,
14976,447,375,蓄水,技能石,
14977,447,395,血气,技能石,
14978,447,401,许愿星,技能石,
14979,447,412,超级糖果,技能石,
14980,447,454,阻断,技能石,
14981,447,486,高温回火,技能石,
14982,447,489,魔法增效,技能石,
14983,447,491,魔能爆,技能石,
14984,447,38,冥想,血脉,
14985,447,68,升龙咆哮,血脉,
14986,447,74,反击拳,血脉,
14987,447,176,掩护,血脉,
14988,447,218,毒沼,血脉,
14989,447,232,水弹枪,血脉,
14990,447,254,淤泥表皮,血脉,
14991,447,269,火焰箭,血脉,
14992,447,329,离子震荡,血脉,
14993,447,336,等价交换,血脉,
14994,447,348,羽翼庇护,血脉,
14995,447,380,虚化,血脉,
14996,447,391,虹光冲击,血脉,
14997,447,393,蜡质膜,血脉,
14998,447,450,防反,血脉,
14999,447,460,集中,血脉,
15000,447,461,雪替身,血脉,
15001,447,488,魅惑,血脉,
15002,447,144,怒火,默认,45
15003,447,229,水刃,默认,36
15004,447,231,水弹,默认,1
15005,447,242,泡沫,默认,9
15006,447,243,泡沫幻影,默认,16
15007,447,247,洗礼,默认,1
15008,447,255,淬火,默认,46
15009,447,262,潮涌,默认,32
15010,447,267,火焰切割,默认,49
15011,447,268,火焰护盾,默认,50
15012,447,355,肥皂泡,默认,27
15013,447,370,落星,默认,6
15014,447,451,防御,默认,1
15015,457,25,倾泻,技能石,
15016,457,62,力量增效,技能石,
15017,457,92,嗜痛,技能石,
15018,457,108,复写,技能石,
15019,457,124,山火,技能石,
15020,457,166,报复,技能石,
15021,457,189,无畏之心,技能石,
15022,457,255,淬火,技能石,
15023,457,332,移花接木,技能石,
15024,457,393,蜡质膜,技能石,
15025,457,395,血气,技能石,
15026,457,397,见招拆招,技能石,
15027,457,403,诡刺,技能石,
15028,457,472,顶端优势,技能石,
15029,457,38,冥想,血脉,
15030,457,68,升龙咆哮,血脉,
15031,457,74,反击拳,血脉,
15032,457,176,掩护,血脉,
15033,457,218,毒沼,血脉,
15034,457,232,水弹枪,血脉,
15035,457,254,淤泥表皮,血脉,
15036,457,269,火焰箭,血脉,
15037,457,329,离子震荡,血脉,
15038,457,336,等价交换,血脉,
15039,457,348,羽翼庇护,血脉,
15040,457,367,荆棘爪,血脉,
15041,457,380,虚化,血脉,
15042,457,391,虹光冲击,血脉,
15043,457,450,防反,血脉,
15044,457,460,集中,血脉,
15045,457,461,雪替身,血脉,
15046,457,488,魅惑,血脉,
15047,457,30,充分燃烧,默认,27
15048,457,132,引燃,默认,11
15049,457,167,抽枝,默认,48
15050,457,266,火焰冲锋,默认,2
15051,457,268,火焰护盾,默认,16
15052,457,274,灼伤,默认,22
15053,457,280,炙热波动,默认,38
15054,457,330,种子弹,默认,1
15055,457,340,纤维化,默认,34
15056,457,377,藤绞,默认,35
15057,457,433,酶浓度调整,默认,37
15058,457,451,防御,默认,1
15059,457,486,高温回火,默认,3
15060,68,76,取念,技能石,
15061,68,82,吓退,技能石,
15062,68,83,吞噬,技能石,
15063,68,92,嗜痛,技能石,
15064,68,136,彗星,技能石,
15065,68,183,操控,技能石,
15066,68,244,泥巴喷射,技能石,
15067,68,261,潮汐,技能石,
15068,68,262,潮涌,技能石,
15069,68,320,硬化,技能石,
15070,68,395,血气,技能石,
15071,68,399,触底强击,技能石,
15072,68,450,防反,技能石,
15073,68,454,阻断,技能石,
15074,68,465,震击,技能石,
15075,68,491,魔能爆,技能石,
15076,68,38,冥想,血脉,
15077,68,68,升龙咆哮,血脉,
15078,68,74,反击拳,血脉,
15079,68,176,掩护,血脉,
15080,68,192,星星撞击,血脉,
15081,68,232,水弹枪,血脉,
15082,68,254,淤泥表皮,血脉,
15083,68,258,溃烂触碰,血脉,
15084,68,268,火焰护盾,血脉,
15085,68,329,离子震荡,血脉,
15086,68,336,等价交换,血脉,
15087,68,380,虚化,血脉,
15088,68,391,虹光冲击,血脉,
15089,68,393,蜡质膜,血脉,
15090,68,460,集中,血脉,
15091,68,461,雪替身,血脉,
15092,68,475,风墙,血脉,
15093,68,488,魅惑,血脉,
15094,68,88,咆哮,默认,25
15095,68,162,抓挠,默认,7
15096,68,201,有效预防,默认,40
15097,68,231,水弹,默认,23
15098,68,234,水泡盾,默认,28
15099,68,236,水炮,默认,41
15100,68,237,水环,默认,50
15101,68,242,泡沫,默认,35
15102,68,247,洗礼,默认,14
15103,68,263,激怒,默认,1
15104,68,370,落星,默认,1
15105,68,415,践踏,默认,39
15106,68,423,连续爪击,默认,49
15107,68,451,防御,默认,6
15108,68,498,鼓劲,默认,36
15109,487,29,偷袭,技能石,
15110,487,54,冲撞,技能石,
15111,487,62,力量增效,技能石,
15112,487,82,吓退,技能石,
15113,487,87,吹炎,技能石,
15114,487,108,复写,技能石,
15115,487,201,有效预防,技能石,
15116,487,265,火云车,技能石,
15117,487,395,血气,技能石,
15118,487,449,闪燃,技能石,
15119,487,450,防反,技能石,
15120,487,459,隼鳞,技能石,
15121,487,476,风矢,技能石,
15122,487,38,冥想,血脉,
15123,487,68,升龙咆哮,血脉,
15124,487,74,反击拳,血脉,
15125,487,94,噬心,血脉,
15126,487,192,星星撞击,血脉,
15127,487,211,械斗,血脉,
15128,487,234,水泡盾,血脉,
15129,487,258,溃烂触碰,血脉,
15130,487,266,火焰冲锋,血脉,
15131,487,324,碰爪,血脉,
15132,487,336,等价交换,血脉,
15133,487,348,羽翼庇护,血脉,
15134,487,380,虚化,血脉,
15135,487,393,蜡质膜,血脉,
15136,487,416,跺地,血脉,
15137,487,430,透射,血脉,
15138,487,460,集中,血脉,
15139,487,461,雪替身,血脉,
15140,487,117,守护咒,默认,17
15141,487,132,引燃,默认,23
15142,487,248,流星火雨,默认,33
15143,487,255,淬火,默认,39
15144,487,268,火焰护盾,默认,26
15145,487,269,火焰箭,默认,6
15146,487,276,炎息,默认,5
15147,487,286,焚尽,默认,35
15148,487,294,猛烈撞击,默认,1
15149,487,451,防御,默认,1
15150,487,501,龙之利爪,默认,45
15151,487,503,龙吟,默认,13
15152,487,507,龙炮,默认,21
15153,488,29,偷袭,技能石,
15154,488,54,冲撞,技能石,
15155,488,62,力量增效,技能石,
15156,488,82,吓退,技能石,
15157,488,87,吹炎,技能石,
15158,488,108,复写,技能石,
15159,488,201,有效预防,技能石,
15160,488,265,火云车,技能石,
15161,488,395,血气,技能石,
15162,488,449,闪燃,技能石,
15163,488,450,防反,技能石,
15164,488,459,隼鳞,技能石,
15165,488,476,风矢,技能石,
15166,488,38,冥想,血脉,
15167,488,68,升龙咆哮,血脉,
15168,488,74,反击拳,血脉,
15169,488,94,噬心,血脉,
15170,488,192,星星撞击,血脉,
15171,488,211,械斗,血脉,
15172,488,234,水泡盾,血脉,
15173,488,258,溃烂触碰,血脉,
15174,488,266,火焰冲锋,血脉,
15175,488,324,碰爪,血脉,
15176,488,336,等价交换,血脉,
15177,488,348,羽翼庇护,血脉,
15178,488,380,虚化,血脉,
15179,488,393,蜡质膜,血脉,
15180,488,416,跺地,血脉,
15181,488,430,透射,血脉,
15182,488,460,集中,血脉,
15183,488,461,雪替身,血脉,
15184,488,117,守护咒,默认,17
15185,488,132,引燃,默认,23
15186,488,248,流星火雨,默认,33
15187,488,255,淬火,默认,39
15188,488,268,火焰护盾,默认,26
15189,488,269,火焰箭,默认,6
15190,488,276,炎息,默认,5
15191,488,286,焚尽,默认,35
15192,488,294,猛烈撞击,默认,1
15193,488,451,防御,默认,1
15194,488,501,龙之利爪,默认,45
15195,488,503,龙吟,默认,13
15196,488,507,龙炮,默认,21
15197,60,75,反弹,技能石,
15198,60,76,取念,技能石,
15199,60,88,咆哮,技能石,
15200,60,92,嗜痛,技能石,
15201,60,131,应激反应,技能石,
15202,60,142,快速移动,技能石,
15203,60,178,摇篮曲,技能石,
15204,60,183,操控,技能石,
15205,60,195,晒太阳,技能石,
15206,60,212,棘刺,技能石,
15207,60,263,激怒,技能石,
15208,60,318,破罐破摔,技能石,
15209,60,339,精神扰乱,技能石,
15210,60,427,退化,技能石,
15211,60,447,闪击,技能石,
15212,60,492,鸣叫,技能石,
15213,60,18,休息回复,血脉,
15214,60,66,勾魂,血脉,
15215,60,67,化劲,血脉,
15216,60,68,升龙咆哮,血脉,
15217,60,91,啮合传递,血脉,
15218,60,123,尾后针,血脉,
15219,60,132,引燃,血脉,
15220,60,139,徒长,血脉,
15221,60,217,毒孢子,血脉,
15222,60,246,泥浆铠甲,血脉,
15223,60,346,羽化加速,血脉,
15224,60,375,蓄水,血脉,
15225,60,391,虹光冲击,血脉,
15226,60,404,贪婪,血脉,
15227,60,413,超维投射,血脉,
15228,60,468,霜降,血脉,
15229,60,480,飞吻,血脉,
15230,60,496,麻痹,血脉,
15231,60,94,噬心,默认,2
15232,60,158,打鼾,默认,50
15233,60,172,捆缚,默认,7
15234,60,176,掩护,默认,21
15235,60,291,爆米花爆破,默认,49
15236,60,297,甜心续航,默认,37
15237,60,298,生日蛋糕,默认,17
15238,60,382,虫刺,默认,11
15239,60,388,虫茧,默认,1
15240,60,389,虫蛊,默认,40
15241,60,392,蛰针,默认,1
15242,60,412,超级糖果,默认,35
15243,60,451,防御,默认,1
15244,60,484,食腐,默认,34
15245,60,488,魅惑,默认,27
15246,340,24,借用,技能石,
15247,340,25,倾泻,技能石,
15248,340,29,偷袭,技能石,
15249,340,33,光刃,技能石,
15250,340,135,当头棒喝,技能石,
15251,340,180,撕咬,技能石,
15252,340,196,暗突袭,技能石,
15253,340,201,有效预防,技能石,
15254,340,246,泥浆铠甲,技能石,
15255,340,260,漫反射,技能石,
15256,340,285,热身运动,技能石,
15257,340,396,裂石,技能石,
15258,340,404,贪婪,技能石,
15259,340,430,透射,技能石,
15260,340,465,震击,技能石,
15261,340,68,升龙咆哮,血脉,
15262,340,94,噬心,血脉,
15263,340,150,恶能量,血脉,
15264,340,164,折线冲击,血脉,
15265,340,191,星云漩涡,血脉,
15266,340,192,星星撞击,血脉,
15267,340,211,械斗,血脉,
15268,340,218,毒沼,血脉,
15269,340,242,泡沫,血脉,
15270,340,266,火焰冲锋,血脉,
15271,340,273,灵媒,血脉,
15272,340,324,碰爪,血脉,
15273,340,343,缠丝劲,血脉,
15274,340,365,花香,血脉,
15275,340,400,触电,血脉,
15276,340,416,跺地,血脉,
15277,340,468,霜降,血脉,
15278,340,476,风矢,血脉,
15279,340,31,先发制人,默认,34
15280,340,62,力量增效,默认,30
15281,340,106,增程电池,默认,39
15282,340,121,导电撞击,默认,1
15283,340,134,强制重启,默认,49
15284,340,195,晒太阳,默认,23
15285,340,300,电弧,默认,26
15286,340,328,离子火花,默认,6
15287,340,420,过载回路,默认,1
15288,340,421,远程访问,默认,35
15289,340,423,连续爪击,默认,45
15290,340,448,闪击折返,默认,38
15291,340,451,防御,默认,12
15292,504,13,二律背反,技能石,
15293,504,92,嗜痛,技能石,
15294,504,115,孢子,技能石,
15295,504,141,心灵洞悉,技能石,
15296,504,142,快速移动,技能石,
15297,504,194,星链,技能石,
15298,504,300,电弧,技能石,
15299,504,339,精神扰乱,技能石,
15300,504,364,花炮,技能石,
15301,504,365,花香,技能石,
15302,504,366,芳香诱引,技能石,
15303,504,377,藤绞,技能石,
15304,504,409,超导,技能石,
15305,504,411,超新星馈赠,技能石,
15306,504,420,过载回路,技能石,
15307,504,450,防反,技能石,
15308,504,472,顶端优势,技能石,
15309,504,489,魔法增效,技能石,
15310,504,18,休息回复,血脉,
15311,504,27,假寐,血脉,
15312,504,66,勾魂,血脉,
15313,504,67,化劲,血脉,
15314,504,68,升龙咆哮,血脉,
15315,504,91,啮合传递,血脉,
15316,504,132,引燃,血脉,
15317,504,139,徒长,血脉,
15318,504,143,念力膨胀,血脉,
15319,504,217,毒孢子,血脉,
15320,504,246,泥浆铠甲,血脉,
15321,504,297,甜心续航,血脉,
15322,504,346,羽化加速,血脉,
15323,504,375,蓄水,血脉,
15324,504,391,虹光冲击,血脉,
15325,504,404,贪婪,血脉,
15326,504,468,霜降,血脉,
15327,504,496,麻痹,血脉,
15328,504,24,借用,默认,1
15329,504,24,借用,默认,1
15330,504,24,借用,默认,1
15331,504,24,借用,默认,1
15332,504,28,偷师,默认,1
15333,504,76,取念,默认,7
15334,504,76,取念,默认,1
15335,504,76,取念,默认,1
15336,504,76,取念,默认,1
15337,504,77,叠加态,默认,36
15338,504,101,坍缩,默认,24
15339,504,108,复写,默认,18
15340,504,108,复写,默认,1
15341,504,108,复写,默认,1
15342,504,108,复写,默认,1
15343,504,,天体吸积,默认,43
15344,504,131,应激反应,默认,47
15345,504,193,星轨裂变,默认,28
15346,504,333,空间压迫,默认,3
15347,504,437,针状物,默认,12
15348,504,451,防御,默认,1
15349,441,11,乘风,技能石,
15350,441,25,倾泻,技能石,
15351,441,58,刺盾,技能石,
15352,441,108,复写,技能石,
15353,441,127,崩拳,技能石,
15354,441,188,无影脚,技能石,
15355,441,193,星轨裂变,技能石,
15356,441,195,晒太阳,技能石,
15357,441,338,粒子对撞,技能石,
15358,441,339,精神扰乱,技能石,
15359,441,346,羽化加速,技能石,
15360,441,423,连续爪击,技能石,
15361,441,477,风起,技能石,
15362,441,478,风隐,技能石,
15363,441,47,冰爪,血脉,
15364,441,68,升龙咆哮,血脉,
15365,441,94,噬心,血脉,
15366,441,143,念力膨胀,血脉,
15367,441,150,恶能量,血脉,
15368,441,164,折线冲击,血脉,
15369,441,211,械斗,血脉,
15370,441,218,毒沼,血脉,
15371,441,242,泡沫,血脉,
15372,441,266,火焰冲锋,血脉,
15373,441,273,灵媒,血脉,
15374,441,294,猛烈撞击,血脉,
15375,441,296,球状闪电,血脉,
15376,441,324,碰爪,血脉,
15377,441,343,缠丝劲,血脉,
15378,441,365,花香,血脉,
15379,441,416,跺地,血脉,
15380,441,476,风矢,血脉,
15381,441,2,三连破,默认,36
15382,441,29,偷袭,默认,48
15383,441,31,先发制人,默认,5
15384,441,32,光之矛,默认,29
15385,441,33,光刃,默认,37
15386,441,62,力量增效,默认,1
15387,441,142,快速移动,默认,41
15388,441,163,折射,默认,39
15389,441,260,漫反射,默认,22
15390,441,285,热身运动,默认,38
15391,441,430,透射,默认,1
15392,441,451,防御,默认,13
15393,489,2,三连破,技能石,
15394,489,12,乱打,技能石,
15395,489,21,伺机而动,技能石,
15396,489,25,倾泻,技能石,
15397,489,69,午夜噪音,技能石,
15398,489,104,埋伏,技能石,
15399,489,140,微型斥候,技能石,
15400,489,146,恐吓,技能石,
15401,489,158,打鼾,技能石,
15402,489,174,排气,技能石,
15403,489,201,有效预防,技能石,
15404,489,285,热身运动,技能石,
15405,489,329,离子震荡,技能石,
15406,489,450,防反,技能石,
15407,489,454,阻断,技能石,
15408,489,38,冥想,血脉,
15409,489,68,升龙咆哮,血脉,
15410,489,74,反击拳,血脉,
15411,489,94,噬心,血脉,
15412,489,192,星星撞击,血脉,
15413,489,211,械斗,血脉,
15414,489,234,水泡盾,血脉,
15415,489,258,溃烂触碰,血脉,
15416,489,268,火焰护盾,血脉,
15417,489,324,碰爪,血脉,
15418,489,336,等价交换,血脉,
15419,489,348,羽翼庇护,血脉,
15420,489,380,虚化,血脉,
15421,489,393,蜡质膜,血脉,
15422,489,416,跺地,血脉,
15423,489,430,透射,血脉,
15424,489,460,集中,血脉,
15425,489,461,雪替身,血脉,
15426,489,80,同频,默认,1
15427,489,82,吓退,默认,24
15428,489,189,无畏之心,默认,34
15429,489,203,杠杆置换,默认,23
15430,489,352,聒噪,默认,33
15431,489,358,能量守恒,默认,11
15432,489,426,追打,默认,36
15433,489,435,金属噪音,默认,7
15434,489,441,铁蒺藜,默认,27
15435,489,451,防御,默认,1
15436,489,470,音波弹,默认,1
15437,489,471,音爆,默认,17
15438,489,489,魔法增效,默认,8
15439,215,66,勾魂,技能石,
15440,215,100,地震,技能石,
15441,215,108,复写,技能石,
15442,215,131,应激反应,技能石,
15443,215,136,彗星,技能石,
15444,215,151,惊吓盒子,技能石,
15445,215,158,打鼾,技能石,
15446,215,312,瞬间零度,技能石,
15447,215,335,突袭,技能石,
15448,215,352,聒噪,技能石,
15449,215,403,诡刺,技能石,
15450,215,412,超级糖果,技能石,
15451,215,440,钧势,技能石,
15452,215,47,冰爪,血脉,
15453,215,68,升龙咆哮,血脉,
15454,215,94,噬心,血脉,
15455,215,150,恶能量,血脉,
15456,215,191,星云漩涡,血脉,
15457,215,211,械斗,血脉,
15458,215,218,毒沼,血脉,
15459,215,242,泡沫,血脉,
15460,215,266,火焰冲锋,血脉,
15461,215,273,灵媒,血脉,
15462,215,294,猛烈撞击,血脉,
15463,215,296,球状闪电,血脉,
15464,215,324,碰爪,血脉,
15465,215,343,缠丝劲,血脉,
15466,215,365,花香,血脉,
15467,215,416,跺地,血脉,
15468,215,430,透射,血脉,
15469,215,476,风矢,血脉,
15470,215,6,丢冰块,默认,1
15471,215,45,冰晶坠,默认,33
15472,215,52,冰雹,默认,45
15473,215,62,力量增效,默认,1
15474,215,98,地刺,默认,25
15475,215,126,岩脉崩毁,默认,12
15476,215,199,暴风雪,默认,7
15477,215,259,滚雪球,默认,50
15478,215,313,石肤术,默认,39
15479,215,314,石锁,默认,41
15480,215,315,砂石冲撞,默认,40
15481,215,451,防御,默认,17
15482,215,462,雪球,默认,32
15483,215,466,霜冻,默认,42
15484,369,12,乱打,技能石,
15485,369,82,吓退,技能石,
15486,369,108,复写,技能石,
15487,369,173,捧杀,技能石,
15488,369,236,水炮,技能石,
15489,369,237,水环,技能石,
15490,369,253,润泽,技能石,
15491,369,261,潮汐,技能石,
15492,369,351,耀眼,技能石,
15493,369,375,蓄水,技能石,
15494,369,395,血气,技能石,
15495,369,451,防御,技能石,
15496,369,480,飞吻,技能石,
15497,369,38,冥想,血脉,
15498,369,68,升龙咆哮,血脉,
15499,369,74,反击拳,血脉,
15500,369,176,掩护,血脉,
15501,369,218,毒沼,血脉,
15502,369,232,水弹枪,血脉,
15503,369,254,淤泥表皮,血脉,
15504,369,268,火焰护盾,血脉,
15505,369,329,离子震荡,血脉,
15506,369,336,等价交换,血脉,
15507,369,380,虚化,血脉,
15508,369,391,虹光冲击,血脉,
15509,369,393,蜡质膜,血脉,
15510,369,400,触电,血脉,
15511,369,450,防反,血脉,
15512,369,461,雪替身,血脉,
15513,369,475,风墙,血脉,
15514,369,488,魅惑,血脉,
15515,369,5,不可接触,默认,5
15516,369,16,以毒攻毒,默认,16
15517,369,113,天洪,默认,46
15518,369,220,毒液渗透,默认,41
15519,369,243,泡沫幻影,默认,26
15520,369,247,洗礼,默认,1
15521,369,257,湮灭,默认,37
15522,369,264,激流,默认,33
15523,369,299,甩水,默认,1
15524,369,304,疫病吐息,默认,34
15525,369,308,瘴气喷射,默认,24
15526,369,362,腐蚀酸液,默认,11
15527,369,494,鸩毒,默认,45
15528,281,24,借用,技能石,
15529,281,62,力量增效,技能石,
15530,281,179,撒娇,技能石,
15531,281,189,无畏之心,技能石,
15532,281,201,有效预防,技能石,
15533,281,235,水波术,技能石,
15534,281,247,洗礼,技能石,
15535,281,252,涌泉,技能石,
15536,281,261,潮汐,技能石,
15537,281,285,热身运动,技能石,
15538,281,318,破罐破摔,技能石,
15539,281,335,突袭,技能石,
15540,281,344,网缚,技能石,
15541,281,383,虫结阵,技能石,
15542,281,390,虫鸣,技能石,
15543,281,451,防御,技能石,
15544,281,471,音爆,技能石,
15545,281,68,升龙咆哮,血脉,
15546,281,74,反击拳,血脉,
15547,281,143,念力膨胀,血脉,
15548,281,176,掩护,血脉,
15549,281,232,水弹枪,血脉,
15550,281,254,淤泥表皮,血脉,
15551,281,258,溃烂触碰,血脉,
15552,281,268,火焰护盾,血脉,
15553,281,329,离子震荡,血脉,
15554,281,336,等价交换,血脉,
15555,281,348,羽翼庇护,血脉,
15556,281,380,虚化,血脉,
15557,281,391,虹光冲击,血脉,
15558,281,393,蜡质膜,血脉,
15559,281,450,防反,血脉,
15560,281,460,集中,血脉,
15561,281,461,雪替身,血脉,
15562,281,480,飞吻,血脉,
15563,281,156,打湿,默认,19
15564,281,173,捧杀,默认,40
15565,281,200,月光合奏,默认,49
15566,281,229,水刃,默认,50
15567,281,237,水环,默认,22
15568,281,242,泡沫,默认,1
15569,281,243,泡沫幻影,默认,1
15570,281,262,潮涌,默认,13
15571,281,291,爆米花爆破,默认,33
15572,281,297,甜心续航,默认,1
15573,281,298,生日蛋糕,默认,45
15574,281,316,砂糖弹球,默认,23
15575,281,355,肥皂泡,默认,5
15576,281,372,落雨,默认,31
15577,281,489,魔法增效,默认,9
15578,210,46,冰点,技能石,
15579,210,76,取念,技能石,
15580,210,104,埋伏,技能石,
15581,210,134,强制重启,技能石,
15582,210,178,摇篮曲,技能石,
15583,210,203,杠杆置换,技能石,
15584,210,335,突袭,技能石,
15585,210,355,肥皂泡,技能石,
15586,210,401,许愿星,技能石,
15587,210,420,过载回路,技能石,
15588,210,435,金属噪音,技能石,
15589,210,454,阻断,技能石,
15590,210,471,音爆,技能石,
15591,210,489,魔法增效,技能石,
15592,210,38,冥想,血脉,
15593,210,68,升龙咆哮,血脉,
15594,210,176,掩护,血脉,
15595,210,211,械斗,血脉,
15596,210,258,溃烂触碰,血脉,
15597,210,268,火焰护盾,血脉,
15598,210,273,灵媒,血脉,
15599,210,324,碰爪,血脉,
15600,210,336,等价交换,血脉,
15601,210,343,缠丝劲,血脉,
15602,210,348,羽翼庇护,血脉,
15603,210,375,蓄水,血脉,
15604,210,391,虹光冲击,血脉,
15605,210,393,蜡质膜,血脉,
15606,210,400,触电,血脉,
15607,210,416,跺地,血脉,
15608,210,450,防反,血脉,
15609,210,468,霜降,血脉,
15610,210,50,冰锋横扫,默认,28
15611,210,106,增程电池,默认,35
15612,210,119,寒风吹,默认,10
15613,210,153,感电,默认,42
15614,210,204,极寒领域,默认,50
15615,210,301,电流,默认,22
15616,210,352,聒噪,默认,6
15617,210,373,落雷,默认,49
15618,210,410,超导加速,默认,1
15619,210,451,防御,默认,11
15620,210,464,雾气环绕,默认,47
15621,210,466,霜冻,默认,23
15622,210,474,风吹雪,默认,1
15623,337,24,借用,技能石,
15624,337,25,倾泻,技能石,
15625,337,29,偷袭,技能石,
15626,337,33,光刃,技能石,
15627,337,135,当头棒喝,技能石,
15628,337,180,撕咬,技能石,
15629,337,196,暗突袭,技能石,
15630,337,201,有效预防,技能石,
15631,337,246,泥浆铠甲,技能石,
15632,337,260,漫反射,技能石,
15633,337,285,热身运动,技能石,
15634,337,396,裂石,技能石,
15635,337,404,贪婪,技能石,
15636,337,430,透射,技能石,
15637,337,465,震击,技能石,
15638,337,68,升龙咆哮,血脉,
15639,337,94,噬心,血脉,
15640,337,150,恶能量,血脉,
15641,337,164,折线冲击,血脉,
15642,337,191,星云漩涡,血脉,
15643,337,192,星星撞击,血脉,
15644,337,211,械斗,血脉,
15645,337,218,毒沼,血脉,
15646,337,242,泡沫,血脉,
15647,337,266,火焰冲锋,血脉,
15648,337,273,灵媒,血脉,
15649,337,324,碰爪,血脉,
15650,337,343,缠丝劲,血脉,
15651,337,365,花香,血脉,
15652,337,400,触电,血脉,
15653,337,416,跺地,血脉,
15654,337,468,霜降,血脉,
15655,337,476,风矢,血脉,
15656,337,31,先发制人,默认,34
15657,337,62,力量增效,默认,30
15658,337,106,增程电池,默认,39
15659,337,121,导电撞击,默认,1
15660,337,134,强制重启,默认,49
15661,337,195,晒太阳,默认,23
15662,337,300,电弧,默认,26
15663,337,328,离子火花,默认,6
15664,337,420,过载回路,默认,1
15665,337,421,远程访问,默认,35
15666,337,423,连续爪击,默认,45
15667,337,448,闪击折返,默认,38
15668,337,451,防御,默认,12
15669,128,29,偷袭,技能石,
15670,128,73,双联脉冲,技能石,
15671,128,76,取念,技能石,
15672,128,82,吓退,技能石,
15673,128,115,孢子,技能石,
15674,128,118,富养化,技能石,
15675,128,179,撒娇,技能石,
15676,128,200,月光合奏,技能石,
15677,128,285,热身运动,技能石,
15678,128,324,碰爪,技能石,
15679,128,340,纤维化,技能石,
15680,128,351,耀眼,技能石,
15681,128,395,血气,技能石,
15682,128,399,触底强击,技能石,
15683,128,433,酶浓度调整,技能石,
15684,128,450,防反,技能石,
15685,128,491,魔能爆,技能石,
15686,128,38,冥想,血脉,
15687,128,68,升龙咆哮,血脉,
15688,128,74,反击拳,血脉,
15689,128,176,掩护,血脉,
15690,128,192,星星撞击,血脉,
15691,128,234,水泡盾,血脉,
15692,128,254,淤泥表皮,血脉,
15693,128,258,溃烂触碰,血脉,
15694,128,268,火焰护盾,血脉,
15695,128,329,离子震荡,血脉,
15696,128,336,等价交换,血脉,
15697,128,380,虚化,血脉,
15698,128,391,虹光冲击,血脉,
15699,128,393,蜡质膜,血脉,
15700,128,400,触电,血脉,
15701,128,461,雪替身,血脉,
15702,128,475,风墙,血脉,
15703,128,488,魅惑,血脉,
15704,128,31,先发制人,默认,8
15705,128,63,加固,默认,1
15706,128,134,强制重启,默认,36
15707,128,153,感电,默认,11
15708,128,296,球状闪电,默认,1
15709,128,302,电磁偏转,默认,34
15710,128,303,电离爆破,默认,17
15711,128,373,落雷,默认,27
15712,128,421,远程访问,默认,9
15713,128,448,闪击折返,默认,33
15714,128,451,防御,默认,1
15715,128,460,集中,默认,23
15716,128,498,鼓劲,默认,30
15717,130,29,偷袭,技能石,
15718,130,73,双联脉冲,技能石,
15719,130,76,取念,技能石,
15720,130,82,吓退,技能石,
15721,130,115,孢子,技能石,
15722,130,118,富养化,技能石,
15723,130,179,撒娇,技能石,
15724,130,200,月光合奏,技能石,
15725,130,285,热身运动,技能石,
15726,130,324,碰爪,技能石,
15727,130,340,纤维化,技能石,
15728,130,351,耀眼,技能石,
15729,130,395,血气,技能石,
15730,130,399,触底强击,技能石,
15731,130,433,酶浓度调整,技能石,
15732,130,450,防反,技能石,
15733,130,491,魔能爆,技能石,
15734,130,38,冥想,血脉,
15735,130,68,升龙咆哮,血脉,
15736,130,74,反击拳,血脉,
15737,130,176,掩护,血脉,
15738,130,192,星星撞击,血脉,
15739,130,234,水泡盾,血脉,
15740,130,254,淤泥表皮,血脉,
15741,130,258,溃烂触碰,血脉,
15742,130,268,火焰护盾,血脉,
15743,130,329,离子震荡,血脉,
15744,130,336,等价交换,血脉,
15745,130,380,虚化,血脉,
15746,130,391,虹光冲击,血脉,
15747,130,393,蜡质膜,血脉,
15748,130,400,触电,血脉,
15749,130,461,雪替身,血脉,
15750,130,475,风墙,血脉,
15751,130,488,魅惑,血脉,
15752,130,31,先发制人,默认,8
15753,130,63,加固,默认,1
15754,130,134,强制重启,默认,36
15755,130,153,感电,默认,11
15756,130,296,球状闪电,默认,1
15757,130,302,电磁偏转,默认,34
15758,130,303,电离爆破,默认,17
15759,130,373,落雷,默认,27
15760,130,421,远程访问,默认,9
15761,130,448,闪击折返,默认,33
15762,130,451,防御,默认,1
15763,130,460,集中,默认,23
15764,130,498,鼓劲,默认,30
15765,431,24,借用,技能石,
15766,431,63,加固,技能石,
15767,431,69,午夜噪音,技能石,
15768,431,83,吞噬,技能石,
15769,431,93,嘲弄,技能石,
15770,431,128,幻象,技能石,
15771,431,142,快速移动,技能石,
15772,431,146,恐吓,技能石,
15773,431,151,惊吓盒子,技能石,
15774,431,257,湮灭,技能石,
15775,431,272,灵光,技能石,
15776,431,273,灵媒,技能石,
15777,431,357,能量刃,技能石,
15778,431,359,能量炮,技能石,
15779,431,491,魔能爆,技能石,
15780,431,498,鼓劲,技能石,
15781,431,55,冷风,血脉,
15782,431,68,升龙咆哮,血脉,
15783,431,94,噬心,血脉,
15784,431,150,恶能量,血脉,
15785,431,160,扬沙,血脉,
15786,431,191,星云漩涡,血脉,
15787,431,192,星星撞击,血脉,
15788,431,242,泡沫,血脉,
15789,431,258,溃烂触碰,血脉,
15790,431,266,火焰冲锋,血脉,
15791,431,296,球状闪电,血脉,
15792,431,329,离子震荡,血脉,
15793,431,343,缠丝劲,血脉,
15794,431,365,花香,血脉,
15795,431,391,虹光冲击,血脉,
15796,431,487,鬼火,血脉,
15797,431,488,魅惑,血脉,
15798,431,495,鹰爪,血脉,
15799,431,8,主场优势,默认,26
15800,431,31,先发制人,默认,7
15801,431,62,力量增效,默认,13
15802,431,131,应激反应,默认,35
15803,431,159,扫尾,默认,1
15804,431,285,热身运动,默认,38
15805,431,335,突袭,默认,37
15806,431,401,许愿星,默认,33
15807,431,451,防御,默认,5
15808,431,483,飞踢,默认,19
15809,431,489,魔法增效,默认,1
15810,430,24,借用,技能石,
15811,430,63,加固,技能石,
15812,430,69,午夜噪音,技能石,
15813,430,83,吞噬,技能石,
15814,430,93,嘲弄,技能石,
15815,430,128,幻象,技能石,
15816,430,142,快速移动,技能石,
15817,430,146,恐吓,技能石,
15818,430,151,惊吓盒子,技能石,
15819,430,257,湮灭,技能石,
15820,430,272,灵光,技能石,
15821,430,273,灵媒,技能石,
15822,430,357,能量刃,技能石,
15823,430,359,能量炮,技能石,
15824,430,491,魔能爆,技能石,
15825,430,498,鼓劲,技能石,
15826,430,55,冷风,血脉,
15827,430,68,升龙咆哮,血脉,
15828,430,94,噬心,血脉,
15829,430,150,恶能量,血脉,
15830,430,160,扬沙,血脉,
15831,430,191,星云漩涡,血脉,
15832,430,192,星星撞击,血脉,
15833,430,242,泡沫,血脉,
15834,430,258,溃烂触碰,血脉,
15835,430,266,火焰冲锋,血脉,
15836,430,296,球状闪电,血脉,
15837,430,329,离子震荡,血脉,
15838,430,343,缠丝劲,血脉,
15839,430,365,花香,血脉,
15840,430,391,虹光冲击,血脉,
15841,430,487,鬼火,血脉,
15842,430,488,魅惑,血脉,
15843,430,495,鹰爪,血脉,
15844,430,8,主场优势,默认,26
15845,430,31,先发制人,默认,7
15846,430,62,力量增效,默认,13
15847,430,131,应激反应,默认,35
15848,430,159,扫尾,默认,1
15849,430,285,热身运动,默认,38
15850,430,335,突袭,默认,37
15851,430,401,许愿星,默认,33
15852,430,451,防御,默认,5
15853,430,483,飞踢,默认,19
15854,430,489,魔法增效,默认,1
15855,433,24,借用,技能石,
15856,433,63,加固,技能石,
15857,433,70,压扁,技能石,
15858,433,83,吞噬,技能石,
15859,433,128,幻象,技能石,
15860,433,142,快速移动,技能石,
15861,433,151,惊吓盒子,技能石,
15862,433,193,星轨裂变,技能石,
15863,433,201,有效预防,技能石,
15864,433,224,气沉丹田,技能石,
15865,433,257,湮灭,技能石,
15866,433,273,灵媒,技能石,
15867,433,290,爆冲,技能石,
15868,433,333,空间压迫,技能石,
15869,433,357,能量刃,技能石,
15870,433,359,能量炮,技能石,
15871,433,413,超维投射,技能石,
15872,433,423,连续爪击,技能石,
15873,433,491,魔能爆,技能石,
15874,433,498,鼓劲,技能石,
15875,433,47,冰爪,血脉,
15876,433,68,升龙咆哮,血脉,
15877,433,94,噬心,血脉,
15878,433,150,恶能量,血脉,
15879,433,191,星云漩涡,血脉,
15880,433,192,星星撞击,血脉,
15881,433,211,械斗,血脉,
15882,433,218,毒沼,血脉,
15883,433,242,泡沫,血脉,
15884,433,266,火焰冲锋,血脉,
15885,433,296,球状闪电,血脉,
15886,433,324,碰爪,血脉,
15887,433,365,花香,血脉,
15888,433,406,贯手,血脉,
15889,433,416,跺地,血脉,
15890,433,430,透射,血脉,
15891,433,476,风矢,血脉,
15892,433,487,鬼火,血脉,
15893,433,8,主场优势,默认,26
15894,433,31,先发制人,默认,7
15895,433,62,力量增效,默认,13
15896,433,74,反击拳,默认,41
15897,433,96,回旋踢,默认,37
15898,433,131,应激反应,默认,35
15899,433,137,影袭,默认,49
15900,433,154,截拳,默认,50
15901,433,159,扫尾,默认,1
15902,433,177,提气,默认,40
15903,433,285,热身运动,默认,44
15904,433,335,突袭,默认,38
15905,433,401,许愿星,默认,33
15906,433,451,防御,默认,5
15907,433,483,飞踢,默认,19
15908,433,489,魔法增效,默认,1
15909,432,24,借用,技能石,
15910,432,63,加固,技能石,
15911,432,74,反击拳,技能石,
15912,432,78,叠势,技能石,
15913,432,83,吞噬,技能石,
15914,432,109,多维击打,技能石,
15915,432,141,心灵洞悉,技能石,
15916,432,142,快速移动,技能石,
15917,432,146,恐吓,技能石,
15918,432,158,打鼾,技能石,
15919,432,201,有效预防,技能石,
15920,432,226,气波,技能石,
15921,432,257,湮灭,技能石,
15922,432,273,灵媒,技能石,
15923,432,357,能量刃,技能石,
15924,432,359,能量炮,技能石,
15925,432,413,超维投射,技能石,
15926,432,426,追打,技能石,
15927,432,491,魔能爆,技能石,
15928,432,498,鼓劲,技能石,
15929,432,68,升龙咆哮,血脉,
15930,432,123,尾后针,血脉,
15931,432,143,念力膨胀,血脉,
15932,432,192,星星撞击,血脉,
15933,432,217,毒孢子,血脉,
15934,432,270,火爪,血脉,
15935,432,325,磁干扰,血脉,
15936,432,329,离子震荡,血脉,
15937,432,355,肥皂泡,血脉,
15938,432,367,荆棘爪,血脉,
15939,432,391,虹光冲击,血脉,
15940,432,406,贯手,血脉,
15941,432,416,跺地,血脉,
15942,432,468,霜降,血脉,
15943,432,476,风矢,血脉,
15944,432,487,鬼火,血脉,
15945,432,488,魅惑,血脉,
15946,432,497,黑手,血脉,
15947,432,8,主场优势,默认,26
15948,432,31,先发制人,默认,7
15949,432,62,力量增效,默认,13
15950,432,110,大爆炸,默认,49
15951,432,131,应激反应,默认,35
15952,432,159,扫尾,默认,1
15953,432,193,星轨裂变,默认,38
15954,432,285,热身运动,默认,44
15955,432,335,突袭,默认,37
15956,432,401,许愿星,默认,33
15957,432,437,针状物,默认,41
15958,432,443,错乱,默认,50
15959,432,451,防御,默认,5
15960,432,483,飞踢,默认,19
15961,432,489,魔法增效,默认,1
15962,443,11,乘风,技能石,
15963,443,25,倾泻,技能石,
15964,443,58,刺盾,技能石,
15965,443,108,复写,技能石,
15966,443,127,崩拳,技能石,
15967,443,188,无影脚,技能石,
15968,443,193,星轨裂变,技能石,
15969,443,195,晒太阳,技能石,
15970,443,338,粒子对撞,技能石,
15971,443,339,精神扰乱,技能石,
15972,443,346,羽化加速,技能石,
15973,443,423,连续爪击,技能石,
15974,443,477,风起,技能石,
15975,443,478,风隐,技能石,
15976,443,47,冰爪,血脉,
15977,443,68,升龙咆哮,血脉,
15978,443,94,噬心,血脉,
15979,443,143,念力膨胀,血脉,
15980,443,150,恶能量,血脉,
15981,443,164,折线冲击,血脉,
15982,443,211,械斗,血脉,
15983,443,218,毒沼,血脉,
15984,443,242,泡沫,血脉,
15985,443,266,火焰冲锋,血脉,
15986,443,273,灵媒,血脉,
15987,443,294,猛烈撞击,血脉,
15988,443,296,球状闪电,血脉,
15989,443,324,碰爪,血脉,
15990,443,343,缠丝劲,血脉,
15991,443,365,花香,血脉,
15992,443,416,跺地,血脉,
15993,443,476,风矢,血脉,
15994,443,2,三连破,默认,36
15995,443,29,偷袭,默认,48
15996,443,31,先发制人,默认,5
15997,443,32,光之矛,默认,29
15998,443,33,光刃,默认,37
15999,443,62,力量增效,默认,1
16000,443,142,快速移动,默认,41
16001,443,163,折射,默认,39
16002,443,260,漫反射,默认,22
16003,443,285,热身运动,默认,38
16004,443,430,透射,默认,1
16005,443,451,防御,默认,13
16006,135,1,一拳,技能石,
16007,135,24,借用,技能石,
16008,135,47,冰爪,技能石,
16009,135,52,冰雹,技能石,
16010,135,63,加固,技能石,
16011,135,83,吞噬,技能石,
16012,135,103,垂死反击,技能石,
16013,135,123,尾后针,技能石,
16014,135,177,提气,技能石,
16015,135,201,有效预防,技能石,
16016,135,290,爆冲,技能石,
16017,135,339,精神扰乱,技能石,
16018,135,357,能量刃,技能石,
16019,135,423,连续爪击,技能石,
16020,135,462,雪球,技能石,
16021,135,55,冷风,血脉,
16022,135,68,升龙咆哮,血脉,
16023,135,94,噬心,血脉,
16024,135,150,恶能量,血脉,
16025,135,191,星云漩涡,血脉,
16026,135,192,星星撞击,血脉,
16027,135,211,械斗,血脉,
16028,135,218,毒沼,血脉,
16029,135,242,泡沫,血脉,
16030,135,266,火焰冲锋,血脉,
16031,135,273,灵媒,血脉,
16032,135,296,球状闪电,血脉,
16033,135,324,碰爪,血脉,
16034,135,365,花香,血脉,
16035,135,406,贯手,血脉,
16036,135,416,跺地,血脉,
16037,135,430,透射,血脉,
16038,135,476,风矢,血脉,
16039,135,29,偷袭,默认,47
16040,135,31,先发制人,默认,1
16041,135,62,力量增效,默认,17
16042,135,67,化劲,默认,30
16043,135,70,压扁,默认,35
16044,135,81,后发制人,默认,24
16045,135,96,回旋踢,默认,39
16046,135,120,寸拳,默认,1
16047,135,131,应激反应,默认,41
16048,135,161,技巧打击,默认,45
16049,135,186,斩断,默认,40
16050,135,195,晒太阳,默认,8
16051,135,224,气沉丹田,默认,36
16052,135,451,防御,默认,13
16053,299,2,三连破,技能石,
16054,299,24,借用,技能石,
16055,299,142,快速移动,技能石,
16056,299,195,晒太阳,技能石,
16057,299,227,氧输送,技能石,
16058,299,285,热身运动,技能石,
16059,299,298,生日蛋糕,技能石,
16060,299,318,破罐破摔,技能石,
16061,299,340,纤维化,技能石,
16062,299,341,绵里藏针,技能石,
16063,299,366,芳香诱引,技能石,
16064,299,407,赤子之心,技能石,
16065,299,450,防反,技能石,
16066,299,498,鼓劲,技能石,
16067,299,501,龙之利爪,技能石,
16068,299,503,龙吟,技能石,
16069,299,27,假寐,血脉,
16070,299,66,勾魂,血脉,
16071,299,67,化劲,血脉,
16072,299,68,升龙咆哮,血脉,
16073,299,91,啮合传递,血脉,
16074,299,132,引燃,血脉,
16075,299,192,星星撞击,血脉,
16076,299,217,毒孢子,血脉,
16077,299,246,泥浆铠甲,血脉,
16078,299,346,羽化加速,血脉,
16079,299,367,荆棘爪,血脉,
16080,299,375,蓄水,血脉,
16081,299,391,虹光冲击,血脉,
16082,299,404,贪婪,血脉,
16083,299,413,超维投射,血脉,
16084,299,468,霜降,血脉,
16085,299,480,飞吻,血脉,
16086,299,496,麻痹,血脉,
16087,299,34,光合作用,默认,37
16088,299,36,光能聚集,默认,50
16089,299,57,击鼓传花,默认,7
16090,299,115,孢子,默认,29
16091,299,116,孢子爆散,默认,30
16092,299,200,月光合奏,默认,49
16093,299,310,盛开,默认,39
16094,299,324,碰爪,默认,23
16095,299,327,示弱,默认,1
16096,299,330,种子弹,默认,1
16097,299,364,花炮,默认,17
16098,299,365,花香,默认,3
16099,299,415,践踏,默认,38
16100,299,451,防御,默认,1
16101,299,488,魅惑,默认,13
16102,189,25,倾泻,技能石,
16103,189,55,冷风,技能石,
16104,189,79,叶绿光束,技能石,
16105,189,97,回旋风暴,技能石,
16106,189,108,复写,技能石,
16107,189,204,极寒领域,技能石,
16108,189,209,根吸收,技能石,
16109,189,225,气泡,技能石,
16110,189,346,羽化加速,技能石,
16111,189,350,翼击,技能石,
16112,189,351,耀眼,技能石,
16113,189,375,蓄水,技能石,
16114,189,409,超导,技能石,
16115,189,421,远程访问,技能石,
16116,189,426,追打,技能石,
16117,189,431,速冻,技能石,
16118,189,496,麻痹,技能石,
16119,189,502,龙卷风,技能石,
16120,189,47,冰爪,血脉,
16121,189,68,升龙咆哮,血脉,
16122,189,123,尾后针,血脉,
16123,189,164,折线冲击,血脉,
16124,189,192,星星撞击,血脉,
16125,189,218,毒沼,血脉,
16126,189,270,火爪,血脉,
16127,189,273,灵媒,血脉,
16128,189,325,磁干扰,血脉,
16129,189,329,离子震荡,血脉,
16130,189,355,肥皂泡,血脉,
16131,189,367,荆棘爪,血脉,
16132,189,406,贯手,血脉,
16133,189,416,跺地,血脉,
16134,189,437,针状物,血脉,
16135,189,476,风矢,血脉,
16136,189,488,魅惑,血脉,
16137,189,497,黑手,血脉,
16138,189,21,伺机而动,默认,28
16139,189,111,天光,默认,27
16140,189,142,快速移动,默认,39
16141,189,163,折射,默认,37
16142,189,195,晒太阳,默认,18
16143,189,260,漫反射,默认,36
16144,189,335,突袭,默认,40
16145,189,391,虹光冲击,默认,9
16146,189,401,许愿星,默认,1
16147,189,419,过曝,默认,30
16148,189,451,防御,默认,13
16149,189,454,阻断,默认,50
16150,189,489,魔法增效,默认,1
16151,259,10,乘胜追击,技能石,
16152,259,25,倾泻,技能石,
16153,259,29,偷袭,技能石,
16154,259,32,光之矛,技能石,
16155,259,67,化劲,技能石,
16156,259,71,双响炮,技能石,
16157,259,108,复写,技能石,
16158,259,177,提气,技能石,
16159,259,201,有效预防,技能石,
16160,259,260,漫反射,技能石,
16161,259,285,热身运动,技能石,
16162,259,343,缠丝劲,技能石,
16163,259,423,连续爪击,技能石,
16164,259,442,锐利眼神,技能石,
16165,259,47,冰爪,血脉,
16166,259,68,升龙咆哮,血脉,
16167,259,74,反击拳,血脉,
16168,259,94,噬心,血脉,
16169,259,150,恶能量,血脉,
16170,259,164,折线冲击,血脉,
16171,259,191,星云漩涡,血脉,
16172,259,211,械斗,血脉,
16173,259,218,毒沼,血脉,
16174,259,242,泡沫,血脉,
16175,259,266,火焰冲锋,血脉,
16176,259,273,灵媒,血脉,
16177,259,294,猛烈撞击,血脉,
16178,259,296,球状闪电,血脉,
16179,259,324,碰爪,血脉,
16180,259,365,花香,血脉,
16181,259,416,跺地,血脉,
16182,259,476,风矢,血脉,
16183,259,2,三连破,默认,38
16184,259,11,乘风,默认,12
16185,259,90,啄击,默认,1
16186,259,142,快速移动,默认,44
16187,259,155,扇风,默认,35
16188,259,305,疾风刺,默认,5
16189,259,345,羽刃,默认,48
16190,259,346,羽化加速,默认,33
16191,259,397,见招拆招,默认,26
16192,259,447,闪击,默认,41
16193,259,451,防御,默认,21
16194,259,482,飞羽,默认,1
16195,259,502,龙卷风,默认,49
16196,260,10,乘胜追击,技能石,
16197,260,25,倾泻,技能石,
16198,260,29,偷袭,技能石,
16199,260,32,光之矛,技能石,
16200,260,67,化劲,技能石,
16201,260,71,双响炮,技能石,
16202,260,108,复写,技能石,
16203,260,177,提气,技能石,
16204,260,201,有效预防,技能石,
16205,260,260,漫反射,技能石,
16206,260,285,热身运动,技能石,
16207,260,343,缠丝劲,技能石,
16208,260,423,连续爪击,技能石,
16209,260,442,锐利眼神,技能石,
16210,260,47,冰爪,血脉,
16211,260,68,升龙咆哮,血脉,
16212,260,74,反击拳,血脉,
16213,260,94,噬心,血脉,
16214,260,150,恶能量,血脉,
16215,260,164,折线冲击,血脉,
16216,260,191,星云漩涡,血脉,
16217,260,211,械斗,血脉,
16218,260,218,毒沼,血脉,
16219,260,242,泡沫,血脉,
16220,260,266,火焰冲锋,血脉,
16221,260,273,灵媒,血脉,
16222,260,294,猛烈撞击,血脉,
16223,260,296,球状闪电,血脉,
16224,260,324,碰爪,血脉,
16225,260,365,花香,血脉,
16226,260,416,跺地,血脉,
16227,260,476,风矢,血脉,
16228,260,2,三连破,默认,35
16229,260,11,乘风,默认,3
16230,260,90,啄击,默认,1
16231,260,142,快速移动,默认,41
16232,260,155,扇风,默认,31
16233,260,305,疾风刺,默认,1
16234,260,345,羽刃,默认,43
16235,260,346,羽化加速,默认,28
16236,260,397,见招拆招,默认,13
16237,260,447,闪击,默认,36
16238,260,451,防御,默认,6
16239,260,482,飞羽,默认,1
16240,260,502,龙卷风,默认,49
16241,137,1,一拳,技能石,
16242,137,24,借用,技能石,
16243,137,47,冰爪,技能石,
16244,137,52,冰雹,技能石,
16245,137,63,加固,技能石,
16246,137,83,吞噬,技能石,
16247,137,103,垂死反击,技能石,
16248,137,123,尾后针,技能石,
16249,137,177,提气,技能石,
16250,137,201,有效预防,技能石,
16251,137,290,爆冲,技能石,
16252,137,339,精神扰乱,技能石,
16253,137,357,能量刃,技能石,
16254,137,423,连续爪击,技能石,
16255,137,462,雪球,技能石,
16256,137,55,冷风,血脉,
16257,137,68,升龙咆哮,血脉,
16258,137,94,噬心,血脉,
16259,137,150,恶能量,血脉,
16260,137,191,星云漩涡,血脉,
16261,137,192,星星撞击,血脉,
16262,137,211,械斗,血脉,
16263,137,218,毒沼,血脉,
16264,137,242,泡沫,血脉,
16265,137,266,火焰冲锋,血脉,
16266,137,273,灵媒,血脉,
16267,137,296,球状闪电,血脉,
16268,137,324,碰爪,血脉,
16269,137,365,花香,血脉,
16270,137,406,贯手,血脉,
16271,137,416,跺地,血脉,
16272,137,430,透射,血脉,
16273,137,476,风矢,血脉,
16274,137,29,偷袭,默认,47
16275,137,31,先发制人,默认,1
16276,137,62,力量增效,默认,17
16277,137,67,化劲,默认,30
16278,137,70,压扁,默认,35
16279,137,81,后发制人,默认,24
16280,137,96,回旋踢,默认,39
16281,137,120,寸拳,默认,1
16282,137,131,应激反应,默认,41
16283,137,161,技巧打击,默认,45
16284,137,186,斩断,默认,40
16285,137,195,晒太阳,默认,8
16286,137,224,气沉丹田,默认,36
16287,137,451,防御,默认,13
16288,322,20,伪造账单,技能石,
16289,322,29,偷袭,技能石,
16290,322,62,力量增效,技能石,
16291,322,76,取念,技能石,
16292,322,120,寸拳,技能石,
16293,322,135,当头棒喝,技能石,
16294,322,177,提气,技能石,
16295,322,186,斩断,技能石,
16296,322,197,暗箱操作,技能石,
16297,322,221,毒针,技能石,
16298,322,317,破绽,技能石,
16299,322,392,蛰针,技能石,
16300,322,414,跌落,技能石,
16301,322,55,冷风,血脉,
16302,322,68,升龙咆哮,血脉,
16303,322,94,噬心,血脉,
16304,322,128,幻象,血脉,
16305,322,160,扬沙,血脉,
16306,322,191,星云漩涡,血脉,
16307,322,192,星星撞击,血脉,
16308,322,242,泡沫,血脉,
16309,322,258,溃烂触碰,血脉,
16310,322,266,火焰冲锋,血脉,
16311,322,296,球状闪电,血脉,
16312,322,329,离子震荡,血脉,
16313,322,343,缠丝劲,血脉,
16314,322,365,花香,血脉,
16315,322,402,诋毁,血脉,
16316,322,430,透射,血脉,
16317,322,488,魅惑,血脉,
16318,322,495,鹰爪,血脉,
16319,322,17,以重制重,默认,28
16320,322,61,力量吞噬,默认,16
16321,322,123,尾后针,默认,4
16322,322,206,极限撕裂,默认,23
16323,322,275,灾厄,默认,38
16324,322,336,等价交换,默认,35
16325,322,344,网缚,默认,13
16326,322,368,草虫冲击,默认,29
16327,322,381,虫击,默认,33
16328,322,388,虫茧,默认,30
16329,322,394,蝙蝠,默认,1
16330,322,442,锐利眼神,默认,1
16331,322,451,防御,默认,8
16332,322,481,飞断,默认,1
16333,51,4,不动如山,技能石,
16334,51,62,力量增效,技能石,
16335,51,81,后发制人,技能石,
16336,51,92,嗜痛,技能石,
16337,51,98,地刺,技能石,
16338,51,108,复写,技能石,
16339,51,173,捧杀,技能石,
16340,51,189,无畏之心,技能石,
16341,51,212,棘刺,技能石,
16342,51,308,瘴气喷射,技能石,
16343,51,316,砂糖弹球,技能石,
16344,51,324,碰爪,技能石,
16345,51,361,腐化,技能石,
16346,51,362,腐蚀酸液,技能石,
16347,51,450,防反,技能石,
16348,51,38,冥想,血脉,
16349,51,68,升龙咆哮,血脉,
16350,51,74,反击拳,血脉,
16351,51,176,掩护,血脉,
16352,51,192,星星撞击,血脉,
16353,51,234,水泡盾,血脉,
16354,51,258,溃烂触碰,血脉,
16355,51,268,火焰护盾,血脉,
16356,51,329,离子震荡,血脉,
16357,51,336,等价交换,血脉,
16358,51,380,虚化,血脉,
16359,51,391,虹光冲击,血脉,
16360,51,393,蜡质膜,血脉,
16361,51,416,跺地,血脉,
16362,51,460,集中,血脉,
16363,51,461,雪替身,血脉,
16364,51,475,风墙,血脉,
16365,51,488,魅惑,血脉,
16366,51,54,冲撞,默认,37
16367,51,58,刺盾,默认,50
16368,51,99,地陷,默认,47
16369,51,125,岩土暴击,默认,38
16370,51,244,泥巴喷射,默认,1
16371,51,313,石肤术,默认,6
16372,51,314,石锁,默认,35
16373,51,320,硬化,默认,21
16374,51,371,落石,默认,12
16375,51,395,血气,默认,41
16376,51,432,遁地,默认,36
16377,51,440,钧势,默认,10
16378,51,451,防御,默认,1
16379,51,457,陨石,默认,30
16380,51,470,音波弹,默认,8
16381,52,4,不动如山,技能石,
16382,52,62,力量增效,技能石,
16383,52,81,后发制人,技能石,
16384,52,92,嗜痛,技能石,
16385,52,98,地刺,技能石,
16386,52,108,复写,技能石,
16387,52,173,捧杀,技能石,
16388,52,189,无畏之心,技能石,
16389,52,212,棘刺,技能石,
16390,52,308,瘴气喷射,技能石,
16391,52,316,砂糖弹球,技能石,
16392,52,324,碰爪,技能石,
16393,52,361,腐化,技能石,
16394,52,362,腐蚀酸液,技能石,
16395,52,450,防反,技能石,
16396,52,38,冥想,血脉,
16397,52,68,升龙咆哮,血脉,
16398,52,74,反击拳,血脉,
16399,52,176,掩护,血脉,
16400,52,192,星星撞击,血脉,
16401,52,234,水泡盾,血脉,
16402,52,258,溃烂触碰,血脉,
16403,52,268,火焰护盾,血脉,
16404,52,329,离子震荡,血脉,
16405,52,336,等价交换,血脉,
16406,52,380,虚化,血脉,
16407,52,391,虹光冲击,血脉,
16408,52,393,蜡质膜,血脉,
16409,52,416,跺地,血脉,
16410,52,460,集中,血脉,
16411,52,461,雪替身,血脉,
16412,52,475,风墙,血脉,
16413,52,488,魅惑,血脉,
16414,52,54,冲撞,默认,40
16415,52,58,刺盾,默认,50
16416,52,99,地陷,默认,49
16417,52,125,岩土暴击,默认,41
16418,52,244,泥巴喷射,默认,1
16419,52,313,石肤术,默认,7
16420,52,314,石锁,默认,36
16421,52,320,硬化,默认,29
16422,52,371,落石,默认,21
16423,52,395,血气,默认,48
16424,52,432,遁地,默认,38
16425,52,440,钧势,默认,16
16426,52,451,防御,默认,1
16427,52,457,陨石,默认,35
16428,52,470,音波弹,默认,13
16429,49,4,不动如山,技能石,
16430,49,62,力量增效,技能石,
16431,49,81,后发制人,技能石,
16432,49,92,嗜痛,技能石,
16433,49,98,地刺,技能石,
16434,49,108,复写,技能石,
16435,49,173,捧杀,技能石,
16436,49,189,无畏之心,技能石,
16437,49,212,棘刺,技能石,
16438,49,308,瘴气喷射,技能石,
16439,49,316,砂糖弹球,技能石,
16440,49,324,碰爪,技能石,
16441,49,361,腐化,技能石,
16442,49,362,腐蚀酸液,技能石,
16443,49,450,防反,技能石,
16444,49,38,冥想,血脉,
16445,49,68,升龙咆哮,血脉,
16446,49,74,反击拳,血脉,
16447,49,176,掩护,血脉,
16448,49,192,星星撞击,血脉,
16449,49,234,水泡盾,血脉,
16450,49,258,溃烂触碰,血脉,
16451,49,268,火焰护盾,血脉,
16452,49,329,离子震荡,血脉,
16453,49,336,等价交换,血脉,
16454,49,380,虚化,血脉,
16455,49,391,虹光冲击,血脉,
16456,49,393,蜡质膜,血脉,
16457,49,416,跺地,血脉,
16458,49,460,集中,血脉,
16459,49,461,雪替身,血脉,
16460,49,475,风墙,血脉,
16461,49,488,魅惑,血脉,
16462,49,54,冲撞,默认,37
16463,49,58,刺盾,默认,50
16464,49,99,地陷,默认,47
16465,49,125,岩土暴击,默认,38
16466,49,244,泥巴喷射,默认,1
16467,49,313,石肤术,默认,6
16468,49,314,石锁,默认,35
16469,49,320,硬化,默认,21
16470,49,371,落石,默认,12
16471,49,395,血气,默认,41
16472,49,432,遁地,默认,36
16473,49,440,钧势,默认,10
16474,49,451,防御,默认,1
16475,49,457,陨石,默认,30
16476,49,470,音波弹,默认,8
16477,50,4,不动如山,技能石,
16478,50,62,力量增效,技能石,
16479,50,81,后发制人,技能石,
16480,50,92,嗜痛,技能石,
16481,50,98,地刺,技能石,
16482,50,108,复写,技能石,
16483,50,173,捧杀,技能石,
16484,50,189,无畏之心,技能石,
16485,50,212,棘刺,技能石,
16486,50,308,瘴气喷射,技能石,
16487,50,316,砂糖弹球,技能石,
16488,50,324,碰爪,技能石,
16489,50,361,腐化,技能石,
16490,50,362,腐蚀酸液,技能石,
16491,50,450,防反,技能石,
16492,50,38,冥想,血脉,
16493,50,68,升龙咆哮,血脉,
16494,50,74,反击拳,血脉,
16495,50,176,掩护,血脉,
16496,50,192,星星撞击,血脉,
16497,50,234,水泡盾,血脉,
16498,50,258,溃烂触碰,血脉,
16499,50,268,火焰护盾,血脉,
16500,50,329,离子震荡,血脉,
16501,50,336,等价交换,血脉,
16502,50,380,虚化,血脉,
16503,50,391,虹光冲击,血脉,
16504,50,393,蜡质膜,血脉,
16505,50,416,跺地,血脉,
16506,50,460,集中,血脉,
16507,50,461,雪替身,血脉,
16508,50,475,风墙,血脉,
16509,50,488,魅惑,血脉,
16510,50,54,冲撞,默认,40
16511,50,58,刺盾,默认,50
16512,50,99,地陷,默认,49
16513,50,125,岩土暴击,默认,41
16514,50,244,泥巴喷射,默认,1
16515,50,313,石肤术,默认,7
16516,50,314,石锁,默认,36
16517,50,320,硬化,默认,29
16518,50,371,落石,默认,21
16519,50,395,血气,默认,48
16520,50,432,遁地,默认,38
16521,50,440,钧势,默认,16
16522,50,451,防御,默认,1
16523,50,457,陨石,默认,35
16524,50,470,音波弹,默认,13
16525,181,6,丢冰块,技能石,
16526,181,44,冰捆缚,技能石,
16527,181,62,力量增效,技能石,
16528,181,76,取念,技能石,
16529,181,82,吓退,技能石,
16530,181,100,地震,技能石,
16531,181,119,寒风吹,技能石,
16532,181,195,晒太阳,技能石,
16533,181,212,棘刺,技能石,
16534,181,246,泥浆铠甲,技能石,
16535,181,312,瞬间零度,技能石,
16536,181,313,石肤术,技能石,
16537,181,339,精神扰乱,技能石,
16538,181,352,聒噪,技能石,
16539,181,455,降灵,技能石,
16540,181,491,魔能爆,技能石,
16541,181,18,休息回复,血脉,
16542,181,27,假寐,血脉,
16543,181,67,化劲,血脉,
16544,181,68,升龙咆哮,血脉,
16545,181,91,啮合传递,血脉,
16546,181,132,引燃,血脉,
16547,181,139,徒长,血脉,
16548,181,217,毒孢子,血脉,
16549,181,273,灵媒,血脉,
16550,181,297,甜心续航,血脉,
16551,181,346,羽化加速,血脉,
16552,181,375,蓄水,血脉,
16553,181,391,虹光冲击,血脉,
16554,181,404,贪婪,血脉,
16555,181,413,超维投射,血脉,
16556,181,416,跺地,血脉,
16557,181,468,霜降,血脉,
16558,181,496,麻痹,血脉,
16559,181,4,不动如山,默认,22
16560,181,66,勾魂,默认,1
16561,181,93,嘲弄,默认,10
16562,181,125,岩土暴击,默认,43
16563,181,128,幻象,默认,11
16564,181,130,幽灵爆发,默认,40
16565,181,147,恶作剧,默认,39
16566,181,241,沙涌,默认,35
16567,181,244,泥巴喷射,默认,5
16568,181,249,流沙,默认,41
16569,181,334,穿膛,默认,36
16570,181,440,钧势,默认,17
16571,181,451,防御,默认,1
16572,181,457,陨石,默认,29
16573,181,487,鬼火,默认,1
16574,47,4,不动如山,技能石,
16575,47,62,力量增效,技能石,
16576,47,81,后发制人,技能石,
16577,47,92,嗜痛,技能石,
16578,47,98,地刺,技能石,
16579,47,108,复写,技能石,
16580,47,173,捧杀,技能石,
16581,47,189,无畏之心,技能石,
16582,47,212,棘刺,技能石,
16583,47,308,瘴气喷射,技能石,
16584,47,316,砂糖弹球,技能石,
16585,47,324,碰爪,技能石,
16586,47,361,腐化,技能石,
16587,47,362,腐蚀酸液,技能石,
16588,47,450,防反,技能石,
16589,47,38,冥想,血脉,
16590,47,68,升龙咆哮,血脉,
16591,47,74,反击拳,血脉,
16592,47,176,掩护,血脉,
16593,47,192,星星撞击,血脉,
16594,47,234,水泡盾,血脉,
16595,47,258,溃烂触碰,血脉,
16596,47,268,火焰护盾,血脉,
16597,47,329,离子震荡,血脉,
16598,47,336,等价交换,血脉,
16599,47,380,虚化,血脉,
16600,47,391,虹光冲击,血脉,
16601,47,393,蜡质膜,血脉,
16602,47,416,跺地,血脉,
16603,47,460,集中,血脉,
16604,47,461,雪替身,血脉,
16605,47,475,风墙,血脉,
16606,47,488,魅惑,血脉,
16607,47,54,冲撞,默认,37
16608,47,58,刺盾,默认,50
16609,47,99,地陷,默认,47
16610,47,125,岩土暴击,默认,38
16611,47,244,泥巴喷射,默认,1
16612,47,313,石肤术,默认,6
16613,47,314,石锁,默认,35
16614,47,320,硬化,默认,21
16615,47,371,落石,默认,12
16616,47,395,血气,默认,41
16617,47,432,遁地,默认,36
16618,47,440,钧势,默认,10
16619,47,451,防御,默认,1
16620,47,457,陨石,默认,30
16621,47,470,音波弹,默认,8
16622,48,4,不动如山,技能石,
16623,48,62,力量增效,技能石,
16624,48,81,后发制人,技能石,
16625,48,92,嗜痛,技能石,
16626,48,98,地刺,技能石,
16627,48,108,复写,技能石,
16628,48,173,捧杀,技能石,
16629,48,189,无畏之心,技能石,
16630,48,212,棘刺,技能石,
16631,48,308,瘴气喷射,技能石,
16632,48,316,砂糖弹球,技能石,
16633,48,324,碰爪,技能石,
16634,48,361,腐化,技能石,
16635,48,362,腐蚀酸液,技能石,
16636,48,450,防反,技能石,
16637,48,38,冥想,血脉,
16638,48,68,升龙咆哮,血脉,
16639,48,74,反击拳,血脉,
16640,48,176,掩护,血脉,
16641,48,192,星星撞击,血脉,
16642,48,234,水泡盾,血脉,
16643,48,258,溃烂触碰,血脉,
16644,48,268,火焰护盾,血脉,
16645,48,329,离子震荡,血脉,
16646,48,336,等价交换,血脉,
16647,48,380,虚化,血脉,
16648,48,391,虹光冲击,血脉,
16649,48,393,蜡质膜,血脉,
16650,48,416,跺地,血脉,
16651,48,460,集中,血脉,
16652,48,461,雪替身,血脉,
16653,48,475,风墙,血脉,
16654,48,488,魅惑,血脉,
16655,48,54,冲撞,默认,40
16656,48,58,刺盾,默认,50
16657,48,99,地陷,默认,49
16658,48,125,岩土暴击,默认,41
16659,48,244,泥巴喷射,默认,1
16660,48,313,石肤术,默认,7
16661,48,314,石锁,默认,36
16662,48,320,硬化,默认,29
16663,48,371,落石,默认,21
16664,48,395,血气,默认,48
16665,48,432,遁地,默认,38
16666,48,440,钧势,默认,16
16667,48,451,防御,默认,1
16668,48,457,陨石,默认,35
16669,48,470,音波弹,默认,13
16670,70,29,偷袭,技能石,
16671,70,81,后发制人,技能石,
16672,70,92,嗜痛,技能石,
16673,70,108,复写,技能石,
16674,70,111,天光,技能石,
16675,70,351,耀眼,技能石,
16676,70,395,血气,技能石,
16677,70,429,逆袭,技能石,
16678,70,432,遁地,技能石,
16679,70,442,锐利眼神,技能石,
16680,70,450,防反,技能石,
16681,70,451,防御,技能石,
16682,70,465,震击,技能石,
16683,70,38,冥想,血脉,
16684,70,68,升龙咆哮,血脉,
16685,70,74,反击拳,血脉,
16686,70,123,尾后针,血脉,
16687,70,164,折线冲击,血脉,
16688,70,192,星星撞击,血脉,
16689,70,234,水泡盾,血脉,
16690,70,244,泥巴喷射,血脉,
16691,70,258,溃烂触碰,血脉,
16692,70,268,火焰护盾,血脉,
16693,70,329,离子震荡,血脉,
16694,70,336,等价交换,血脉,
16695,70,380,虚化,血脉,
16696,70,393,蜡质膜,血脉,
16697,70,460,集中,血脉,
16698,70,461,雪替身,血脉,
16699,70,475,风墙,血脉,
16700,70,488,魅惑,血脉,
16701,70,98,地刺,默认,49
16702,70,107,壁垒,默认,33
16703,70,160,扬沙,默认,34
16704,70,245,泥浆,默认,12
16705,70,254,淤泥表皮,默认,6
16706,70,260,漫反射,默认,17
16707,70,360,脉冲光线,默认,1
16708,70,374,蓄势待发,默认,26
16709,70,416,跺地,默认,38
16710,70,430,透射,默认,25
16711,70,444,镜像反射,默认,40
16712,70,446,闪光冲击,默认,48
16713,70,470,音波弹,默认,44
16714,70,489,魔法增效,默认,1
16715,257,10,乘胜追击,技能石,
16716,257,25,倾泻,技能石,
16717,257,29,偷袭,技能石,
16718,257,32,光之矛,技能石,
16719,257,67,化劲,技能石,
16720,257,71,双响炮,技能石,
16721,257,108,复写,技能石,
16722,257,177,提气,技能石,
16723,257,201,有效预防,技能石,
16724,257,260,漫反射,技能石,
16725,257,285,热身运动,技能石,
16726,257,343,缠丝劲,技能石,
16727,257,423,连续爪击,技能石,
16728,257,442,锐利眼神,技能石,
16729,257,47,冰爪,血脉,
16730,257,68,升龙咆哮,血脉,
16731,257,74,反击拳,血脉,
16732,257,94,噬心,血脉,
16733,257,150,恶能量,血脉,
16734,257,164,折线冲击,血脉,
16735,257,191,星云漩涡,血脉,
16736,257,211,械斗,血脉,
16737,257,218,毒沼,血脉,
16738,257,242,泡沫,血脉,
16739,257,266,火焰冲锋,血脉,
16740,257,273,灵媒,血脉,
16741,257,294,猛烈撞击,血脉,
16742,257,296,球状闪电,血脉,
16743,257,324,碰爪,血脉,
16744,257,365,花香,血脉,
16745,257,416,跺地,血脉,
16746,257,476,风矢,血脉,
16747,257,2,三连破,默认,38
16748,257,11,乘风,默认,12
16749,257,90,啄击,默认,1
16750,257,142,快速移动,默认,44
16751,257,155,扇风,默认,35
16752,257,305,疾风刺,默认,5
16753,257,345,羽刃,默认,48
16754,257,346,羽化加速,默认,33
16755,257,397,见招拆招,默认,26
16756,257,447,闪击,默认,41
16757,257,451,防御,默认,21
16758,257,482,飞羽,默认,1
16759,257,502,龙卷风,默认,49
16760,258,10,乘胜追击,技能石,
16761,258,25,倾泻,技能石,
16762,258,29,偷袭,技能石,
16763,258,32,光之矛,技能石,
16764,258,67,化劲,技能石,
16765,258,71,双响炮,技能石,
16766,258,108,复写,技能石,
16767,258,177,提气,技能石,
16768,258,201,有效预防,技能石,
16769,258,260,漫反射,技能石,
16770,258,285,热身运动,技能石,
16771,258,343,缠丝劲,技能石,
16772,258,423,连续爪击,技能石,
16773,258,442,锐利眼神,技能石,
16774,258,47,冰爪,血脉,
16775,258,68,升龙咆哮,血脉,
16776,258,74,反击拳,血脉,
16777,258,94,噬心,血脉,
16778,258,150,恶能量,血脉,
16779,258,164,折线冲击,血脉,
16780,258,191,星云漩涡,血脉,
16781,258,211,械斗,血脉,
16782,258,218,毒沼,血脉,
16783,258,242,泡沫,血脉,
16784,258,266,火焰冲锋,血脉,
16785,258,273,灵媒,血脉,
16786,258,294,猛烈撞击,血脉,
16787,258,296,球状闪电,血脉,
16788,258,324,碰爪,血脉,
16789,258,365,花香,血脉,
16790,258,416,跺地,血脉,
16791,258,476,风矢,血脉,
16792,258,2,三连破,默认,35
16793,258,11,乘风,默认,3
16794,258,90,啄击,默认,1
16795,258,142,快速移动,默认,41
16796,258,155,扇风,默认,31
16797,258,305,疾风刺,默认,1
16798,258,345,羽刃,默认,43
16799,258,346,羽化加速,默认,28
16800,258,397,见招拆招,默认,13
16801,258,447,闪击,默认,36
16802,258,451,防御,默认,6
16803,258,482,飞羽,默认,1
16804,258,502,龙卷风,默认,49
16805,180,44,冰捆缚,技能石,
16806,180,119,寒风吹,技能石,
16807,180,142,快速移动,技能石,
16808,180,204,极寒领域,技能石,
16809,180,251,消毒法,技能石,
16810,180,252,涌泉,技能石,
16811,180,285,热身运动,技能石,
16812,180,335,突袭,技能石,
16813,180,389,虫蛊,技能石,
16814,180,405,贮藏,技能石,
16815,180,426,追打,技能石,
16816,180,451,防御,技能石,
16817,180,477,风起,技能石,
16818,180,47,冰爪,血脉,
16819,180,68,升龙咆哮,血脉,
16820,180,123,尾后针,血脉,
16821,180,192,星星撞击,血脉,
16822,180,218,毒沼,血脉,
16823,180,232,水弹枪,血脉,
16824,180,270,火爪,血脉,
16825,180,273,灵媒,血脉,
16826,180,325,磁干扰,血脉,
16827,180,329,离子震荡,血脉,
16828,180,367,荆棘爪,血脉,
16829,180,391,虹光冲击,血脉,
16830,180,406,贯手,血脉,
16831,180,416,跺地,血脉,
16832,180,437,针状物,血脉,
16833,180,476,风矢,血脉,
16834,180,488,魅惑,血脉,
16835,180,497,黑手,血脉,
16836,180,24,借用,默认,28
16837,180,97,回旋风暴,默认,13
16838,180,113,天洪,默认,49
16839,180,156,打湿,默认,21
16840,180,236,水炮,默认,41
16841,180,238,水花四溅,默认,5
16842,180,299,甩水,默认,1
16843,180,309,盐水浴,默认,47
16844,180,350,翼击,默认,35
16845,180,359,能量炮,默认,24
16846,180,372,落雨,默认,36
16847,180,478,风隐,默认,7
16848,180,489,魔法增效,默认,1
16849,186,13,二律背反,技能石,
16850,186,76,取念,技能石,
16851,186,93,嘲弄,技能石,
16852,186,95,四维降解,技能石,
16853,186,109,多维击打,技能石,
16854,186,131,应激反应,技能石,
16855,186,141,心灵洞悉,技能石,
16856,186,147,恶作剧,技能石,
16857,186,195,晒太阳,技能石,
16858,186,272,灵光,技能石,
16859,186,273,灵媒,技能石,
16860,186,333,空间压迫,技能石,
16861,186,374,蓄势待发,技能石,
16862,186,413,超维投射,技能石,
16863,186,451,防御,技能石,
16864,186,498,鼓劲,技能石,
16865,186,27,假寐,血脉,
16866,186,66,勾魂,血脉,
16867,186,67,化劲,血脉,
16868,186,68,升龙咆哮,血脉,
16869,186,91,啮合传递,血脉,
16870,186,132,引燃,血脉,
16871,186,139,徒长,血脉,
16872,186,143,念力膨胀,血脉,
16873,186,192,星星撞击,血脉,
16874,186,217,毒孢子,血脉,
16875,186,297,甜心续航,血脉,
16876,186,346,羽化加速,血脉,
16877,186,375,蓄水,血脉,
16878,186,391,虹光冲击,血脉,
16879,186,404,贪婪,血脉,
16880,186,416,跺地,血脉,
16881,186,468,霜降,血脉,
16882,186,496,麻痹,血脉,
16883,186,4,不动如山,默认,21
16884,186,28,偷师,默认,1
16885,186,62,力量增效,默认,16
16886,186,101,坍缩,默认,35
16887,186,165,抛石,默认,42
16888,186,193,星轨裂变,默认,1
16889,186,241,沙涌,默认,39
16890,186,246,泥浆铠甲,默认,44
16891,186,249,流沙,默认,40
16892,186,283,热砂,默认,4
16893,186,320,硬化,默认,1
16894,186,371,落石,默认,11
16895,186,411,超新星馈赠,默认,30
16896,186,440,钧势,默认,36
16897,186,457,陨石,默认,26
16898,186,489,魔法增效,默认,9
16899,412,8,主场优势,技能石,
16900,412,25,倾泻,技能石,
16901,412,29,偷袭,技能石,
16902,412,38,冥想,技能石,
16903,412,62,力量增效,技能石,
16904,412,72,双星,技能石,
16905,412,76,取念,技能石,
16906,412,82,吓退,技能石,
16907,412,83,吞噬,技能石,
16908,412,92,嗜痛,技能石,
16909,412,93,嘲弄,技能石,
16910,412,151,惊吓盒子,技能石,
16911,412,223,气势一击,技能石,
16912,412,338,粒子对撞,技能石,
16913,412,395,血气,技能石,
16914,412,68,升龙咆哮,血脉,
16915,412,74,反击拳,血脉,
16916,412,176,掩护,血脉,
16917,412,211,械斗,血脉,
16918,412,234,水泡盾,血脉,
16919,412,254,淤泥表皮,血脉,
16920,412,258,溃烂触碰,血脉,
16921,412,268,火焰护盾,血脉,
16922,412,273,灵媒,血脉,
16923,412,336,等价交换,血脉,
16924,412,391,虹光冲击,血脉,
16925,412,393,蜡质膜,血脉,
16926,412,413,超维投射,血脉,
16927,412,450,防反,血脉,
16928,412,460,集中,血脉,
16929,412,461,雪替身,血脉,
16930,412,475,风墙,血脉,
16931,412,480,飞吻,血脉,
16932,412,61,力量吞噬,默认,24
16933,412,66,勾魂,默认,1
16934,412,102,坟场搏击,默认,35
16935,412,128,幻象,默认,22
16936,412,173,捧杀,默认,39
16937,412,189,无畏之心,默认,48
16938,412,297,甜心续航,默认,2
16939,412,316,砂糖弹球,默认,47
16940,412,357,能量刃,默认,17
16941,412,380,虚化,默认,34
16942,412,402,诋毁,默认,7
16943,412,403,诡刺,默认,1
16944,412,412,超级糖果,默认,30
16945,412,451,防御,默认,12
16946,412,455,降灵,默认,36
16947,412,469,鞭打,默认,1
16948,458,20,伪造账单,技能石,
16949,458,25,倾泻,技能石,
16950,458,76,取念,技能石,
16951,458,109,多维击打,技能石,
16952,458,144,怒火,技能石,
16953,458,170,持续高温,技能石,
16954,458,175,掠夺,技能石,
16955,458,190,易燃物质,技能石,
16956,458,281,烈焰风暴,技能石,
16957,458,335,突袭,技能石,
16958,458,339,精神扰乱,技能石,
16959,458,414,跌落,技能石,
16960,458,453,阳火增辉,技能石,
16961,458,454,阻断,技能石,
16962,458,55,冷风,血脉,
16963,458,68,升龙咆哮,血脉,
16964,458,94,噬心,血脉,
16965,458,150,恶能量,血脉,
16966,458,160,扬沙,血脉,
16967,458,169,拍击,血脉,
16968,458,191,星云漩涡,血脉,
16969,458,242,泡沫,血脉,
16970,458,258,溃烂触碰,血脉,
16971,458,266,火焰冲锋,血脉,
16972,458,296,球状闪电,血脉,
16973,458,329,离子震荡,血脉,
16974,458,343,缠丝劲,血脉,
16975,458,365,花香,血脉,
16976,458,391,虹光冲击,血脉,
16977,458,487,鬼火,血脉,
16978,458,488,魅惑,血脉,
16979,458,495,鹰爪,血脉,
16980,458,66,勾魂,默认,6
16981,458,93,嘲弄,默认,28
16982,458,130,幽灵爆发,默认,23
16983,458,142,快速移动,默认,50
16984,458,151,惊吓盒子,默认,49
16985,458,195,晒太阳,默认,22
16986,458,272,灵光,默认,9
16987,458,273,灵媒,默认,1
16988,458,356,背袭,默认,35
16989,458,451,防御,默认,1
16990,458,455,降灵,默认,48
16991,458,471,音爆,默认,16
16992,458,489,魔法增效,默认,11
16993,455,25,倾泻,技能石,
16994,455,32,光之矛,技能石,
16995,455,62,力量增效,技能石,
16996,455,104,埋伏,技能石,
16997,455,108,复写,技能石,
16998,455,123,尾后针,技能石,
16999,455,149,恶意逃离,技能石,
17000,455,263,激怒,技能石,
17001,455,285,热身运动,技能石,
17002,455,362,腐蚀酸液,技能石,
17003,455,381,虫击,技能石,
17004,455,387,虫群过境,技能石,
17005,455,390,虫鸣,技能石,
17006,455,422,连续毒针,技能石,
17007,455,423,连续爪击,技能石,
17008,455,451,防御,技能石,
17009,455,454,阻断,技能石,
17010,455,458,隐藏条款,技能石,
17011,455,55,冷风,血脉,
17012,455,68,升龙咆哮,血脉,
17013,455,94,噬心,血脉,
17014,455,128,幻象,血脉,
17015,455,160,扬沙,血脉,
17016,455,164,折线冲击,血脉,
17017,455,169,拍击,血脉,
17018,455,191,星云漩涡,血脉,
17019,455,242,泡沫,血脉,
17020,455,258,溃烂触碰,血脉,
17021,455,266,火焰冲锋,血脉,
17022,455,296,球状闪电,血脉,
17023,455,329,离子震荡,血脉,
17024,455,343,缠丝劲,血脉,
17025,455,365,花香,血脉,
17026,455,402,诋毁,血脉,
17027,455,488,魅惑,血脉,
17028,455,495,鹰爪,血脉,
17029,455,31,先发制人,默认,36
17030,455,33,光刃,默认,40
17031,455,35,光球,默认,29
17032,455,61,力量吞噬,默认,30
17033,455,197,暗箱操作,默认,37
17034,455,260,漫反射,默认,26
17035,455,275,灾厄,默认,43
17036,455,293,牵连,默认,41
17037,455,394,蝙蝠,默认,17
17038,455,404,贪婪,默认,11
17039,455,414,跌落,默认,46
17040,455,419,过曝,默认,38
17041,455,424,迫害,默认,1
17042,455,489,魔法增效,默认,1
17043,455,497,黑手,默认,5
17044,392,108,复写,技能石,
17045,392,195,晒太阳,技能石,
17046,392,201,有效预防,技能石,
17047,392,297,甜心续航,技能石,
17048,392,300,电弧,技能石,
17049,392,302,电磁偏转,技能石,
17050,392,327,示弱,技能石,
17051,392,339,精神扰乱,技能石,
17052,392,412,超级糖果,技能石,
17053,392,420,过载回路,技能石,
17054,392,450,防反,技能石,
17055,392,469,鞭打,技能石,
17056,392,496,麻痹,技能石,
17057,392,18,休息回复,血脉,
17058,392,27,假寐,血脉,
17059,392,66,勾魂,血脉,
17060,392,67,化劲,血脉,
17061,392,68,升龙咆哮,血脉,
17062,392,132,引燃,血脉,
17063,392,139,徒长,血脉,
17064,392,217,毒孢子,血脉,
17065,392,246,泥浆铠甲,血脉,
17066,392,296,球状闪电,血脉,
17067,392,346,羽化加速,血脉,
17068,392,375,蓄水,血脉,
17069,392,404,贪婪,血脉,
17070,392,413,超维投射,血脉,
17071,392,430,透射,血脉,
17072,392,435,金属噪音,血脉,
17073,392,468,霜降,血脉,
17074,392,480,飞吻,血脉,
17075,392,8,主场优势,默认,34
17076,392,31,先发制人,默认,4
17077,392,62,力量增效,默认,21
17078,392,91,啮合传递,默认,6
17079,392,131,应激反应,默认,50
17080,392,203,杠杆置换,默认,1
17081,392,211,械斗,默认,1
17082,392,353,联动装置,默认,38
17083,392,397,见招拆招,默认,39
17084,392,418,轴承支撑,默认,32
17085,392,439,钢铁洪流,默认,23
17086,392,451,防御,默认,1
17087,392,500,齿轮扭矩,默认,12
17088,129,29,偷袭,技能石,
17089,129,73,双联脉冲,技能石,
17090,129,76,取念,技能石,
17091,129,82,吓退,技能石,
17092,129,115,孢子,技能石,
17093,129,118,富养化,技能石,
17094,129,179,撒娇,技能石,
17095,129,200,月光合奏,技能石,
17096,129,285,热身运动,技能石,
17097,129,324,碰爪,技能石,
17098,129,340,纤维化,技能石,
17099,129,351,耀眼,技能石,
17100,129,395,血气,技能石,
17101,129,399,触底强击,技能石,
17102,129,433,酶浓度调整,技能石,
17103,129,450,防反,技能石,
17104,129,491,魔能爆,技能石,
17105,129,38,冥想,血脉,
17106,129,68,升龙咆哮,血脉,
17107,129,74,反击拳,血脉,
17108,129,176,掩护,血脉,
17109,129,192,星星撞击,血脉,
17110,129,234,水泡盾,血脉,
17111,129,254,淤泥表皮,血脉,
17112,129,258,溃烂触碰,血脉,
17113,129,268,火焰护盾,血脉,
17114,129,329,离子震荡,血脉,
17115,129,336,等价交换,血脉,
17116,129,380,虚化,血脉,
17117,129,391,虹光冲击,血脉,
17118,129,393,蜡质膜,血脉,
17119,129,400,触电,血脉,
17120,129,461,雪替身,血脉,
17121,129,475,风墙,血脉,
17122,129,488,魅惑,血脉,
17123,129,31,先发制人,默认,8
17124,129,63,加固,默认,1
17125,129,134,强制重启,默认,36
17126,129,153,感电,默认,11
17127,129,296,球状闪电,默认,1
17128,129,302,电磁偏转,默认,34
17129,129,303,电离爆破,默认,17
17130,129,373,落雷,默认,27
17131,129,421,远程访问,默认,9
17132,129,448,闪击折返,默认,33
17133,129,451,防御,默认,1
17134,129,460,集中,默认,23
17135,129,498,鼓劲,默认,30
17136,466,24,借用,技能石,
17137,466,82,吓退,技能石,
17138,466,92,嗜痛,技能石,
17139,466,183,操控,技能石,
17140,466,195,晒太阳,技能石,
17141,466,250,流火,技能石,
17142,466,277,炎打,技能石,
17143,466,284,热身,技能石,
17144,466,339,精神扰乱,技能石,
17145,466,18,休息回复,血脉,
17146,466,27,假寐,血脉,
17147,466,66,勾魂,血脉,
17148,466,67,化劲,血脉,
17149,466,68,升龙咆哮,血脉,
17150,466,91,啮合传递,血脉,
17151,466,132,引燃,血脉,
17152,466,139,徒长,血脉,
17153,466,143,念力膨胀,血脉,
17154,466,217,毒孢子,血脉,
17155,466,246,泥浆铠甲,血脉,
17156,466,297,甜心续航,血脉,
17157,466,346,羽化加速,血脉,
17158,466,375,蓄水,血脉,
17159,466,391,虹光冲击,血脉,
17160,466,404,贪婪,血脉,
17161,466,468,霜降,血脉,
17162,466,496,麻痹,血脉,
17163,466,13,二律背反,默认,32
17164,466,101,坍缩,默认,13
17165,466,109,多维击打,默认,25
17166,466,110,大爆炸,默认,6
17167,466,169,拍击,默认,1
17168,466,193,星轨裂变,默认,1
17169,466,413,超维投射,默认,17
17170,466,451,防御,默认,1
17171,466,489,魔法增效,默认,8
17172,461,13,二律背反,技能石,
17173,461,24,借用,技能石,
17174,461,64,加大功率,技能石,
17175,461,82,吓退,技能石,
17176,461,101,坍缩,技能石,
17177,461,111,天光,技能石,
17178,461,131,应激反应,技能石,
17179,461,141,心灵洞悉,技能石,
17180,461,142,快速移动,技能石,
17181,461,195,晒太阳,技能石,
17182,461,339,精神扰乱,技能石,
17183,461,352,聒噪,技能石,
17184,461,451,防御,技能石,
17185,461,27,假寐,血脉,
17186,461,66,勾魂,血脉,
17187,461,67,化劲,血脉,
17188,461,68,升龙咆哮,血脉,
17189,461,91,啮合传递,血脉,
17190,461,132,引燃,血脉,
17191,461,139,徒长,血脉,
17192,461,143,念力膨胀,血脉,
17193,461,192,星星撞击,血脉,
17194,461,217,毒孢子,血脉,
17195,461,246,泥浆铠甲,血脉,
17196,461,297,甜心续航,血脉,
17197,461,346,羽化加速,血脉,
17198,461,375,蓄水,血脉,
17199,461,391,虹光冲击,血脉,
17200,461,400,触电,血脉,
17201,461,404,贪婪,血脉,
17202,461,468,霜降,血脉,
17203,461,110,大爆炸,默认,25
17204,461,153,感电,默认,21
17205,461,193,星轨裂变,默认,1
17206,461,257,湮灭,默认,47
17207,461,302,电磁偏转,默认,4
17208,461,373,落雷,默认,35
17209,461,409,超导,默认,1
17210,461,413,超维投射,默认,39
17211,461,420,过载回路,默认,23
17212,461,421,远程访问,默认,31
17213,461,437,针状物,默认,8
17214,461,489,魔法增效,默认,11
17215,461,496,麻痹,默认,48
17216,467,24,借用,技能石,
17217,467,82,吓退,技能石,
17218,467,92,嗜痛,技能石,
17219,467,115,孢子,技能石,
17220,467,142,快速移动,技能石,
17221,467,183,操控,技能石,
17222,467,195,晒太阳,技能石,
17223,467,235,水波术,技能石,
17224,467,250,流火,技能石,
17225,467,277,炎打,技能石,
17226,467,284,热身,技能石,
17227,467,339,精神扰乱,技能石,
17228,467,362,腐蚀酸液,技能石,
17229,467,18,休息回复,血脉,
17230,467,27,假寐,血脉,
17231,467,66,勾魂,血脉,
17232,467,67,化劲,血脉,
17233,467,68,升龙咆哮,血脉,
17234,467,91,啮合传递,血脉,
17235,467,132,引燃,血脉,
17236,467,139,徒长,血脉,
17237,467,143,念力膨胀,血脉,
17238,467,217,毒孢子,血脉,
17239,467,246,泥浆铠甲,血脉,
17240,467,297,甜心续航,血脉,
17241,467,346,羽化加速,血脉,
17242,467,375,蓄水,血脉,
17243,467,391,虹光冲击,血脉,
17244,467,404,贪婪,血脉,
17245,467,468,霜降,血脉,
17246,467,496,麻痹,血脉,
17247,467,13,二律背反,默认,32
17248,467,21,伺机而动,默认,49
17249,467,101,坍缩,默认,13
17250,467,109,多维击打,默认,25
17251,467,110,大爆炸,默认,6
17252,467,141,心灵洞悉,默认,50
17253,467,169,拍击,默认,1
17254,467,193,星轨裂变,默认,1
17255,467,411,超新星馈赠,默认,34
17256,467,413,超维投射,默认,17
17257,467,451,防御,默认,1
17258,467,471,音爆,默认,48
17259,467,489,魔法增效,默认,8
17260,155,2,三连破,技能石,
17261,155,57,击鼓传花,技能石,
17262,155,76,取念,技能石,
17263,155,78,叠势,技能石,
17264,155,142,快速移动,技能石,
17265,155,177,提气,技能石,
17266,155,179,撒娇,技能石,
17267,155,195,晒太阳,技能石,
17268,155,197,暗箱操作,技能石,
17269,155,200,月光合奏,技能石,
17270,155,201,有效预防,技能石,
17271,155,285,热身运动,技能石,
17272,155,297,甜心续航,技能石,
17273,155,317,破绽,技能石,
17274,155,343,缠丝劲,技能石,
17275,155,480,飞吻,技能石,
17276,155,18,休息回复,血脉,
17277,155,27,假寐,血脉,
17278,155,66,勾魂,血脉,
17279,155,67,化劲,血脉,
17280,155,68,升龙咆哮,血脉,
17281,155,91,啮合传递,血脉,
17282,155,132,引燃,血脉,
17283,155,139,徒长,血脉,
17284,155,217,毒孢子,血脉,
17285,155,232,水弹枪,血脉,
17286,155,246,泥浆铠甲,血脉,
17287,155,346,羽化加速,血脉,
17288,155,391,虹光冲击,血脉,
17289,155,402,诋毁,血脉,
17290,155,413,超维投射,血脉,
17291,155,468,霜降,血脉,
17292,155,488,魅惑,血脉,
17293,155,496,麻痹,血脉,
17294,155,20,伪造账单,默认,38
17295,155,62,力量增效,默认,28
17296,155,88,咆哮,默认,13
17297,155,149,恶意逃离,默认,50
17298,155,175,掠夺,默认,6
17299,155,180,撕咬,默认,48
17300,155,215,欺诈契约,默认,41
17301,155,336,等价交换,默认,35
17302,155,394,蝙蝠,默认,36
17303,155,404,贪婪,默认,1
17304,155,451,防御,默认,1
17305,155,458,隐藏条款,默认,46
17306,155,470,音波弹,默认,22
17307,155,490,魔爪,默认,1
17308,155,497,黑手,默认,40
17309,483,2,三连破,技能石,
17310,483,12,乱打,技能石,
17311,483,21,伺机而动,技能石,
17312,483,32,光之矛,技能石,
17313,483,78,叠势,技能石,
17314,483,104,埋伏,技能石,
17315,483,108,复写,技能石,
17316,483,111,天光,技能石,
17317,483,142,快速移动,技能石,
17318,483,195,晒太阳,技能石,
17319,483,238,水花四溅,技能石,
17320,483,262,潮涌,技能石,
17321,483,285,热身运动,技能石,
17322,483,335,突袭,技能石,
17323,483,343,缠丝劲,技能石,
17324,483,423,连续爪击,技能石,
17325,483,502,龙卷风,技能石,
17326,483,47,冰爪,血脉,
17327,483,68,升龙咆哮,血脉,
17328,483,94,噬心,血脉,
17329,483,150,恶能量,血脉,
17330,483,160,扬沙,血脉,
17331,483,191,星云漩涡,血脉,
17332,483,192,星星撞击,血脉,
17333,483,218,毒沼,血脉,
17334,483,242,泡沫,血脉,
17335,483,266,火焰冲锋,血脉,
17336,483,273,灵媒,血脉,
17337,483,296,球状闪电,血脉,
17338,483,324,碰爪,血脉,
17339,483,365,花香,血脉,
17340,483,406,贯手,血脉,
17341,483,430,透射,血脉,
17342,483,435,金属噪音,血脉,
17343,483,476,风矢,血脉,
17344,483,11,乘风,默认,6
17345,483,22,俯冲,默认,49
17346,483,31,先发制人,默认,29
17347,483,83,吞噬,默认,44
17348,483,198,暴风眼,默认,43
17349,483,305,疾风刺,默认,23
17350,483,346,羽化加速,默认,35
17351,483,350,翼击,默认,34
17352,483,359,能量炮,默认,36
17353,483,397,见招拆招,默认,39
17354,483,442,锐利眼神,默认,26
17355,483,451,防御,默认,1
17356,483,470,音波弹,默认,12
17357,483,,飞箭,默认,46
17358,483,492,鸣叫,默认,1
17359,380,30,充分燃烧,技能石,
17360,380,108,复写,技能石,
17361,380,111,天光,技能石,
17362,380,131,应激反应,技能石,
17363,380,178,摇篮曲,技能石,
17364,380,189,无畏之心,技能石,
17365,380,195,晒太阳,技能石,
17366,380,260,漫反射,技能石,
17367,380,268,火焰护盾,技能石,
17368,380,281,烈焰风暴,技能石,
17369,380,298,生日蛋糕,技能石,
17370,380,427,退化,技能石,
17371,380,456,除厄,技能石,
17372,380,489,魔法增效,技能石,
17373,380,27,假寐,血脉,
17374,380,67,化劲,血脉,
17375,380,68,升龙咆哮,血脉,
17376,380,139,徒长,血脉,
17377,380,192,星星撞击,血脉,
17378,380,217,毒孢子,血脉,
17379,380,246,泥浆铠甲,血脉,
17380,380,269,火焰箭,血脉,
17381,380,273,灵媒,血脉,
17382,380,346,羽化加速,血脉,
17383,380,375,蓄水,血脉,
17384,380,391,虹光冲击,血脉,
17385,380,404,贪婪,血脉,
17386,380,413,超维投射,血脉,
17387,380,435,金属噪音,血脉,
17388,380,468,霜降,血脉,
17389,380,488,魅惑,血脉,
17390,380,496,麻痹,血脉,
17391,380,114,天火,默认,34
17392,380,132,引燃,默认,1
17393,380,179,撒娇,默认,17
17394,380,190,易燃物质,默认,49
17395,380,270,火爪,默认,2
17396,380,282,热气,默认,1
17397,380,288,焚烧烙印,默认,23
17398,380,292,爆裂飞弹,默认,50
17399,380,318,破罐破摔,默认,32
17400,380,327,示弱,默认,12
17401,380,407,赤子之心,默认,25
17402,380,451,防御,默认,10
17403,380,480,飞吻,默认,1
17404,381,30,充分燃烧,技能石,
17405,381,108,复写,技能石,
17406,381,111,天光,技能石,
17407,381,131,应激反应,技能石,
17408,381,178,摇篮曲,技能石,
17409,381,189,无畏之心,技能石,
17410,381,195,晒太阳,技能石,
17411,381,260,漫反射,技能石,
17412,381,268,火焰护盾,技能石,
17413,381,281,烈焰风暴,技能石,
17414,381,298,生日蛋糕,技能石,
17415,381,427,退化,技能石,
17416,381,456,除厄,技能石,
17417,381,489,魔法增效,技能石,
17418,381,27,假寐,血脉,
17419,381,67,化劲,血脉,
17420,381,68,升龙咆哮,血脉,
17421,381,139,徒长,血脉,
17422,381,192,星星撞击,血脉,
17423,381,217,毒孢子,血脉,
17424,381,246,泥浆铠甲,血脉,
17425,381,269,火焰箭,血脉,
17426,381,273,灵媒,血脉,
17427,381,346,羽化加速,血脉,
17428,381,375,蓄水,血脉,
17429,381,391,虹光冲击,血脉,
17430,381,404,贪婪,血脉,
17431,381,413,超维投射,血脉,
17432,381,435,金属噪音,血脉,
17433,381,468,霜降,血脉,
17434,381,488,魅惑,血脉,
17435,381,496,麻痹,血脉,
17436,381,114,天火,默认,34
17437,381,132,引燃,默认,1
17438,381,179,撒娇,默认,17
17439,381,190,易燃物质,默认,49
17440,381,270,火爪,默认,2
17441,381,282,热气,默认,1
17442,381,288,焚烧烙印,默认,23
17443,381,292,爆裂飞弹,默认,50
17444,381,318,破罐破摔,默认,32
17445,381,327,示弱,默认,12
17446,381,407,赤子之心,默认,25
17447,381,451,防御,默认,10
17448,381,480,飞吻,默认,1
17449,395,25,倾泻,技能石,
17450,395,108,复写,技能石,
17451,395,124,山火,技能石,
17452,395,142,快速移动,技能石,
17453,395,144,怒火,技能石,
17454,395,161,技巧打击,技能石,
17455,395,188,无影脚,技能石,
17456,395,195,晒太阳,技能石,
17457,395,198,暴风眼,技能石,
17458,395,244,泥巴喷射,技能石,
17459,395,290,爆冲,技能石,
17460,395,345,羽刃,技能石,
17461,395,350,翼击,技能石,
17462,395,371,落石,技能石,
17463,395,451,防御,技能石,
17464,395,476,风矢,技能石,
17465,395,55,冷风,血脉,
17466,395,68,升龙咆哮,血脉,
17467,395,94,噬心,血脉,
17468,395,128,幻象,血脉,
17469,395,150,恶能量,血脉,
17470,395,160,扬沙,血脉,
17471,395,169,拍击,血脉,
17472,395,191,星云漩涡,血脉,
17473,395,242,泡沫,血脉,
17474,395,258,溃烂触碰,血脉,
17475,395,269,火焰箭,血脉,
17476,395,296,球状闪电,血脉,
17477,395,329,离子震荡,血脉,
17478,395,365,花香,血脉,
17479,395,391,虹光冲击,血脉,
17480,395,406,贯手,血脉,
17481,395,488,魅惑,血脉,
17482,395,495,鹰爪,血脉,
17483,395,1,一拳,默认,50
17484,395,31,先发制人,默认,16
17485,395,62,力量增效,默认,1
17486,395,71,双响炮,默认,1
17487,395,96,回旋踢,默认,30
17488,395,154,截拳,默认,38
17489,395,177,提气,默认,23
17490,395,250,流火,默认,40
17491,395,266,火焰冲锋,默认,1
17492,395,267,火焰切割,默认,25
17493,395,277,炎打,默认,49
17494,395,284,热身,默认,33
17495,395,285,热身运动,默认,11
17496,395,288,焚烧烙印,默认,5
17497,395,343,缠丝劲,默认,10
17498,395,449,闪燃,默认,36
17499,395,486,高温回火,默认,35
17500,440,76,取念,技能石,
17501,440,131,应激反应,技能石,
17502,440,142,快速移动,技能石,
17503,440,155,扇风,技能石,
17504,440,178,摇篮曲,技能石,
17505,440,195,晒太阳,技能石,
17506,440,263,激怒,技能石,
17507,440,339,精神扰乱,技能石,
17508,440,383,虫结阵,技能石,
17509,440,405,贮藏,技能石,
17510,440,427,退化,技能石,
17511,440,451,防御,技能石,
17512,440,477,风起,技能石,
17513,440,481,飞断,技能石,
17514,440,489,魔法增效,技能石,
17515,440,492,鸣叫,技能石,
17516,440,18,休息回复,血脉,
17517,440,66,勾魂,血脉,
17518,440,67,化劲,血脉,
17519,440,68,升龙咆哮,血脉,
17520,440,91,啮合传递,血脉,
17521,440,123,尾后针,血脉,
17522,440,132,引燃,血脉,
17523,440,139,徒长,血脉,
17524,440,164,折线冲击,血脉,
17525,440,217,毒孢子,血脉,
17526,440,246,泥浆铠甲,血脉,
17527,440,346,羽化加速,血脉,
17528,440,375,蓄水,血脉,
17529,440,404,贪婪,血脉,
17530,440,413,超维投射,血脉,
17531,440,468,霜降,血脉,
17532,440,480,飞吻,血脉,
17533,440,496,麻痹,血脉,
17534,440,27,假寐,默认,1
17535,440,33,光刃,默认,44
17536,440,35,光球,默认,38
17537,440,62,力量增效,默认,24
17538,440,89,啃咬,默认,22
17539,440,172,捆缚,默认,14
17540,440,184,放晴,默认,41
17541,440,260,漫反射,默认,33
17542,440,360,脉冲光线,默认,1
17543,440,368,草虫冲击,默认,34
17544,440,370,落星,默认,25
17545,440,384,虫网,默认,8
17546,440,386,虫群智慧,默认,36
17547,440,390,虫鸣,默认,35
17548,440,391,虹光冲击,默认,42
17549,440,444,镜像反射,默认,6
17550,398,8,主场优势,技能石,
17551,398,75,反弹,技能石,
17552,398,76,取念,技能石,
17553,398,212,棘刺,技能石,
17554,398,241,沙涌,技能石,
17555,398,339,精神扰乱,技能石,
17556,398,407,赤子之心,技能石,
17557,398,427,退化,技能石,
17558,398,432,遁地,技能石,
17559,398,442,锐利眼神,技能石,
17560,398,471,音爆,技能石,
17561,398,480,飞吻,技能石,
17562,398,489,魔法增效,技能石,
17563,398,18,休息回复,血脉,
17564,398,27,假寐,血脉,
17565,398,66,勾魂,血脉,
17566,398,68,升龙咆哮,血脉,
17567,398,91,啮合传递,血脉,
17568,398,132,引燃,血脉,
17569,398,217,毒孢子,血脉,
17570,398,297,甜心续航,血脉,
17571,398,346,羽化加速,血脉,
17572,398,367,荆棘爪,血脉,
17573,398,375,蓄水,血脉,
17574,398,391,虹光冲击,血脉,
17575,398,404,贪婪,血脉,
17576,398,406,贯手,血脉,
17577,398,413,超维投射,血脉,
17578,398,416,跺地,血脉,
17579,398,468,霜降,血脉,
17580,398,496,麻痹,血脉,
17581,398,111,天光,默认,40
17582,398,184,放晴,默认,34
17583,398,244,泥巴喷射,默认,2
17584,398,245,泥浆,默认,1
17585,398,249,流沙,默认,49
17586,398,260,漫反射,默认,36
17587,398,283,热砂,默认,12
17588,398,313,石肤术,默认,1
17589,398,320,硬化,默认,33
17590,398,374,蓄势待发,默认,45
17591,398,440,钧势,默认,26
17592,398,445,闪光,默认,1
17593,398,451,防御,默认,8
17594,438,76,取念,技能石,
17595,438,131,应激反应,技能石,
17596,438,142,快速移动,技能石,
17597,438,155,扇风,技能石,
17598,438,178,摇篮曲,技能石,
17599,438,195,晒太阳,技能石,
17600,438,263,激怒,技能石,
17601,438,339,精神扰乱,技能石,
17602,438,383,虫结阵,技能石,
17603,438,405,贮藏,技能石,
17604,438,427,退化,技能石,
17605,438,451,防御,技能石,
17606,438,477,风起,技能石,
17607,438,481,飞断,技能石,
17608,438,489,魔法增效,技能石,
17609,438,492,鸣叫,技能石,
17610,438,18,休息回复,血脉,
17611,438,66,勾魂,血脉,
17612,438,67,化劲,血脉,
17613,438,68,升龙咆哮,血脉,
17614,438,91,啮合传递,血脉,
17615,438,123,尾后针,血脉,
17616,438,132,引燃,血脉,
17617,438,139,徒长,血脉,
17618,438,164,折线冲击,血脉,
17619,438,217,毒孢子,血脉,
17620,438,246,泥浆铠甲,血脉,
17621,438,346,羽化加速,血脉,
17622,438,375,蓄水,血脉,
17623,438,404,贪婪,血脉,
17624,438,413,超维投射,血脉,
17625,438,468,霜降,血脉,
17626,438,480,飞吻,血脉,
17627,438,496,麻痹,血脉,
17628,438,27,假寐,默认,1
17629,438,33,光刃,默认,44
17630,438,35,光球,默认,38
17631,438,62,力量增效,默认,24
17632,438,89,啃咬,默认,22
17633,438,172,捆缚,默认,14
17634,438,184,放晴,默认,41
17635,438,260,漫反射,默认,33
17636,438,360,脉冲光线,默认,1
17637,438,368,草虫冲击,默认,34
17638,438,370,落星,默认,25
17639,438,384,虫网,默认,8
17640,438,386,虫群智慧,默认,36
17641,438,390,虫鸣,默认,35
17642,438,391,虹光冲击,默认,42
17643,438,444,镜像反射,默认,6
17644,171,2,三连破,技能石,
17645,171,21,伺机而动,技能石,
17646,171,25,倾泻,技能石,
17647,171,59,刺藤,技能石,
17648,171,108,复写,技能石,
17649,171,115,孢子,技能石,
17650,171,146,恐吓,技能石,
17651,171,178,摇篮曲,技能石,
17652,171,195,晒太阳,技能石,
17653,171,285,热身运动,技能石,
17654,171,324,碰爪,技能石,
17655,171,337,筛管奔流,技能石,
17656,171,423,连续爪击,技能石,
17657,171,454,阻断,技能石,
17658,171,47,冰爪,血脉,
17659,171,68,升龙咆哮,血脉,
17660,171,94,噬心,血脉,
17661,171,150,恶能量,血脉,
17662,171,191,星云漩涡,血脉,
17663,171,211,械斗,血脉,
17664,171,218,毒沼,血脉,
17665,171,242,泡沫,血脉,
17666,171,266,火焰冲锋,血脉,
17667,171,273,灵媒,血脉,
17668,171,294,猛烈撞击,血脉,
17669,171,296,球状闪电,血脉,
17670,171,343,缠丝劲,血脉,
17671,171,367,荆棘爪,血脉,
17672,171,416,跺地,血脉,
17673,171,430,透射,血脉,
17674,171,476,风矢,血脉,
17675,171,480,飞吻,血脉,
17676,171,90,啄击,默认,1
17677,171,155,扇风,默认,37
17678,171,200,月光合奏,默认,48
17679,171,297,甜心续航,默认,1
17680,171,298,生日蛋糕,默认,27
17681,171,305,疾风刺,默认,33
17682,171,316,砂糖弹球,默认,22
17683,171,346,羽化加速,默认,17
17684,171,412,超级糖果,默认,6
17685,171,429,逆袭,默认,41
17686,171,451,防御,默认,13
17687,171,477,风起,默认,35
17688,171,502,龙卷风,默认,50
17689,97,58,刺盾,技能石,
17690,97,67,化劲,技能石,
17691,97,76,取念,技能石,
17692,97,120,寸拳,技能石,
17693,97,137,影袭,技能石,
17694,97,226,气波,技能石,
17695,97,244,泥巴喷射,技能石,
17696,97,285,热身运动,技能石,
17697,97,320,硬化,技能石,
17698,97,321,硬门,技能石,
17699,97,371,落石,技能石,
17700,97,395,血气,技能石,
17701,97,426,追打,技能石,
17702,97,432,遁地,技能石,
17703,97,442,锐利眼神,技能石,
17704,97,471,音爆,技能石,
17705,97,38,冥想,血脉,
17706,97,68,升龙咆哮,血脉,
17707,97,176,掩护,血脉,
17708,97,192,星星撞击,血脉,
17709,97,234,水泡盾,血脉,
17710,97,254,淤泥表皮,血脉,
17711,97,258,溃烂触碰,血脉,
17712,97,268,火焰护盾,血脉,
17713,97,329,离子震荡,血脉,
17714,97,336,等价交换,血脉,
17715,97,348,羽翼庇护,血脉,
17716,97,380,虚化,血脉,
17717,97,391,虹光冲击,血脉,
17718,97,393,蜡质膜,血脉,
17719,97,406,贯手,血脉,
17720,97,460,集中,血脉,
17721,97,461,雪替身,血脉,
17722,97,488,魅惑,血脉,
17723,97,18,休息回复,默认,6
17724,97,54,冲撞,默认,35
17725,97,82,吓退,默认,38
17726,97,162,抓挠,默认,30
17727,97,169,拍击,默认,8
17728,97,187,旋转突击,默认,21
17729,97,189,无畏之心,默认,46
17730,97,223,气势一击,默认,28
17731,97,335,突袭,默认,40
17732,97,351,耀眼,默认,10
17733,97,370,落星,默认,1
17734,97,376,蓄能轰击,默认,34
17735,97,450,防反,默认,20
17736,97,451,防御,默认,1
17737,97,470,音波弹,默认,13
17738,162,8,主场优势,技能石,
17739,162,13,二律背反,技能石,
17740,162,34,光合作用,技能石,
17741,162,76,取念,技能石,
17742,162,92,嗜痛,技能石,
17743,162,109,多维击打,技能石,
17744,162,111,天光,技能石,
17745,162,131,应激反应,技能石,
17746,162,193,星轨裂变,技能石,
17747,162,195,晒太阳,技能石,
17748,162,260,漫反射,技能石,
17749,162,339,精神扰乱,技能石,
17750,162,366,芳香诱引,技能石,
17751,162,451,防御,技能石,
17752,162,18,休息回复,血脉,
17753,162,27,假寐,血脉,
17754,162,66,勾魂,血脉,
17755,162,67,化劲,血脉,
17756,162,68,升龙咆哮,血脉,
17757,162,91,啮合传递,血脉,
17758,162,132,引燃,血脉,
17759,162,143,念力膨胀,血脉,
17760,162,217,毒孢子,血脉,
17761,162,246,泥浆铠甲,血脉,
17762,162,297,甜心续航,血脉,
17763,162,346,羽化加速,血脉,
17764,162,367,荆棘爪,血脉,
17765,162,375,蓄水,血脉,
17766,162,391,虹光冲击,血脉,
17767,162,404,贪婪,血脉,
17768,162,468,霜降,血脉,
17769,162,496,麻痹,血脉,
17770,162,31,先发制人,默认,35
17771,162,101,坍缩,默认,41
17772,162,118,富养化,默认,25
17773,162,141,心灵洞悉,默认,39
17774,162,213,棘突,默认,23
17775,162,240,汲取,默认,1
17776,162,310,盛开,默认,47
17777,162,332,移花接木,默认,4
17778,162,365,花香,默认,3
17779,162,413,超维投射,默认,34
17780,162,433,酶浓度调整,默认,11
17781,162,437,针状物,默认,32
17782,162,489,魔法增效,默认,1
17783,341,29,偷袭,技能石,
17784,341,98,地刺,技能石,
17785,341,178,摇篮曲,技能石,
17786,341,201,有效预防,技能石,
17787,341,216,毒囊,技能石,
17788,341,266,火焰冲锋,技能石,
17789,341,285,热身运动,技能石,
17790,341,313,石肤术,技能石,
17791,341,361,腐化,技能石,
17792,341,371,落石,技能石,
17793,341,422,连续毒针,技能石,
17794,341,423,连续爪击,技能石,
17795,341,465,震击,技能石,
17796,341,483,飞踢,技能石,
17797,341,47,冰爪,血脉,
17798,341,68,升龙咆哮,血脉,
17799,341,94,噬心,血脉,
17800,341,150,恶能量,血脉,
17801,341,191,星云漩涡,血脉,
17802,341,192,星星撞击,血脉,
17803,341,218,毒沼,血脉,
17804,341,242,泡沫,血脉,
17805,341,270,火爪,血脉,
17806,341,273,灵媒,血脉,
17807,341,296,球状闪电,血脉,
17808,341,324,碰爪,血脉,
17809,341,343,缠丝劲,血脉,
17810,341,365,花香,血脉,
17811,341,416,跺地,血脉,
17812,341,430,透射,血脉,
17813,341,435,金属噪音,血脉,
17814,341,476,风矢,血脉,
17815,341,9,主轴,默认,29
17816,341,19,传感器,默认,10
17817,341,31,先发制人,默认,23
17818,341,62,力量增效,默认,32
17819,341,76,取念,默认,16
17820,341,91,啮合传递,默认,28
17821,341,142,快速移动,默认,48
17822,341,168,拆卸,默认,1
17823,341,203,杠杆置换,默认,1
17824,341,418,轴承支撑,默认,38
17825,341,451,防御,默认,12
17826,341,454,阻断,默认,49
17827,341,499,齿轮切开,默认,47
17828,341,500,齿轮扭矩,默认,33
17829,176,24,借用,技能石,
17830,176,63,加固,技能石,
17831,176,74,反击拳,技能石,
17832,176,81,后发制人,技能石,
17833,176,99,地陷,技能石,
17834,176,138,彼岸之手,技能石,
17835,176,144,怒火,技能石,
17836,176,201,有效预防,技能石,
17837,176,267,火焰切割,技能石,
17838,176,313,石肤术,技能石,
17839,176,442,锐利眼神,技能石,
17840,176,449,闪燃,技能石,
17841,176,451,防御,技能石,
17842,176,498,鼓劲,技能石,
17843,176,47,冰爪,血脉,
17844,176,68,升龙咆哮,血脉,
17845,176,94,噬心,血脉,
17846,176,191,星云漩涡,血脉,
17847,176,192,星星撞击,血脉,
17848,176,211,械斗,血脉,
17849,176,218,毒沼,血脉,
17850,176,242,泡沫,血脉,
17851,176,269,火焰箭,血脉,
17852,176,273,灵媒,血脉,
17853,176,296,球状闪电,血脉,
17854,176,324,碰爪,血脉,
17855,176,343,缠丝劲,血脉,
17856,176,365,花香,血脉,
17857,176,402,诋毁,血脉,
17858,176,416,跺地,血脉,
17859,176,430,透射,血脉,
17860,176,476,风矢,血脉,
17861,176,31,先发制人,默认,6
17862,176,61,力量吞噬,默认,21
17863,176,62,力量增效,默认,5
17864,176,98,地刺,默认,37
17865,176,100,地震,默认,45
17866,176,125,岩土暴击,默认,29
17867,176,196,暗突袭,默认,35
17868,176,246,泥浆铠甲,默认,33
17869,176,315,砂石冲撞,默认,31
17870,176,394,蝙蝠,默认,1
17871,176,404,贪婪,默认,1
17872,176,440,钧势,默认,13
17873,176,490,魔爪,默认,1
17874,176,493,鸣沙陷阱,默认,16
17875,159,11,乘风,技能石,
17876,159,23,俯冲猛击,技能石,
17877,159,33,光刃,技能石,
17878,159,92,嗜痛,技能石,
17879,159,108,复写,技能石,
17880,159,111,天光,技能石,
17881,159,230,水幕冲击,技能石,
17882,159,237,水环,技能石,
17883,159,243,泡沫幻影,技能石,
17884,159,252,涌泉,技能石,
17885,159,253,润泽,技能石,
17886,159,352,聒噪,技能石,
17887,159,395,血气,技能石,
17888,159,442,锐利眼神,技能石,
17889,159,444,镜像反射,技能石,
17890,159,38,冥想,血脉,
17891,159,47,冰爪,血脉,
17892,159,68,升龙咆哮,血脉,
17893,159,74,反击拳,血脉,
17894,159,176,掩护,血脉,
17895,159,232,水弹枪,血脉,
17896,159,254,淤泥表皮,血脉,
17897,159,258,溃烂触碰,血脉,
17898,159,268,火焰护盾,血脉,
17899,159,329,离子震荡,血脉,
17900,159,336,等价交换,血脉,
17901,159,348,羽翼庇护,血脉,
17902,159,380,虚化,血脉,
17903,159,391,虹光冲击,血脉,
17904,159,393,蜡质膜,血脉,
17905,159,450,防反,血脉,
17906,159,460,集中,血脉,
17907,159,488,魅惑,血脉,
17908,159,31,先发制人,默认,28
17909,159,62,力量增效,默认,21
17910,159,225,气泡,默认,46
17911,159,229,水刃,默认,49
17912,159,236,水炮,默认,48
17913,159,238,水花四溅,默认,47
17914,159,262,潮涌,默认,16
17915,159,350,翼击,默认,43
17916,159,451,防御,默认,9
17917,159,475,风墙,默认,44
17918,159,476,风矢,默认,36
17919,159,478,风隐,默认,42
17920,159,482,飞羽,默认,1
17921,159,492,鸣叫,默认,1
17922,159,502,龙卷风,默认,45
17923,368,12,乱打,技能石,
17924,368,82,吓退,技能石,
17925,368,108,复写,技能石,
17926,368,173,捧杀,技能石,
17927,368,236,水炮,技能石,
17928,368,237,水环,技能石,
17929,368,253,润泽,技能石,
17930,368,261,潮汐,技能石,
17931,368,351,耀眼,技能石,
17932,368,375,蓄水,技能石,
17933,368,395,血气,技能石,
17934,368,451,防御,技能石,
17935,368,480,飞吻,技能石,
17936,368,38,冥想,血脉,
17937,368,68,升龙咆哮,血脉,
17938,368,74,反击拳,血脉,
17939,368,176,掩护,血脉,
17940,368,218,毒沼,血脉,
17941,368,232,水弹枪,血脉,
17942,368,254,淤泥表皮,血脉,
17943,368,268,火焰护盾,血脉,
17944,368,329,离子震荡,血脉,
17945,368,336,等价交换,血脉,
17946,368,380,虚化,血脉,
17947,368,391,虹光冲击,血脉,
17948,368,393,蜡质膜,血脉,
17949,368,400,触电,血脉,
17950,368,450,防反,血脉,
17951,368,461,雪替身,血脉,
17952,368,475,风墙,血脉,
17953,368,488,魅惑,血脉,
17954,368,5,不可接触,默认,5
17955,368,16,以毒攻毒,默认,16
17956,368,113,天洪,默认,46
17957,368,220,毒液渗透,默认,41
17958,368,243,泡沫幻影,默认,26
17959,368,247,洗礼,默认,1
17960,368,257,湮灭,默认,37
17961,368,264,激流,默认,33
17962,368,299,甩水,默认,1
17963,368,304,疫病吐息,默认,34
17964,368,308,瘴气喷射,默认,24
17965,368,362,腐蚀酸液,默认,11
17966,368,494,鸩毒,默认,45
17967,336,2,三连破,技能石,
17968,336,10,乘胜追击,技能石,
17969,336,21,伺机而动,技能石,
17970,336,29,偷袭,技能石,
17971,336,76,取念,技能石,
17972,336,87,吹炎,技能石,
17973,336,131,应激反应,技能石,
17974,336,137,影袭,技能石,
17975,336,142,快速移动,技能石,
17976,336,238,水花四溅,技能石,
17977,336,285,热身运动,技能石,
17978,336,290,爆冲,技能石,
17979,336,451,防御,技能石,
17980,336,47,冰爪,血脉,
17981,336,94,噬心,血脉,
17982,336,150,恶能量,血脉,
17983,336,191,星云漩涡,血脉,
17984,336,211,械斗,血脉,
17985,336,218,毒沼,血脉,
17986,336,242,泡沫,血脉,
17987,336,266,火焰冲锋,血脉,
17988,336,273,灵媒,血脉,
17989,336,294,猛烈撞击,血脉,
17990,336,296,球状闪电,血脉,
17991,336,324,碰爪,血脉,
17992,336,365,花香,血脉,
17993,336,398,角击,血脉,
17994,336,406,贯手,血脉,
17995,336,416,跺地,血脉,
17996,336,430,透射,血脉,
17997,336,476,风矢,血脉,
17998,336,23,俯冲猛击,默认,29
17999,336,62,力量增效,默认,1
18000,336,162,抓挠,默认,1
18001,336,305,疾风刺,默认,8
18002,336,345,羽刃,默认,38
18003,336,346,羽化加速,默认,3
18004,336,495,鹰爪,默认,1
18005,336,501,龙之利爪,默认,35
18006,336,503,龙吟,默认,13
18007,336,505,龙威,默认,21
18008,336,506,龙息环爆,默认,36
18009,336,507,龙炮,默认,20
18010,336,508,龙爪,默认,28
18011,366,92,嗜痛,技能石,
18012,366,108,复写,技能石,
18013,366,234,水泡盾,技能石,
18014,366,244,泥巴喷射,技能石,
18015,366,251,消毒法,技能石,
18016,366,261,潮汐,技能石,
18017,366,262,潮涌,技能石,
18018,366,263,激怒,技能石,
18019,366,285,热身运动,技能石,
18020,366,320,硬化,技能石,
18021,366,351,耀眼,技能石,
18022,366,395,血气,技能石,
18023,366,416,跺地,技能石,
18024,366,421,远程访问,技能石,
18025,366,426,追打,技能石,
18026,366,471,音爆,技能石,
18027,366,38,冥想,血脉,
18028,366,68,升龙咆哮,血脉,
18029,366,74,反击拳,血脉,
18030,366,176,掩护,血脉,
18031,366,232,水弹枪,血脉,
18032,366,254,淤泥表皮,血脉,
18033,366,258,溃烂触碰,血脉,
18034,366,268,火焰护盾,血脉,
18035,366,329,离子震荡,血脉,
18036,366,336,等价交换,血脉,
18037,366,380,虚化,血脉,
18038,366,391,虹光冲击,血脉,
18039,366,393,蜡质膜,血脉,
18040,366,400,触电,血脉,
18041,366,450,防反,血脉,
18042,366,461,雪替身,血脉,
18043,366,475,风墙,血脉,
18044,366,488,魅惑,血脉,
18045,366,14,交叉闪电,默认,32
18046,366,73,双联脉冲,默认,43
18047,366,134,强制重启,默认,50
18048,366,135,当头棒喝,默认,16
18049,366,228,水光冲击,默认,45
18050,366,238,水花四溅,默认,35
18051,366,242,泡沫,默认,1
18052,366,243,泡沫幻影,默认,46
18053,366,300,电弧,默认,9
18054,366,302,电磁偏转,默认,40
18055,366,303,电离爆破,默认,11
18056,366,375,蓄水,默认,2
18057,366,451,防御,默认,1
18058,366,460,集中,默认,25
18059,366,463,雷暴,默认,48
18060,346,25,倾泻,技能石,
18061,346,40,冰冻光线,技能石,
18062,346,66,勾魂,技能石,
18063,346,72,双星,技能石,
18064,346,101,坍缩,技能石,
18065,346,108,复写,技能石,
18066,346,130,幽灵爆发,技能石,
18067,346,146,恐吓,技能石,
18068,346,151,惊吓盒子,技能石,
18069,346,195,晒太阳,技能石,
18070,346,298,生日蛋糕,技能石,
18071,346,318,破罐破摔,技能石,
18072,346,339,精神扰乱,技能石,
18073,346,403,诡刺,技能石,
18074,346,412,超级糖果,技能石,
18075,346,454,阻断,技能石,
18076,346,47,冰爪,血脉,
18077,346,68,升龙咆哮,血脉,
18078,346,123,尾后针,血脉,
18079,346,192,星星撞击,血脉,
18080,346,218,毒沼,血脉,
18081,346,270,火爪,血脉,
18082,346,273,灵媒,血脉,
18083,346,325,磁干扰,血脉,
18084,346,329,离子震荡,血脉,
18085,346,355,肥皂泡,血脉,
18086,346,367,荆棘爪,血脉,
18087,346,391,虹光冲击,血脉,
18088,346,406,贯手,血脉,
18089,346,416,跺地,血脉,
18090,346,437,针状物,血脉,
18091,346,476,风矢,血脉,
18092,346,480,飞吻,血脉,
18093,346,497,黑手,血脉,
18094,346,45,冰晶坠,默认,22
18095,346,46,冰点,默认,37
18096,346,50,冰锋横扫,默认,40
18097,346,52,冰雹,默认,45
18098,346,62,力量增效,默认,26
18099,346,119,寒风吹,默认,8
18100,346,187,旋转突击,默认,29
18101,346,199,暴风雪,默认,11
18102,346,204,极寒领域,默认,48
18103,346,322,碎冰冰,默认,36
18104,346,451,防御,默认,1
18105,346,464,雾气环绕,默认,17
18106,346,467,霜天,默认,35
18107,346,468,霜降,默认,1
18108,346,474,风吹雪,默认,1
18109,346,489,魔法增效,默认,9
18110,298,2,三连破,技能石,
18111,298,24,借用,技能石,
18112,298,142,快速移动,技能石,
18113,298,195,晒太阳,技能石,
18114,298,227,氧输送,技能石,
18115,298,285,热身运动,技能石,
18116,298,298,生日蛋糕,技能石,
18117,298,318,破罐破摔,技能石,
18118,298,340,纤维化,技能石,
18119,298,341,绵里藏针,技能石,
18120,298,366,芳香诱引,技能石,
18121,298,407,赤子之心,技能石,
18122,298,450,防反,技能石,
18123,298,498,鼓劲,技能石,
18124,298,501,龙之利爪,技能石,
18125,298,503,龙吟,技能石,
18126,298,27,假寐,血脉,
18127,298,66,勾魂,血脉,
18128,298,67,化劲,血脉,
18129,298,68,升龙咆哮,血脉,
18130,298,91,啮合传递,血脉,
18131,298,132,引燃,血脉,
18132,298,192,星星撞击,血脉,
18133,298,217,毒孢子,血脉,
18134,298,246,泥浆铠甲,血脉,
18135,298,346,羽化加速,血脉,
18136,298,367,荆棘爪,血脉,
18137,298,375,蓄水,血脉,
18138,298,391,虹光冲击,血脉,
18139,298,404,贪婪,血脉,
18140,298,413,超维投射,血脉,
18141,298,468,霜降,血脉,
18142,298,480,飞吻,血脉,
18143,298,496,麻痹,血脉,
18144,298,34,光合作用,默认,37
18145,298,36,光能聚集,默认,50
18146,298,57,击鼓传花,默认,7
18147,298,115,孢子,默认,29
18148,298,116,孢子爆散,默认,30
18149,298,200,月光合奏,默认,49
18150,298,310,盛开,默认,39
18151,298,324,碰爪,默认,23
18152,298,327,示弱,默认,1
18153,298,330,种子弹,默认,1
18154,298,364,花炮,默认,17
18155,298,365,花香,默认,3
18156,298,415,践踏,默认,38
18157,298,451,防御,默认,1
18158,298,488,魅惑,默认,13
18159,263,93,嘲弄,技能石,
18160,263,108,复写,技能石,
18161,263,128,幻象,技能石,
18162,263,131,应激反应,技能石,
18163,263,142,快速移动,技能石,
18164,263,151,惊吓盒子,技能石,
18165,263,152,感染病,技能石,
18166,263,179,撒娇,技能石,
18167,263,195,晒太阳,技能石,
18168,263,263,激怒,技能石,
18169,263,324,碰爪,技能石,
18170,263,382,虫刺,技能石,
18171,263,387,虫群过境,技能石,
18172,263,390,虫鸣,技能石,
18173,263,423,连续爪击,技能石,
18174,263,451,防御,技能石,
18175,263,55,冷风,血脉,
18176,263,68,升龙咆哮,血脉,
18177,263,123,尾后针,血脉,
18178,263,150,恶能量,血脉,
18179,263,160,扬沙,血脉,
18180,263,169,拍击,血脉,
18181,263,191,星云漩涡,血脉,
18182,263,218,毒沼,血脉,
18183,263,242,泡沫,血脉,
18184,263,266,火焰冲锋,血脉,
18185,263,273,灵媒,血脉,
18186,263,296,球状闪电,血脉,
18187,263,329,离子震荡,血脉,
18188,263,343,缠丝劲,血脉,
18189,263,365,花香,血脉,
18190,263,391,虹光冲击,血脉,
18191,263,488,魅惑,血脉,
18192,263,495,鹰爪,血脉,
18193,263,16,以毒攻毒,默认,4
18194,263,62,力量增效,默认,11
18195,263,89,啃咬,默认,7
18196,263,216,毒囊,默认,38
18197,263,219,毒泡泡,默认,29
18198,263,220,毒液渗透,默认,48
18199,263,221,毒针,默认,17
18200,263,362,腐蚀酸液,默认,37
18201,263,369,落井下毒,默认,30
18202,263,370,落星,默认,36
18203,263,381,虫击,默认,49
18204,263,384,虫网,默认,1
18205,263,388,虫茧,默认,1
18206,263,392,蛰针,默认,1
18207,263,405,贮藏,默认,22
18208,30,20,伪造账单,技能石,
18209,30,108,复写,技能石,
18210,30,118,富养化,技能石,
18211,30,131,应激反应,技能石,
18212,30,166,报复,技能石,
18213,30,195,晒太阳,技能石,
18214,30,197,暗箱操作,技能石,
18215,30,215,欺诈契约,技能石,
18216,30,332,移花接木,技能石,
18217,30,352,聒噪,技能石,
18218,30,366,芳香诱引,技能石,
18219,30,451,防御,技能石,
18220,30,458,隐藏条款,技能石,
18221,30,18,休息回复,血脉,
18222,30,27,假寐,血脉,
18223,30,67,化劲,血脉,
18224,30,68,升龙咆哮,血脉,
18225,30,91,啮合传递,血脉,
18226,30,139,徒长,血脉,
18227,30,217,毒孢子,血脉,
18228,30,246,泥浆铠甲,血脉,
18229,30,269,火焰箭,血脉,
18230,30,273,灵媒,血脉,
18231,30,297,甜心续航,血脉,
18232,30,346,羽化加速,血脉,
18233,30,375,蓄水,血脉,
18234,30,402,诋毁,血脉,
18235,30,413,超维投射,血脉,
18236,30,430,透射,血脉,
18237,30,468,霜降,血脉,
18238,30,496,麻痹,血脉,
18239,30,61,力量吞噬,默认,29
18240,30,62,力量增效,默认,1
18241,30,66,勾魂,默认,8
18242,30,102,坟场搏击,默认,50
18243,30,128,幻象,默认,6
18244,30,147,恶作剧,默认,36
18245,30,149,恶意逃离,默认,39
18246,30,150,恶能量,默认,1
18247,30,180,撕咬,默认,24
18248,30,206,极限撕裂,默认,38
18249,30,379,虚假破产,默认,12
18250,30,397,见招拆招,默认,35
18251,30,455,降灵,默认,23
18252,304,24,借用,技能石,
18253,304,58,刺盾,技能石,
18254,304,79,叶绿光束,技能石,
18255,304,82,吓退,技能石,
18256,304,92,嗜痛,技能石,
18257,304,102,坟场搏击,技能石,
18258,304,104,埋伏,技能石,
18259,304,125,岩土暴击,技能石,
18260,304,146,恐吓,技能石,
18261,304,183,操控,技能石,
18262,304,212,棘刺,技能石,
18263,304,285,热身运动,技能石,
18264,304,340,纤维化,技能石,
18265,304,376,蓄能轰击,技能石,
18266,304,377,藤绞,技能石,
18267,304,395,血气,技能石,
18268,304,38,冥想,血脉,
18269,304,68,升龙咆哮,血脉,
18270,304,74,反击拳,血脉,
18271,304,176,掩护,血脉,
18272,304,234,水泡盾,血脉,
18273,304,258,溃烂触碰,血脉,
18274,304,268,火焰护盾,血脉,
18275,304,329,离子震荡,血脉,
18276,304,348,羽翼庇护,血脉,
18277,304,367,荆棘爪,血脉,
18278,304,380,虚化,血脉,
18279,304,391,虹光冲击,血脉,
18280,304,402,诋毁,血脉,
18281,304,416,跺地,血脉,
18282,304,450,防反,血脉,
18283,304,460,集中,血脉,
18284,304,461,雪替身,血脉,
18285,304,488,魅惑,血脉,
18286,304,98,地刺,默认,44
18287,304,126,岩脉崩毁,默认,33
18288,304,167,抽枝,默认,50
18289,304,241,沙涌,默认,21
18290,304,245,泥浆,默认,1
18291,304,254,淤泥表皮,默认,23
18292,304,283,热砂,默认,26
18293,304,331,种皮爆裂,默认,6
18294,304,354,聚盐,默认,1
18295,304,365,花香,默认,13
18296,304,374,蓄势待发,默认,7
18297,304,415,践踏,默认,37
18298,304,432,遁地,默认,35
18299,304,433,酶浓度调整,默认,48
18300,304,451,防御,默认,1
18301,170,13,二律背反,技能石,
18302,170,72,双星,技能石,
18303,170,95,四维降解,技能石,
18304,170,108,复写,技能石,
18305,170,131,应激反应,技能石,
18306,170,136,彗星,技能石,
18307,170,142,快速移动,技能石,
18308,170,172,捆缚,技能石,
18309,170,189,无畏之心,技能石,
18310,170,193,星轨裂变,技能石,
18311,170,195,晒太阳,技能石,
18312,170,332,移花接木,技能石,
18313,170,339,精神扰乱,技能石,
18314,170,385,虫群,技能石,
18315,170,390,虫鸣,技能石,
18316,170,484,食腐,技能石,
18317,170,18,休息回复,血脉,
18318,170,66,勾魂,血脉,
18319,170,67,化劲,血脉,
18320,170,68,升龙咆哮,血脉,
18321,170,91,啮合传递,血脉,
18322,170,123,尾后针,血脉,
18323,170,132,引燃,血脉,
18324,170,217,毒孢子,血脉,
18325,170,246,泥浆铠甲,血脉,
18326,170,297,甜心续航,血脉,
18327,170,346,羽化加速,血脉,
18328,170,367,荆棘爪,血脉,
18329,170,375,蓄水,血脉,
18330,170,391,虹光冲击,血脉,
18331,170,404,贪婪,血脉,
18332,170,413,超维投射,血脉,
18333,170,468,霜降,血脉,
18334,170,496,麻痹,血脉,
18335,170,27,假寐,默认,8
18336,170,89,啃咬,默认,1
18337,170,115,孢子,默认,31
18338,170,162,抓挠,默认,11
18339,170,240,汲取,默认,24
18340,170,344,网缚,默认,49
18341,170,364,花炮,默认,40
18342,170,365,花香,默认,41
18343,170,366,芳香诱引,默认,48
18344,170,383,虫结阵,默认,22
18345,170,386,虫群智慧,默认,16
18346,170,388,虫茧,默认,1
18347,170,451,防御,默认,1
18348,170,479,飞叶,默认,5
18349,170,481,飞断,默认,33
18350,153,24,借用,技能石,
18351,153,25,倾泻,技能石,
18352,153,63,加固,技能石,
18353,153,142,快速移动,技能石,
18354,153,175,掠夺,技能石,
18355,153,180,撕咬,技能石,
18356,153,201,有效预防,技能石,
18357,153,285,热身运动,技能石,
18358,153,305,疾风刺,技能石,
18359,153,308,瘴气喷射,技能石,
18360,153,339,精神扰乱,技能石,
18361,153,361,腐化,技能石,
18362,153,381,虫击,技能石,
18363,153,422,连续毒针,技能石,
18364,153,426,追打,技能石,
18365,153,451,防御,技能石,
18366,153,494,鸩毒,技能石,
18367,153,55,冷风,血脉,
18368,153,68,升龙咆哮,血脉,
18369,153,123,尾后针,血脉,
18370,153,128,幻象,血脉,
18371,153,150,恶能量,血脉,
18372,153,160,扬沙,血脉,
18373,153,169,拍击,血脉,
18374,153,191,星云漩涡,血脉,
18375,153,218,毒沼,血脉,
18376,153,242,泡沫,血脉,
18377,153,266,火焰冲锋,血脉,
18378,153,296,球状闪电,血脉,
18379,153,329,离子震荡,血脉,
18380,153,343,缠丝劲,血脉,
18381,153,365,花香,血脉,
18382,153,391,虹光冲击,血脉,
18383,153,488,魅惑,血脉,
18384,153,495,鹰爪,血脉,
18385,153,11,乘风,默认,22
18386,153,155,扇风,默认,25
18387,153,172,捆缚,默认,13
18388,153,346,羽化加速,默认,28
18389,153,349,翅刃,默认,47
18390,153,350,翼击,默认,33
18391,153,368,草虫冲击,默认,26
18392,153,384,虫网,默认,1
18393,153,385,虫群,默认,36
18394,153,387,虫群过境,默认,34
18395,153,388,虫茧,默认,3
18396,153,390,虫鸣,默认,7
18397,153,476,风矢,默认,20
18398,153,489,魔法增效,默认,1
18399,153,492,鸣叫,默认,1
18400,153,502,龙卷风,默认,49
18401,313,25,倾泻,技能石,
18402,313,29,偷袭,技能石,
18403,313,46,冰点,技能石,
18404,313,66,勾魂,技能石,
18405,313,76,取念,技能石,
18406,313,88,咆哮,技能石,
18407,313,146,恐吓,技能石,
18408,313,151,惊吓盒子,技能石,
18409,313,175,掠夺,技能石,
18410,313,196,暗突袭,技能石,
18411,313,215,欺诈契约,技能石,
18412,313,273,灵媒,技能石,
18413,313,339,精神扰乱,技能石,
18414,313,403,诡刺,技能石,
18415,313,424,迫害,技能石,
18416,313,431,速冻,技能石,
18417,313,491,魔能爆,技能石,
18418,313,68,升龙咆哮,血脉,
18419,313,94,噬心,血脉,
18420,313,128,幻象,血脉,
18421,313,150,恶能量,血脉,
18422,313,160,扬沙,血脉,
18423,313,169,拍击,血脉,
18424,313,191,星云漩涡,血脉,
18425,313,242,泡沫,血脉,
18426,313,258,溃烂触碰,血脉,
18427,313,266,火焰冲锋,血脉,
18428,313,329,离子震荡,血脉,
18429,313,343,缠丝劲,血脉,
18430,313,365,花香,血脉,
18431,313,391,虹光冲击,血脉,
18432,313,400,触电,血脉,
18433,313,468,霜降,血脉,
18434,313,488,魅惑,血脉,
18435,313,495,鹰爪,血脉,
18436,313,14,交叉闪电,默认,45
18437,313,31,先发制人,默认,28
18438,313,64,加大功率,默认,40
18439,313,106,增程电池,默认,33
18440,313,121,导电撞击,默认,5
18441,313,133,引雷,默认,35
18442,313,134,强制重启,默认,50
18443,313,183,操控,默认,1
18444,313,195,晒太阳,默认,9
18445,313,300,电弧,默认,13
18446,313,301,电流,默认,1
18447,313,303,电离爆破,默认,22
18448,313,373,落雷,默认,47
18449,313,451,防御,默认,1
18450,313,454,阻断,默认,49
18451,313,496,麻痹,默认,46
18452,275,29,偷袭,技能石,
18453,275,76,取念,技能石,
18454,275,131,应激反应,技能石,
18455,275,186,斩断,技能石,
18456,275,188,无影脚,技能石,
18457,275,195,晒太阳,技能石,
18458,275,201,有效预防,技能石,
18459,275,229,水刃,技能石,
18460,275,305,疾风刺,技能石,
18461,275,372,落雨,技能石,
18462,275,375,蓄水,技能石,
18463,275,397,见招拆招,技能石,
18464,275,423,连续爪击,技能石,
18465,275,451,防御,技能石,
18466,275,47,冰爪,血脉,
18467,275,68,升龙咆哮,血脉,
18468,275,94,噬心,血脉,
18469,275,150,恶能量,血脉,
18470,275,191,星云漩涡,血脉,
18471,275,192,星星撞击,血脉,
18472,275,211,械斗,血脉,
18473,275,218,毒沼,血脉,
18474,275,232,水弹枪,血脉,
18475,275,266,火焰冲锋,血脉,
18476,275,273,灵媒,血脉,
18477,275,296,球状闪电,血脉,
18478,275,324,碰爪,血脉,
18479,275,367,荆棘爪,血脉,
18480,275,406,贯手,血脉,
18481,275,416,跺地,血脉,
18482,275,430,透射,血脉,
18483,275,476,风矢,血脉,
18484,275,1,一拳,默认,44
18485,275,31,先发制人,默认,36
18486,275,59,刺藤,默认,1
18487,275,62,力量增效,默认,13
18488,275,127,崩拳,默认,6
18489,275,167,抽枝,默认,50
18490,275,185,散手,默认,49
18491,275,209,根吸收,默认,1
18492,275,285,热身运动,默认,28
18493,275,290,爆冲,默认,39
18494,275,310,盛开,默认,35
18495,275,377,藤绞,默认,30
18496,275,436,针刺射击,默认,37
18497,275,472,顶端优势,默认,21
18498,169,13,二律背反,技能石,
18499,169,72,双星,技能石,
18500,169,95,四维降解,技能石,
18501,169,108,复写,技能石,
18502,169,131,应激反应,技能石,
18503,169,136,彗星,技能石,
18504,169,142,快速移动,技能石,
18505,169,172,捆缚,技能石,
18506,169,189,无畏之心,技能石,
18507,169,193,星轨裂变,技能石,
18508,169,195,晒太阳,技能石,
18509,169,332,移花接木,技能石,
18510,169,339,精神扰乱,技能石,
18511,169,385,虫群,技能石,
18512,169,390,虫鸣,技能石,
18513,169,484,食腐,技能石,
18514,169,18,休息回复,血脉,
18515,169,66,勾魂,血脉,
18516,169,67,化劲,血脉,
18517,169,68,升龙咆哮,血脉,
18518,169,91,啮合传递,血脉,
18519,169,123,尾后针,血脉,
18520,169,132,引燃,血脉,
18521,169,217,毒孢子,血脉,
18522,169,246,泥浆铠甲,血脉,
18523,169,297,甜心续航,血脉,
18524,169,346,羽化加速,血脉,
18525,169,367,荆棘爪,血脉,
18526,169,375,蓄水,血脉,
18527,169,391,虹光冲击,血脉,
18528,169,404,贪婪,血脉,
18529,169,413,超维投射,血脉,
18530,169,468,霜降,血脉,
18531,169,496,麻痹,血脉,
18532,169,27,假寐,默认,8
18533,169,89,啃咬,默认,1
18534,169,115,孢子,默认,31
18535,169,162,抓挠,默认,11
18536,169,240,汲取,默认,24
18537,169,344,网缚,默认,49
18538,169,364,花炮,默认,40
18539,169,365,花香,默认,41
18540,169,366,芳香诱引,默认,48
18541,169,383,虫结阵,默认,22
18542,169,386,虫群智慧,默认,16
18543,169,388,虫茧,默认,1
18544,169,451,防御,默认,1
18545,169,479,飞叶,默认,5
18546,169,481,飞断,默认,33
18547,270,60,剧毒,技能石,
18548,270,63,加固,技能石,
18549,270,103,垂死反击,技能石,
18550,270,108,复写,技能石,
18551,270,118,富养化,技能石,
18552,270,131,应激反应,技能石,
18553,270,165,抛石,技能石,
18554,270,195,晒太阳,技能石,
18555,270,217,毒孢子,技能石,
18556,270,222,毒雾,技能石,
18557,270,241,沙涌,技能石,
18558,270,246,泥浆铠甲,技能石,
18559,270,285,热身运动,技能石,
18560,270,422,连续毒针,技能石,
18561,270,440,钧势,技能石,
18562,270,498,鼓劲,技能石,
18563,270,27,假寐,血脉,
18564,270,67,化劲,血脉,
18565,270,68,升龙咆哮,血脉,
18566,270,91,啮合传递,血脉,
18567,270,132,引燃,血脉,
18568,270,192,星星撞击,血脉,
18569,270,258,溃烂触碰,血脉,
18570,270,273,灵媒,血脉,
18571,270,297,甜心续航,血脉,
18572,270,346,羽化加速,血脉,
18573,270,367,荆棘爪,血脉,
18574,270,375,蓄水,血脉,
18575,270,391,虹光冲击,血脉,
18576,270,404,贪婪,血脉,
18577,270,413,超维投射,血脉,
18578,270,416,跺地,血脉,
18579,270,468,霜降,血脉,
18580,270,496,麻痹,血脉,
18581,270,15,仙人掌刺击,默认,48
18582,270,139,徒长,默认,1
18583,270,213,棘突,默认,5
18584,270,249,流沙,默认,37
18585,270,254,淤泥表皮,默认,23
18586,270,283,热砂,默认,1
18587,270,313,石肤术,默认,19
18588,270,332,移花接木,默认,29
18589,270,366,芳香诱引,默认,35
18590,270,377,藤绞,默认,28
18591,270,393,蜡质膜,默认,9
18592,270,451,防御,默认,1
18593,270,457,陨石,默认,13
18594,270,491,魔能爆,默认,36
18595,270,493,鸣沙陷阱,默认,34
18596,145,8,主场优势,技能石,
18597,145,24,借用,技能石,
18598,145,25,倾泻,技能石,
18599,145,59,刺藤,技能石,
18600,145,104,埋伏,技能石,
18601,145,131,应激反应,技能石,
18602,145,151,惊吓盒子,技能石,
18603,145,178,摇篮曲,技能石,
18604,145,227,氧输送,技能石,
18605,145,272,灵光,技能石,
18606,145,283,热砂,技能石,
18607,145,285,热身运动,技能石,
18608,145,298,生日蛋糕,技能石,
18609,145,377,藤绞,技能石,
18610,145,426,追打,技能石,
18611,145,55,冷风,血脉,
18612,145,68,升龙咆哮,血脉,
18613,145,123,尾后针,血脉,
18614,145,169,拍击,血脉,
18615,145,218,毒沼,血脉,
18616,145,270,火爪,血脉,
18617,145,273,灵媒,血脉,
18618,145,325,磁干扰,血脉,
18619,145,329,离子震荡,血脉,
18620,145,355,肥皂泡,血脉,
18621,145,367,荆棘爪,血脉,
18622,145,391,虹光冲击,血脉,
18623,145,406,贯手,血脉,
18624,145,416,跺地,血脉,
18625,145,437,针状物,血脉,
18626,145,476,风矢,血脉,
18627,145,480,飞吻,血脉,
18628,145,497,黑手,血脉,
18629,145,57,击鼓传花,默认,49
18630,145,75,反弹,默认,18
18631,145,179,撒娇,默认,27
18632,145,195,晒太阳,默认,34
18633,145,200,月光合奏,默认,41
18634,145,318,破罐破摔,默认,35
18635,145,324,碰爪,默认,1
18636,145,327,示弱,默认,40
18637,145,434,重击,默认,10
18638,145,451,防御,默认,13
18639,145,454,阻断,默认,50
18640,145,489,魔法增效,默认,1
18641,449,10,乘胜追击,技能石,
18642,449,24,借用,技能石,
18643,449,58,刺盾,技能石,
18644,449,101,坍缩,技能石,
18645,449,107,壁垒,技能石,
18646,449,112,天旋地转,技能石,
18647,449,201,有效预防,技能石,
18648,449,244,泥巴喷射,技能石,
18649,449,285,热身运动,技能石,
18650,449,313,石肤术,技能石,
18651,449,320,硬化,技能石,
18652,449,338,粒子对撞,技能石,
18653,449,371,落石,技能石,
18654,449,387,虫群过境,技能石,
18655,449,426,追打,技能石,
18656,449,457,陨石,技能石,
18657,449,38,冥想,血脉,
18658,449,68,升龙咆哮,血脉,
18659,449,74,反击拳,血脉,
18660,449,123,尾后针,血脉,
18661,449,234,水泡盾,血脉,
18662,449,254,淤泥表皮,血脉,
18663,449,258,溃烂触碰,血脉,
18664,449,268,火焰护盾,血脉,
18665,449,329,离子震荡,血脉,
18666,449,336,等价交换,血脉,
18667,449,348,羽翼庇护,血脉,
18668,449,380,虚化,血脉,
18669,449,391,虹光冲击,血脉,
18670,449,393,蜡质膜,血脉,
18671,449,450,防反,血脉,
18672,449,460,集中,血脉,
18673,449,461,雪替身,血脉,
18674,449,488,魅惑,血脉,
18675,449,18,休息回复,默认,19
18676,449,27,假寐,默认,8
18677,449,31,先发制人,默认,34
18678,449,82,吓退,默认,41
18679,449,89,啃咬,默认,1
18680,449,176,掩护,默认,22
18681,449,344,网缚,默认,29
18682,449,351,耀眼,默认,1
18683,449,381,虫击,默认,44
18684,449,382,虫刺,默认,13
18685,449,383,虫结阵,默认,35
18686,449,385,虫群,默认,40
18687,449,389,虫蛊,默认,39
18688,449,451,防御,默认,1
18689,449,481,飞断,默认,7
18690,449,484,食腐,默认,30
18691,468,21,伺机而动,技能石,
18692,468,24,借用,技能石,
18693,468,82,吓退,技能石,
18694,468,141,心灵洞悉,技能石,
18695,468,142,快速移动,技能石,
18696,468,183,操控,技能石,
18697,468,195,晒太阳,技能石,
18698,468,201,有效预防,技能石,
18699,468,250,流火,技能石,
18700,468,277,炎打,技能石,
18701,468,284,热身,技能石,
18702,468,339,精神扰乱,技能石,
18703,468,380,虚化,技能石,
18704,468,18,休息回复,血脉,
18705,468,27,假寐,血脉,
18706,468,67,化劲,血脉,
18707,468,68,升龙咆哮,血脉,
18708,468,91,啮合传递,血脉,
18709,468,132,引燃,血脉,
18710,468,139,徒长,血脉,
18711,468,143,念力膨胀,血脉,
18712,468,217,毒孢子,血脉,
18713,468,246,泥浆铠甲,血脉,
18714,468,273,灵媒,血脉,
18715,468,297,甜心续航,血脉,
18716,468,375,蓄水,血脉,
18717,468,391,虹光冲击,血脉,
18718,468,404,贪婪,血脉,
18719,468,468,霜降,血脉,
18720,468,476,风矢,血脉,
18721,468,496,麻痹,血脉,
18722,468,13,二律背反,默认,32
18723,468,93,嘲弄,默认,36
18724,468,101,坍缩,默认,13
18725,468,109,多维击打,默认,25
18726,468,110,大爆炸,默认,6
18727,468,146,恐吓,默认,35
18728,468,147,恶作剧,默认,49
18729,468,169,拍击,默认,1
18730,468,193,星轨裂变,默认,1
18731,468,272,灵光,默认,39
18732,468,413,超维投射,默认,17
18733,468,451,防御,默认,1
18734,468,455,降灵,默认,50
18735,468,489,魔法增效,默认,8
18736,131,62,力量增效,技能石,
18737,131,76,取念,技能石,
18738,131,83,吞噬,技能石,
18739,131,152,感染病,技能石,
18740,131,195,晒太阳,技能石,
18741,131,218,毒沼,技能石,
18742,131,285,热身运动,技能石,
18743,131,305,疾风刺,技能石,
18744,131,308,瘴气喷射,技能石,
18745,131,310,盛开,技能石,
18746,131,339,精神扰乱,技能石,
18747,131,423,连续爪击,技能石,
18748,131,426,追打,技能石,
18749,131,451,防御,技能石,
18750,131,489,魔法增效,技能石,
18751,131,502,龙卷风,技能石,
18752,131,55,冷风,血脉,
18753,131,68,升龙咆哮,血脉,
18754,131,94,噬心,血脉,
18755,131,128,幻象,血脉,
18756,131,150,恶能量,血脉,
18757,131,160,扬沙,血脉,
18758,131,169,拍击,血脉,
18759,131,191,星云漩涡,血脉,
18760,131,242,泡沫,血脉,
18761,131,258,溃烂触碰,血脉,
18762,131,266,火焰冲锋,血脉,
18763,131,296,球状闪电,血脉,
18764,131,329,离子震荡,血脉,
18765,131,343,缠丝劲,血脉,
18766,131,367,荆棘爪,血脉,
18767,131,391,虹光冲击,血脉,
18768,131,480,飞吻,血脉,
18769,131,495,鹰爪,血脉,
18770,131,7,丰饶,默认,23
18771,131,15,仙人掌刺击,默认,40
18772,131,25,倾泻,默认,10
18773,131,36,光能聚集,默认,34
18774,131,75,反弹,默认,7
18775,131,79,叶绿光束,默认,18
18776,131,139,徒长,默认,12
18777,131,167,抽枝,默认,45
18778,131,200,月光合奏,默认,31
18779,131,291,爆米花爆破,默认,43
18780,131,298,生日蛋糕,默认,25
18781,131,318,破罐破摔,默认,24
18782,131,327,示弱,默认,1
18783,131,412,超级糖果,默认,1
18784,131,472,顶端优势,默认,1
18785,132,62,力量增效,技能石,
18786,132,76,取念,技能石,
18787,132,83,吞噬,技能石,
18788,132,152,感染病,技能石,
18789,132,195,晒太阳,技能石,
18790,132,218,毒沼,技能石,
18791,132,285,热身运动,技能石,
18792,132,305,疾风刺,技能石,
18793,132,308,瘴气喷射,技能石,
18794,132,310,盛开,技能石,
18795,132,339,精神扰乱,技能石,
18796,132,423,连续爪击,技能石,
18797,132,426,追打,技能石,
18798,132,451,防御,技能石,
18799,132,489,魔法增效,技能石,
18800,132,502,龙卷风,技能石,
18801,132,55,冷风,血脉,
18802,132,68,升龙咆哮,血脉,
18803,132,94,噬心,血脉,
18804,132,128,幻象,血脉,
18805,132,150,恶能量,血脉,
18806,132,160,扬沙,血脉,
18807,132,169,拍击,血脉,
18808,132,191,星云漩涡,血脉,
18809,132,242,泡沫,血脉,
18810,132,258,溃烂触碰,血脉,
18811,132,266,火焰冲锋,血脉,
18812,132,296,球状闪电,血脉,
18813,132,329,离子震荡,血脉,
18814,132,343,缠丝劲,血脉,
18815,132,367,荆棘爪,血脉,
18816,132,391,虹光冲击,血脉,
18817,132,480,飞吻,血脉,
18818,132,495,鹰爪,血脉,
18819,132,7,丰饶,默认,23
18820,132,15,仙人掌刺击,默认,40
18821,132,25,倾泻,默认,10
18822,132,36,光能聚集,默认,34
18823,132,75,反弹,默认,7
18824,132,79,叶绿光束,默认,18
18825,132,139,徒长,默认,12
18826,132,167,抽枝,默认,45
18827,132,200,月光合奏,默认,31
18828,132,291,爆米花爆破,默认,43
18829,132,298,生日蛋糕,默认,25
18830,132,318,破罐破摔,默认,24
18831,132,327,示弱,默认,1
18832,132,412,超级糖果,默认,1
18833,132,472,顶端优势,默认,1
18834,158,18,休息回复,技能石,
18835,158,23,俯冲猛击,技能石,
18836,158,92,嗜痛,技能石,
18837,158,108,复写,技能石,
18838,158,189,无畏之心,技能石,
18839,158,231,水弹,技能石,
18840,158,352,聒噪,技能石,
18841,158,395,血气,技能石,
18842,158,450,防反,技能石,
18843,158,38,冥想,血脉,
18844,158,68,升龙咆哮,血脉,
18845,158,74,反击拳,血脉,
18846,158,176,掩护,血脉,
18847,158,192,星星撞击,血脉,
18848,158,234,水泡盾,血脉,
18849,158,254,淤泥表皮,血脉,
18850,158,258,溃烂触碰,血脉,
18851,158,268,火焰护盾,血脉,
18852,158,329,离子震荡,血脉,
18853,158,336,等价交换,血脉,
18854,158,348,羽翼庇护,血脉,
18855,158,380,虚化,血脉,
18856,158,391,虹光冲击,血脉,
18857,158,393,蜡质膜,血脉,
18858,158,460,集中,血脉,
18859,158,461,雪替身,血脉,
18860,158,488,魅惑,血脉,
18861,158,31,先发制人,默认,28
18862,158,62,力量增效,默认,21
18863,158,262,潮涌,默认,16
18864,158,350,翼击,默认,43
18865,158,451,防御,默认,9
18866,158,475,风墙,默认,44
18867,158,476,风矢,默认,36
18868,158,478,风隐,默认,42
18869,158,482,飞羽,默认,1
18870,158,492,鸣叫,默认,1
18871,158,502,龙卷风,默认,45
18872,178,44,冰捆缚,技能石,
18873,178,119,寒风吹,技能石,
18874,178,142,快速移动,技能石,
18875,178,204,极寒领域,技能石,
18876,178,251,消毒法,技能石,
18877,178,252,涌泉,技能石,
18878,178,285,热身运动,技能石,
18879,178,335,突袭,技能石,
18880,178,389,虫蛊,技能石,
18881,178,405,贮藏,技能石,
18882,178,426,追打,技能石,
18883,178,451,防御,技能石,
18884,178,477,风起,技能石,
18885,178,47,冰爪,血脉,
18886,178,68,升龙咆哮,血脉,
18887,178,123,尾后针,血脉,
18888,178,192,星星撞击,血脉,
18889,178,218,毒沼,血脉,
18890,178,232,水弹枪,血脉,
18891,178,270,火爪,血脉,
18892,178,273,灵媒,血脉,
18893,178,325,磁干扰,血脉,
18894,178,329,离子震荡,血脉,
18895,178,367,荆棘爪,血脉,
18896,178,391,虹光冲击,血脉,
18897,178,406,贯手,血脉,
18898,178,416,跺地,血脉,
18899,178,437,针状物,血脉,
18900,178,476,风矢,血脉,
18901,178,488,魅惑,血脉,
18902,178,497,黑手,血脉,
18903,178,24,借用,默认,28
18904,178,97,回旋风暴,默认,13
18905,178,113,天洪,默认,49
18906,178,156,打湿,默认,21
18907,178,236,水炮,默认,41
18908,178,238,水花四溅,默认,5
18909,178,299,甩水,默认,1
18910,178,309,盐水浴,默认,47
18911,178,350,翼击,默认,35
18912,178,359,能量炮,默认,24
18913,178,372,落雨,默认,36
18914,178,478,风隐,默认,7
18915,178,489,魔法增效,默认,1
18916,192,2,三连破,技能石,
18917,192,8,主场优势,技能石,
18918,192,21,伺机而动,技能石,
18919,192,25,倾泻,技能石,
18920,192,108,复写,技能石,
18921,192,110,大爆炸,技能石,
18922,192,209,根吸收,技能石,
18923,192,212,棘刺,技能石,
18924,192,285,热身运动,技能石,
18925,192,310,盛开,技能石,
18926,192,349,翅刃,技能石,
18927,192,365,花香,技能石,
18928,192,454,阻断,技能石,
18929,192,481,飞断,技能石,
18930,192,55,冷风,血脉,
18931,192,68,升龙咆哮,血脉,
18932,192,123,尾后针,血脉,
18933,192,192,星星撞击,血脉,
18934,192,218,毒沼,血脉,
18935,192,270,火爪,血脉,
18936,192,273,灵媒,血脉,
18937,192,325,磁干扰,血脉,
18938,192,329,离子震荡,血脉,
18939,192,355,肥皂泡,血脉,
18940,192,367,荆棘爪,血脉,
18941,192,391,虹光冲击,血脉,
18942,192,406,贯手,血脉,
18943,192,416,跺地,血脉,
18944,192,437,针状物,血脉,
18945,192,476,风矢,血脉,
18946,192,488,魅惑,血脉,
18947,192,497,黑手,血脉,
18948,192,27,假寐,默认,20
18949,192,169,拍击,默认,9
18950,192,178,摇篮曲,默认,27
18951,192,352,聒噪,默认,1
18952,192,384,虫网,默认,1
18953,192,389,虫蛊,默认,33
18954,192,390,虫鸣,默认,25
18955,192,399,触底强击,默认,36
18956,192,426,追打,默认,48
18957,192,451,防御,默认,13
18958,192,470,音波弹,默认,28
18959,192,491,魔能爆,默认,35
18960,193,2,三连破,技能石,
18961,193,8,主场优势,技能石,
18962,193,21,伺机而动,技能石,
18963,193,25,倾泻,技能石,
18964,193,108,复写,技能石,
18965,193,110,大爆炸,技能石,
18966,193,209,根吸收,技能石,
18967,193,212,棘刺,技能石,
18968,193,285,热身运动,技能石,
18969,193,310,盛开,技能石,
18970,193,349,翅刃,技能石,
18971,193,365,花香,技能石,
18972,193,454,阻断,技能石,
18973,193,481,飞断,技能石,
18974,193,55,冷风,血脉,
18975,193,68,升龙咆哮,血脉,
18976,193,123,尾后针,血脉,
18977,193,192,星星撞击,血脉,
18978,193,218,毒沼,血脉,
18979,193,270,火爪,血脉,
18980,193,273,灵媒,血脉,
18981,193,325,磁干扰,血脉,
18982,193,329,离子震荡,血脉,
18983,193,355,肥皂泡,血脉,
18984,193,367,荆棘爪,血脉,
18985,193,391,虹光冲击,血脉,
18986,193,406,贯手,血脉,
18987,193,416,跺地,血脉,
18988,193,437,针状物,血脉,
18989,193,476,风矢,血脉,
18990,193,488,魅惑,血脉,
18991,193,497,黑手,血脉,
18992,193,27,假寐,默认,6
18993,193,169,拍击,默认,1
18994,193,178,摇篮曲,默认,16
18995,193,352,聒噪,默认,1
18996,193,384,虫网,默认,1
18997,193,389,虫蛊,默认,34
18998,193,390,虫鸣,默认,12
18999,193,399,触底强击,默认,37
19000,193,426,追打,默认,39
19001,193,451,防御,默认,3
19002,193,470,音波弹,默认,27
19003,193,491,魔能爆,默认,35
19004,388,76,取念,技能石,
19005,388,285,热身运动,技能石,
19006,388,300,电弧,技能石,
19007,388,339,精神扰乱,技能石,
19008,388,357,能量刃,技能石,
19009,388,412,超级糖果,技能石,
19010,388,420,过载回路,技能石,
19011,388,423,连续爪击,技能石,
19012,388,438,钢钻,技能石,
19013,388,451,防御,技能石,
19014,388,454,阻断,技能石,
19015,388,498,鼓劲,技能石,
19016,388,502,龙卷风,技能石,
19017,388,47,冰爪,血脉,
19018,388,68,升龙咆哮,血脉,
19019,388,94,噬心,血脉,
19020,388,150,恶能量,血脉,
19021,388,191,星云漩涡,血脉,
19022,388,218,毒沼,血脉,
19023,388,242,泡沫,血脉,
19024,388,266,火焰冲锋,血脉,
19025,388,273,灵媒,血脉,
19026,388,294,猛烈撞击,血脉,
19027,388,324,碰爪,血脉,
19028,388,343,缠丝劲,血脉,
19029,388,365,花香,血脉,
19030,388,400,触电,血脉,
19031,388,416,跺地,血脉,
19032,388,430,透射,血脉,
19033,388,435,金属噪音,血脉,
19034,388,495,鹰爪,血脉,
19035,388,19,传感器,默认,1
19036,388,23,俯冲猛击,默认,37
19037,388,25,倾泻,默认,36
19038,388,29,偷袭,默认,39
19039,388,63,加固,默认,3
19040,388,203,杠杆置换,默认,1
19041,388,305,疾风刺,默认,9
19042,388,346,羽化加速,默认,12
19043,388,418,轴承支撑,默认,21
19044,388,439,钢铁洪流,默认,17
19045,388,476,风矢,默认,28
19046,388,477,风起,默认,29
19047,388,500,齿轮扭矩,默认,1
19048,371,31,先发制人,技能石,
19049,371,108,复写,技能石,
19050,371,127,崩拳,技能石,
19051,371,131,应激反应,技能石,
19052,371,134,强制重启,技能石,
19053,371,175,掠夺,技能石,
19054,371,195,晒太阳,技能石,
19055,371,196,暗突袭,技能石,
19056,371,215,欺诈契约,技能石,
19057,371,226,气波,技能石,
19058,371,300,电弧,技能石,
19059,371,352,聒噪,技能石,
19060,371,409,超导,技能石,
19061,371,448,闪击折返,技能石,
19062,371,454,阻断,技能石,
19063,371,490,魔爪,技能石,
19064,371,55,冷风,血脉,
19065,371,68,升龙咆哮,血脉,
19066,371,94,噬心,血脉,
19067,371,128,幻象,血脉,
19068,371,160,扬沙,血脉,
19069,371,169,拍击,血脉,
19070,371,191,星云漩涡,血脉,
19071,371,218,毒沼,血脉,
19072,371,242,泡沫,血脉,
19073,371,266,火焰冲锋,血脉,
19074,371,296,球状闪电,血脉,
19075,371,329,离子震荡,血脉,
19076,371,343,缠丝劲,血脉,
19077,371,365,花香,血脉,
19078,371,391,虹光冲击,血脉,
19079,371,402,诋毁,血脉,
19080,371,488,魅惑,血脉,
19081,371,495,鹰爪,血脉,
19082,371,16,以毒攻毒,默认,1
19083,371,60,剧毒,默认,40
19084,371,152,感染病,默认,41
19085,371,187,旋转突击,默认,5
19086,371,216,毒囊,默认,46
19087,371,217,毒孢子,默认,8
19088,371,219,毒泡泡,默认,1
19089,371,220,毒液渗透,默认,37
19090,371,285,热身运动,默认,36
19091,371,304,疫病吐息,默认,30
19092,371,308,瘴气喷射,默认,29
19093,371,359,能量炮,默认,35
19094,371,361,腐化,默认,21
19095,371,422,连续毒针,默认,11
19096,371,451,防御,默认,1
19097,372,31,先发制人,技能石,
19098,372,108,复写,技能石,
19099,372,127,崩拳,技能石,
19100,372,131,应激反应,技能石,
19101,372,134,强制重启,技能石,
19102,372,175,掠夺,技能石,
19103,372,195,晒太阳,技能石,
19104,372,196,暗突袭,技能石,
19105,372,215,欺诈契约,技能石,
19106,372,226,气波,技能石,
19107,372,300,电弧,技能石,
19108,372,352,聒噪,技能石,
19109,372,409,超导,技能石,
19110,372,448,闪击折返,技能石,
19111,372,454,阻断,技能石,
19112,372,490,魔爪,技能石,
19113,372,55,冷风,血脉,
19114,372,68,升龙咆哮,血脉,
19115,372,94,噬心,血脉,
19116,372,128,幻象,血脉,
19117,372,160,扬沙,血脉,
19118,372,169,拍击,血脉,
19119,372,191,星云漩涡,血脉,
19120,372,218,毒沼,血脉,
19121,372,242,泡沫,血脉,
19122,372,266,火焰冲锋,血脉,
19123,372,296,球状闪电,血脉,
19124,372,329,离子震荡,血脉,
19125,372,343,缠丝劲,血脉,
19126,372,365,花香,血脉,
19127,372,391,虹光冲击,血脉,
19128,372,402,诋毁,血脉,
19129,372,488,魅惑,血脉,
19130,372,495,鹰爪,血脉,
19131,372,16,以毒攻毒,默认,1
19132,372,60,剧毒,默认,40
19133,372,152,感染病,默认,41
19134,372,187,旋转突击,默认,5
19135,372,216,毒囊,默认,46
19136,372,217,毒孢子,默认,8
19137,372,219,毒泡泡,默认,1
19138,372,220,毒液渗透,默认,37
19139,372,285,热身运动,默认,36
19140,372,304,疫病吐息,默认,30
19141,372,308,瘴气喷射,默认,29
19142,372,359,能量炮,默认,35
19143,372,361,腐化,默认,21
19144,372,422,连续毒针,默认,11
19145,372,451,防御,默认,1
19146,370,31,先发制人,技能石,
19147,370,108,复写,技能石,
19148,370,127,崩拳,技能石,
19149,370,131,应激反应,技能石,
19150,370,134,强制重启,技能石,
19151,370,175,掠夺,技能石,
19152,370,195,晒太阳,技能石,
19153,370,196,暗突袭,技能石,
19154,370,215,欺诈契约,技能石,
19155,370,226,气波,技能石,
19156,370,300,电弧,技能石,
19157,370,352,聒噪,技能石,
19158,370,409,超导,技能石,
19159,370,448,闪击折返,技能石,
19160,370,454,阻断,技能石,
19161,370,490,魔爪,技能石,
19162,370,55,冷风,血脉,
19163,370,68,升龙咆哮,血脉,
19164,370,94,噬心,血脉,
19165,370,128,幻象,血脉,
19166,370,160,扬沙,血脉,
19167,370,169,拍击,血脉,
19168,370,191,星云漩涡,血脉,
19169,370,218,毒沼,血脉,
19170,370,242,泡沫,血脉,
19171,370,266,火焰冲锋,血脉,
19172,370,296,球状闪电,血脉,
19173,370,329,离子震荡,血脉,
19174,370,343,缠丝劲,血脉,
19175,370,365,花香,血脉,
19176,370,391,虹光冲击,血脉,
19177,370,402,诋毁,血脉,
19178,370,488,魅惑,血脉,
19179,370,495,鹰爪,血脉,
19180,370,16,以毒攻毒,默认,1
19181,370,60,剧毒,默认,40
19182,370,152,感染病,默认,41
19183,370,187,旋转突击,默认,5
19184,370,216,毒囊,默认,46
19185,370,217,毒孢子,默认,8
19186,370,219,毒泡泡,默认,1
19187,370,220,毒液渗透,默认,37
19188,370,285,热身运动,默认,36
19189,370,304,疫病吐息,默认,30
19190,370,308,瘴气喷射,默认,29
19191,370,359,能量炮,默认,35
19192,370,361,腐化,默认,21
19193,370,422,连续毒针,默认,11
19194,370,451,防御,默认,1
19195,164,29,偷袭,技能石,
19196,164,33,光刃,技能石,
19197,164,34,光合作用,技能石,
19198,164,72,双星,技能石,
19199,164,108,复写,技能石,
19200,164,110,大爆炸,技能石,
19201,164,131,应激反应,技能石,
19202,164,167,抽枝,技能石,
19203,164,195,晒太阳,技能石,
19204,164,213,棘突,技能石,
19205,164,260,漫反射,技能石,
19206,164,360,脉冲光线,技能石,
19207,164,426,追打,技能石,
19208,164,471,音爆,技能石,
19209,164,472,顶端优势,技能石,
19210,164,47,冰爪,血脉,
19211,164,68,升龙咆哮,血脉,
19212,164,94,噬心,血脉,
19213,164,150,恶能量,血脉,
19214,164,191,星云漩涡,血脉,
19215,164,211,械斗,血脉,
19216,164,218,毒沼,血脉,
19217,164,242,泡沫,血脉,
19218,164,244,泥巴喷射,血脉,
19219,164,266,火焰冲锋,血脉,
19220,164,273,灵媒,血脉,
19221,164,294,猛烈撞击,血脉,
19222,164,296,球状闪电,血脉,
19223,164,324,碰爪,血脉,
19224,164,343,缠丝劲,血脉,
19225,164,367,荆棘爪,血脉,
19226,164,430,透射,血脉,
19227,164,476,风矢,血脉,
19228,164,62,力量增效,默认,9
19229,164,99,地陷,默认,50
19230,164,100,地震,默认,32
19231,164,160,扬沙,默认,1
19232,164,165,抛石,默认,35
19233,164,241,沙涌,默认,34
19234,164,246,泥浆铠甲,默认,48
19235,164,374,蓄势待发,默认,26
19236,164,396,裂石,默认,49
19237,164,415,践踏,默认,22
19238,164,416,跺地,默认,7
19239,164,440,钧势,默认,20
19240,164,451,防御,默认,1
19241,164,457,陨石,默认,13
19242,164,489,魔法增效,默认,1
19243,363,11,乘风,技能石,
19244,363,24,借用,技能石,
19245,363,62,力量增效,技能石,
19246,363,68,升龙咆哮,技能石,
19247,363,83,吞噬,技能石,
19248,363,88,咆哮,技能石,
19249,363,131,应激反应,技能石,
19250,363,142,快速移动,技能石,
19251,363,155,扇风,技能石,
19252,363,236,水炮,技能石,
19253,363,300,电弧,技能石,
19254,363,350,翼击,技能石,
19255,363,409,超导,技能石,
19256,363,426,追打,技能石,
19257,363,451,防御,技能石,
19258,363,502,龙卷风,技能石,
19259,363,55,冷风,血脉,
19260,363,94,噬心,血脉,
19261,363,128,幻象,血脉,
19262,363,150,恶能量,血脉,
19263,363,160,扬沙,血脉,
19264,363,169,拍击,血脉,
19265,363,191,星云漩涡,血脉,
19266,363,232,水弹枪,血脉,
19267,363,258,溃烂触碰,血脉,
19268,363,266,火焰冲锋,血脉,
19269,363,296,球状闪电,血脉,
19270,363,329,离子震荡,血脉,
19271,363,343,缠丝劲,血脉,
19272,363,365,花香,血脉,
19273,363,391,虹光冲击,血脉,
19274,363,476,风矢,血脉,
19275,363,488,魅惑,血脉,
19276,363,504,龙吼,血脉,
19277,363,31,先发制人,默认,11
19278,363,113,天洪,默认,50
19279,363,145,怨力打击,默认,41
19280,363,156,打湿,默认,21
19281,363,207,架势,默认,9
19282,363,229,水刃,默认,48
19283,363,230,水幕冲击,默认,25
19284,363,253,润泽,默认,34
19285,363,262,潮涌,默认,1
19286,363,398,角击,默认,3
19287,363,489,魔法增效,默认,1
19288,363,501,龙之利爪,默认,37
19289,363,503,龙吟,默认,29
19290,363,506,龙息环爆,默认,46
19291,363,507,龙炮,默认,33
19292,464,8,主场优势,技能石,
19293,464,13,二律背反,技能石,
19294,464,30,充分燃烧,技能石,
19295,464,76,取念,技能石,
19296,464,91,啮合传递,技能石,
19297,464,95,四维降解,技能石,
19298,464,189,无畏之心,技能石,
19299,464,193,星轨裂变,技能石,
19300,464,195,晒太阳,技能石,
19301,464,201,有效预防,技能石,
19302,464,268,火焰护盾,技能石,
19303,464,284,热身,技能石,
19304,464,418,轴承支撑,技能石,
19305,464,489,魔法增效,技能石,
19306,464,498,鼓劲,技能石,
19307,464,27,假寐,血脉,
19308,464,67,化劲,血脉,
19309,464,68,升龙咆哮,血脉,
19310,464,139,徒长,血脉,
19311,464,192,星星撞击,血脉,
19312,464,217,毒孢子,血脉,
19313,464,246,泥浆铠甲,血脉,
19314,464,269,火焰箭,血脉,
19315,464,273,灵媒,血脉,
19316,464,297,甜心续航,血脉,
19317,464,346,羽化加速,血脉,
19318,464,375,蓄水,血脉,
19319,464,391,虹光冲击,血脉,
19320,464,404,贪婪,血脉,
19321,464,413,超维投射,血脉,
19322,464,435,金属噪音,血脉,
19323,464,468,霜降,血脉,
19324,464,496,麻痹,血脉,
19325,464,25,倾泻,默认,25
19326,464,114,天火,默认,49
19327,464,132,引燃,默认,11
19328,464,190,易燃物质,默认,17
19329,464,203,杠杆置换,默认,1
19330,464,281,烈焰风暴,默认,45
19331,464,288,焚烧烙印,默认,23
19332,464,289,燃尽,默认,50
19333,464,326,磁暴,默认,6
19334,464,329,离子震荡,默认,1
19335,464,353,联动装置,默认,34
19336,464,358,能量守恒,默认,2
19337,464,451,防御,默认,24
19338,465,8,主场优势,技能石,
19339,465,13,二律背反,技能石,
19340,465,30,充分燃烧,技能石,
19341,465,76,取念,技能石,
19342,465,91,啮合传递,技能石,
19343,465,95,四维降解,技能石,
19344,465,189,无畏之心,技能石,
19345,465,193,星轨裂变,技能石,
19346,465,195,晒太阳,技能石,
19347,465,201,有效预防,技能石,
19348,465,268,火焰护盾,技能石,
19349,465,284,热身,技能石,
19350,465,418,轴承支撑,技能石,
19351,465,489,魔法增效,技能石,
19352,465,498,鼓劲,技能石,
19353,465,27,假寐,血脉,
19354,465,67,化劲,血脉,
19355,465,68,升龙咆哮,血脉,
19356,465,139,徒长,血脉,
19357,465,192,星星撞击,血脉,
19358,465,217,毒孢子,血脉,
19359,465,246,泥浆铠甲,血脉,
19360,465,269,火焰箭,血脉,
19361,465,273,灵媒,血脉,
19362,465,297,甜心续航,血脉,
19363,465,346,羽化加速,血脉,
19364,465,375,蓄水,血脉,
19365,465,391,虹光冲击,血脉,
19366,465,404,贪婪,血脉,
19367,465,413,超维投射,血脉,
19368,465,435,金属噪音,血脉,
19369,465,468,霜降,血脉,
19370,465,496,麻痹,血脉,
19371,465,25,倾泻,默认,25
19372,465,114,天火,默认,49
19373,465,132,引燃,默认,11
19374,465,190,易燃物质,默认,17
19375,465,203,杠杆置换,默认,1
19376,465,281,烈焰风暴,默认,45
19377,465,288,焚烧烙印,默认,23
19378,465,289,燃尽,默认,50
19379,465,326,磁暴,默认,6
19380,465,329,离子震荡,默认,1
19381,465,353,联动装置,默认,34
19382,465,358,能量守恒,默认,2
19383,465,451,防御,默认,24
19384,463,8,主场优势,技能石,
19385,463,13,二律背反,技能石,
19386,463,30,充分燃烧,技能石,
19387,463,76,取念,技能石,
19388,463,91,啮合传递,技能石,
19389,463,95,四维降解,技能石,
19390,463,189,无畏之心,技能石,
19391,463,193,星轨裂变,技能石,
19392,463,195,晒太阳,技能石,
19393,463,201,有效预防,技能石,
19394,463,268,火焰护盾,技能石,
19395,463,284,热身,技能石,
19396,463,418,轴承支撑,技能石,
19397,463,489,魔法增效,技能石,
19398,463,498,鼓劲,技能石,
19399,463,27,假寐,血脉,
19400,463,67,化劲,血脉,
19401,463,68,升龙咆哮,血脉,
19402,463,139,徒长,血脉,
19403,463,192,星星撞击,血脉,
19404,463,217,毒孢子,血脉,
19405,463,246,泥浆铠甲,血脉,
19406,463,269,火焰箭,血脉,
19407,463,273,灵媒,血脉,
19408,463,297,甜心续航,血脉,
19409,463,346,羽化加速,血脉,
19410,463,375,蓄水,血脉,
19411,463,391,虹光冲击,血脉,
19412,463,404,贪婪,血脉,
19413,463,413,超维投射,血脉,
19414,463,435,金属噪音,血脉,
19415,463,468,霜降,血脉,
19416,463,496,麻痹,血脉,
19417,463,25,倾泻,默认,25
19418,463,114,天火,默认,49
19419,463,132,引燃,默认,11
19420,463,190,易燃物质,默认,17
19421,463,203,杠杆置换,默认,1
19422,463,281,烈焰风暴,默认,45
19423,463,288,焚烧烙印,默认,23
19424,463,289,燃尽,默认,50
19425,463,326,磁暴,默认,6
19426,463,329,离子震荡,默认,1
19427,463,353,联动装置,默认,34
19428,463,358,能量守恒,默认,2
19429,463,451,防御,默认,24
19430,113,18,休息回复,技能石,
19431,113,21,伺机而动,技能石,
19432,113,70,压扁,技能石,
19433,113,74,反击拳,技能石,
19434,113,98,地刺,技能石,
19435,113,108,复写,技能石,
19436,113,123,尾后针,技能石,
19437,113,201,有效预防,技能石,
19438,113,339,精神扰乱,技能石,
19439,113,381,虫击,技能石,
19440,113,390,虫鸣,技能石,
19441,113,465,震击,技能石,
19442,113,481,飞断,技能石,
19443,113,484,食腐,技能石,
19444,113,47,冰爪,血脉,
19445,113,68,升龙咆哮,血脉,
19446,113,94,噬心,血脉,
19447,113,150,恶能量,血脉,
19448,113,191,星云漩涡,血脉,
19449,113,192,星星撞击,血脉,
19450,113,211,械斗,血脉,
19451,113,218,毒沼,血脉,
19452,113,242,泡沫,血脉,
19453,113,266,火焰冲锋,血脉,
19454,113,273,灵媒,血脉,
19455,113,296,球状闪电,血脉,
19456,113,324,碰爪,血脉,
19457,113,343,缠丝劲,血脉,
19458,113,365,花香,血脉,
19459,113,416,跺地,血脉,
19460,113,430,透射,血脉,
19461,113,476,风矢,血脉,
19462,113,2,三连破,默认,17
19463,113,10,乘胜追击,默认,32
19464,113,29,偷袭,默认,49
19465,113,31,先发制人,默认,8
19466,113,62,力量增效,默认,1
19467,113,83,吞噬,默认,35
19468,113,135,当头棒喝,默认,25
19469,113,162,抓挠,默认,1
19470,113,178,摇篮曲,默认,34
19471,113,285,热身运动,默认,26
19472,113,423,连续爪击,默认,38
19473,113,451,防御,默认,12
19474,113,454,阻断,默认,48
19475,99,58,刺盾,技能石,
19476,99,67,化劲,技能石,
19477,99,76,取念,技能石,
19478,99,120,寸拳,技能石,
19479,99,137,影袭,技能石,
19480,99,226,气波,技能石,
19481,99,244,泥巴喷射,技能石,
19482,99,285,热身运动,技能石,
19483,99,320,硬化,技能石,
19484,99,321,硬门,技能石,
19485,99,371,落石,技能石,
19486,99,395,血气,技能石,
19487,99,426,追打,技能石,
19488,99,432,遁地,技能石,
19489,99,442,锐利眼神,技能石,
19490,99,471,音爆,技能石,
19491,99,38,冥想,血脉,
19492,99,68,升龙咆哮,血脉,
19493,99,176,掩护,血脉,
19494,99,192,星星撞击,血脉,
19495,99,234,水泡盾,血脉,
19496,99,254,淤泥表皮,血脉,
19497,99,258,溃烂触碰,血脉,
19498,99,268,火焰护盾,血脉,
19499,99,329,离子震荡,血脉,
19500,99,336,等价交换,血脉,
19501,99,348,羽翼庇护,血脉,
19502,99,380,虚化,血脉,
19503,99,391,虹光冲击,血脉,
19504,99,393,蜡质膜,血脉,
19505,99,406,贯手,血脉,
19506,99,460,集中,血脉,
19507,99,461,雪替身,血脉,
19508,99,488,魅惑,血脉,
19509,99,18,休息回复,默认,6
19510,99,54,冲撞,默认,35
19511,99,82,吓退,默认,38
19512,99,162,抓挠,默认,30
19513,99,169,拍击,默认,8
19514,99,187,旋转突击,默认,21
19515,99,189,无畏之心,默认,46
19516,99,223,气势一击,默认,28
19517,99,335,突袭,默认,40
19518,99,351,耀眼,默认,10
19519,99,370,落星,默认,1
19520,99,376,蓄能轰击,默认,34
19521,99,450,防反,默认,20
19522,99,451,防御,默认,1
19523,99,470,音波弹,默认,13
19524,123,74,反击拳,技能石,
19525,123,108,复写,技能石,
19526,123,131,应激反应,技能石,
19527,123,177,提气,技能石,
19528,123,195,晒太阳,技能石,
19529,123,212,棘刺,技能石,
19530,123,213,棘突,技能石,
19531,123,222,毒雾,技能石,
19532,123,226,气波,技能石,
19533,123,285,热身运动,技能石,
19534,123,310,盛开,技能石,
19535,123,332,移花接木,技能石,
19536,123,377,藤绞,技能石,
19537,123,397,见招拆招,技能石,
19538,123,401,许愿星,技能石,
19539,123,450,防反,技能石,
19540,123,473,预备势,技能石,
19541,123,27,假寐,血脉,
19542,123,66,勾魂,血脉,
19543,123,67,化劲,血脉,
19544,123,68,升龙咆哮,血脉,
19545,123,91,啮合传递,血脉,
19546,123,132,引燃,血脉,
19547,123,192,星星撞击,血脉,
19548,123,246,泥浆铠甲,血脉,
19549,123,258,溃烂触碰,血脉,
19550,123,297,甜心续航,血脉,
19551,123,346,羽化加速,血脉,
19552,123,367,荆棘爪,血脉,
19553,123,375,蓄水,血脉,
19554,123,391,虹光冲击,血脉,
19555,123,404,贪婪,血脉,
19556,123,413,超维投射,血脉,
19557,123,468,霜降,血脉,
19558,123,496,麻痹,血脉,
19559,123,15,仙人掌刺击,默认,47
19560,123,59,刺藤,默认,22
19561,123,60,剧毒,默认,39
19562,123,79,叶绿光束,默认,30
19563,123,115,孢子,默认,28
19564,123,209,根吸收,默认,1
19565,123,217,毒孢子,默认,10
19566,123,218,毒沼,默认,6
19567,123,220,毒液渗透,默认,38
19568,123,240,汲取,默认,1
19569,123,361,腐化,默认,37
19570,123,366,芳香诱引,默认,48
19571,123,369,落井下毒,默认,49
19572,123,393,蜡质膜,默认,29
19573,123,436,针刺射击,默认,36
19574,123,451,防御,默认,11
19575,115,74,反击拳,技能石,
19576,115,108,复写,技能石,
19577,115,131,应激反应,技能石,
19578,115,177,提气,技能石,
19579,115,195,晒太阳,技能石,
19580,115,212,棘刺,技能石,
19581,115,213,棘突,技能石,
19582,115,222,毒雾,技能石,
19583,115,226,气波,技能石,
19584,115,285,热身运动,技能石,
19585,115,310,盛开,技能石,
19586,115,332,移花接木,技能石,
19587,115,377,藤绞,技能石,
19588,115,397,见招拆招,技能石,
19589,115,401,许愿星,技能石,
19590,115,450,防反,技能石,
19591,115,473,预备势,技能石,
19592,115,27,假寐,血脉,
19593,115,66,勾魂,血脉,
19594,115,67,化劲,血脉,
19595,115,68,升龙咆哮,血脉,
19596,115,91,啮合传递,血脉,
19597,115,132,引燃,血脉,
19598,115,192,星星撞击,血脉,
19599,115,246,泥浆铠甲,血脉,
19600,115,258,溃烂触碰,血脉,
19601,115,297,甜心续航,血脉,
19602,115,346,羽化加速,血脉,
19603,115,367,荆棘爪,血脉,
19604,115,375,蓄水,血脉,
19605,115,391,虹光冲击,血脉,
19606,115,404,贪婪,血脉,
19607,115,413,超维投射,血脉,
19608,115,468,霜降,血脉,
19609,115,496,麻痹,血脉,
19610,115,15,仙人掌刺击,默认,46
19611,115,59,刺藤,默认,17
19612,115,60,剧毒,默认,41
19613,115,79,叶绿光束,默认,35
19614,115,115,孢子,默认,25
19615,115,209,根吸收,默认,1
19616,115,217,毒孢子,默认,10
19617,115,218,毒沼,默认,3
19618,115,220,毒液渗透,默认,40
19619,115,240,汲取,默认,1
19620,115,361,腐化,默认,39
19621,115,366,芳香诱引,默认,48
19622,115,369,落井下毒,默认,49
19623,115,393,蜡质膜,默认,33
19624,115,436,针刺射击,默认,37
19625,115,451,防御,默认,11
19626,116,74,反击拳,技能石,
19627,116,108,复写,技能石,
19628,116,131,应激反应,技能石,
19629,116,177,提气,技能石,
19630,116,195,晒太阳,技能石,
19631,116,212,棘刺,技能石,
19632,116,213,棘突,技能石,
19633,116,222,毒雾,技能石,
19634,116,226,气波,技能石,
19635,116,285,热身运动,技能石,
19636,116,310,盛开,技能石,
19637,116,332,移花接木,技能石,
19638,116,377,藤绞,技能石,
19639,116,397,见招拆招,技能石,
19640,116,401,许愿星,技能石,
19641,116,450,防反,技能石,
19642,116,473,预备势,技能石,
19643,116,27,假寐,血脉,
19644,116,66,勾魂,血脉,
19645,116,67,化劲,血脉,
19646,116,68,升龙咆哮,血脉,
19647,116,91,啮合传递,血脉,
19648,116,132,引燃,血脉,
19649,116,192,星星撞击,血脉,
19650,116,246,泥浆铠甲,血脉,
19651,116,258,溃烂触碰,血脉,
19652,116,297,甜心续航,血脉,
19653,116,346,羽化加速,血脉,
19654,116,367,荆棘爪,血脉,
19655,116,375,蓄水,血脉,
19656,116,391,虹光冲击,血脉,
19657,116,404,贪婪,血脉,
19658,116,413,超维投射,血脉,
19659,116,468,霜降,血脉,
19660,116,496,麻痹,血脉,
19661,116,15,仙人掌刺击,默认,47
19662,116,59,刺藤,默认,22
19663,116,60,剧毒,默认,39
19664,116,79,叶绿光束,默认,30
19665,116,115,孢子,默认,28
19666,116,209,根吸收,默认,1
19667,116,217,毒孢子,默认,10
19668,116,218,毒沼,默认,6
19669,116,220,毒液渗透,默认,38
19670,116,240,汲取,默认,1
19671,116,361,腐化,默认,37
19672,116,366,芳香诱引,默认,48
19673,116,369,落井下毒,默认,49
19674,116,393,蜡质膜,默认,29
19675,116,436,针刺射击,默认,36
19676,116,451,防御,默认,11
19677,117,74,反击拳,技能石,
19678,117,108,复写,技能石,
19679,117,131,应激反应,技能石,
19680,117,177,提气,技能石,
19681,117,195,晒太阳,技能石,
19682,117,212,棘刺,技能石,
19683,117,213,棘突,技能石,
19684,117,222,毒雾,技能石,
19685,117,226,气波,技能石,
19686,117,285,热身运动,技能石,
19687,117,310,盛开,技能石,
19688,117,332,移花接木,技能石,
19689,117,377,藤绞,技能石,
19690,117,397,见招拆招,技能石,
19691,117,401,许愿星,技能石,
19692,117,450,防反,技能石,
19693,117,473,预备势,技能石,
19694,117,27,假寐,血脉,
19695,117,66,勾魂,血脉,
19696,117,67,化劲,血脉,
19697,117,68,升龙咆哮,血脉,
19698,117,91,啮合传递,血脉,
19699,117,132,引燃,血脉,
19700,117,192,星星撞击,血脉,
19701,117,246,泥浆铠甲,血脉,
19702,117,258,溃烂触碰,血脉,
19703,117,297,甜心续航,血脉,
19704,117,346,羽化加速,血脉,
19705,117,367,荆棘爪,血脉,
19706,117,375,蓄水,血脉,
19707,117,391,虹光冲击,血脉,
19708,117,404,贪婪,血脉,
19709,117,413,超维投射,血脉,
19710,117,468,霜降,血脉,
19711,117,496,麻痹,血脉,
19712,117,15,仙人掌刺击,默认,39
19713,117,59,刺藤,默认,11
19714,117,60,剧毒,默认,37
19715,117,79,叶绿光束,默认,29
19716,117,115,孢子,默认,16
19717,117,209,根吸收,默认,1
19718,117,217,毒孢子,默认,3
19719,117,218,毒沼,默认,1
19720,117,220,毒液渗透,默认,36
19721,117,240,汲取,默认,1
19722,117,361,腐化,默认,33
19723,117,366,芳香诱引,默认,40
19724,117,369,落井下毒,默认,50
19725,117,393,蜡质膜,默认,22
19726,117,436,针刺射击,默认,30
19727,117,451,防御,默认,10
19728,118,74,反击拳,技能石,
19729,118,108,复写,技能石,
19730,118,131,应激反应,技能石,
19731,118,177,提气,技能石,
19732,118,195,晒太阳,技能石,
19733,118,212,棘刺,技能石,
19734,118,213,棘突,技能石,
19735,118,222,毒雾,技能石,
19736,118,226,气波,技能石,
19737,118,285,热身运动,技能石,
19738,118,310,盛开,技能石,
19739,118,332,移花接木,技能石,
19740,118,377,藤绞,技能石,
19741,118,397,见招拆招,技能石,
19742,118,401,许愿星,技能石,
19743,118,450,防反,技能石,
19744,118,473,预备势,技能石,
19745,118,27,假寐,血脉,
19746,118,66,勾魂,血脉,
19747,118,67,化劲,血脉,
19748,118,68,升龙咆哮,血脉,
19749,118,91,啮合传递,血脉,
19750,118,132,引燃,血脉,
19751,118,192,星星撞击,血脉,
19752,118,246,泥浆铠甲,血脉,
19753,118,258,溃烂触碰,血脉,
19754,118,297,甜心续航,血脉,
19755,118,346,羽化加速,血脉,
19756,118,367,荆棘爪,血脉,
19757,118,375,蓄水,血脉,
19758,118,391,虹光冲击,血脉,
19759,118,404,贪婪,血脉,
19760,118,413,超维投射,血脉,
19761,118,468,霜降,血脉,
19762,118,496,麻痹,血脉,
19763,118,15,仙人掌刺击,默认,38
19764,118,59,刺藤,默认,12
19765,118,60,剧毒,默认,36
19766,118,79,叶绿光束,默认,29
19767,118,115,孢子,默认,17
19768,118,209,根吸收,默认,1
19769,118,217,毒孢子,默认,7
19770,118,218,毒沼,默认,1
19771,118,220,毒液渗透,默认,35
19772,118,240,汲取,默认,1
19773,118,361,腐化,默认,33
19774,118,366,芳香诱引,默认,40
19775,118,369,落井下毒,默认,47
19776,118,393,蜡质膜,默认,22
19777,118,436,针刺射击,默认,30
19778,118,451,防御,默认,8
19779,124,74,反击拳,技能石,
19780,124,108,复写,技能石,
19781,124,131,应激反应,技能石,
19782,124,177,提气,技能石,
19783,124,195,晒太阳,技能石,
19784,124,212,棘刺,技能石,
19785,124,213,棘突,技能石,
19786,124,222,毒雾,技能石,
19787,124,226,气波,技能石,
19788,124,285,热身运动,技能石,
19789,124,310,盛开,技能石,
19790,124,332,移花接木,技能石,
19791,124,377,藤绞,技能石,
19792,124,397,见招拆招,技能石,
19793,124,401,许愿星,技能石,
19794,124,450,防反,技能石,
19795,124,473,预备势,技能石,
19796,124,27,假寐,血脉,
19797,124,66,勾魂,血脉,
19798,124,67,化劲,血脉,
19799,124,68,升龙咆哮,血脉,
19800,124,91,啮合传递,血脉,
19801,124,132,引燃,血脉,
19802,124,192,星星撞击,血脉,
19803,124,246,泥浆铠甲,血脉,
19804,124,258,溃烂触碰,血脉,
19805,124,297,甜心续航,血脉,
19806,124,346,羽化加速,血脉,
19807,124,367,荆棘爪,血脉,
19808,124,375,蓄水,血脉,
19809,124,391,虹光冲击,血脉,
19810,124,404,贪婪,血脉,
19811,124,413,超维投射,血脉,
19812,124,468,霜降,血脉,
19813,124,496,麻痹,血脉,
19814,124,15,仙人掌刺击,默认,46
19815,124,59,刺藤,默认,17
19816,124,60,剧毒,默认,41
19817,124,79,叶绿光束,默认,35
19818,124,115,孢子,默认,25
19819,124,209,根吸收,默认,1
19820,124,217,毒孢子,默认,10
19821,124,218,毒沼,默认,3
19822,124,220,毒液渗透,默认,40
19823,124,240,汲取,默认,1
19824,124,361,腐化,默认,39
19825,124,366,芳香诱引,默认,48
19826,124,369,落井下毒,默认,49
19827,124,393,蜡质膜,默认,33
19828,124,436,针刺射击,默认,37
19829,124,451,防御,默认,11
19830,125,74,反击拳,技能石,
19831,125,108,复写,技能石,
19832,125,131,应激反应,技能石,
19833,125,177,提气,技能石,
19834,125,195,晒太阳,技能石,
19835,125,212,棘刺,技能石,
19836,125,213,棘突,技能石,
19837,125,222,毒雾,技能石,
19838,125,226,气波,技能石,
19839,125,285,热身运动,技能石,
19840,125,310,盛开,技能石,
19841,125,332,移花接木,技能石,
19842,125,377,藤绞,技能石,
19843,125,397,见招拆招,技能石,
19844,125,401,许愿星,技能石,
19845,125,450,防反,技能石,
19846,125,473,预备势,技能石,
19847,125,27,假寐,血脉,
19848,125,66,勾魂,血脉,
19849,125,67,化劲,血脉,
19850,125,68,升龙咆哮,血脉,
19851,125,91,啮合传递,血脉,
19852,125,132,引燃,血脉,
19853,125,192,星星撞击,血脉,
19854,125,246,泥浆铠甲,血脉,
19855,125,258,溃烂触碰,血脉,
19856,125,297,甜心续航,血脉,
19857,125,346,羽化加速,血脉,
19858,125,367,荆棘爪,血脉,
19859,125,375,蓄水,血脉,
19860,125,391,虹光冲击,血脉,
19861,125,404,贪婪,血脉,
19862,125,413,超维投射,血脉,
19863,125,468,霜降,血脉,
19864,125,496,麻痹,血脉,
19865,125,15,仙人掌刺击,默认,47
19866,125,59,刺藤,默认,22
19867,125,60,剧毒,默认,39
19868,125,79,叶绿光束,默认,30
19869,125,115,孢子,默认,28
19870,125,209,根吸收,默认,1
19871,125,217,毒孢子,默认,10
19872,125,218,毒沼,默认,6
19873,125,220,毒液渗透,默认,38
19874,125,240,汲取,默认,1
19875,125,361,腐化,默认,37
19876,125,366,芳香诱引,默认,48
19877,125,369,落井下毒,默认,49
19878,125,393,蜡质膜,默认,29
19879,125,436,针刺射击,默认,36
19880,125,451,防御,默认,11
19881,126,74,反击拳,技能石,
19882,126,108,复写,技能石,
19883,126,131,应激反应,技能石,
19884,126,177,提气,技能石,
19885,126,195,晒太阳,技能石,
19886,126,212,棘刺,技能石,
19887,126,213,棘突,技能石,
19888,126,222,毒雾,技能石,
19889,126,226,气波,技能石,
19890,126,285,热身运动,技能石,
19891,126,310,盛开,技能石,
19892,126,332,移花接木,技能石,
19893,126,377,藤绞,技能石,
19894,126,397,见招拆招,技能石,
19895,126,401,许愿星,技能石,
19896,126,450,防反,技能石,
19897,126,473,预备势,技能石,
19898,126,27,假寐,血脉,
19899,126,66,勾魂,血脉,
19900,126,67,化劲,血脉,
19901,126,68,升龙咆哮,血脉,
19902,126,91,啮合传递,血脉,
19903,126,132,引燃,血脉,
19904,126,192,星星撞击,血脉,
19905,126,246,泥浆铠甲,血脉,
19906,126,258,溃烂触碰,血脉,
19907,126,297,甜心续航,血脉,
19908,126,346,羽化加速,血脉,
19909,126,367,荆棘爪,血脉,
19910,126,375,蓄水,血脉,
19911,126,391,虹光冲击,血脉,
19912,126,404,贪婪,血脉,
19913,126,413,超维投射,血脉,
19914,126,468,霜降,血脉,
19915,126,496,麻痹,血脉,
19916,126,15,仙人掌刺击,默认,39
19917,126,59,刺藤,默认,11
19918,126,60,剧毒,默认,37
19919,126,79,叶绿光束,默认,29
19920,126,115,孢子,默认,16
19921,126,209,根吸收,默认,1
19922,126,217,毒孢子,默认,3
19923,126,218,毒沼,默认,1
19924,126,220,毒液渗透,默认,36
19925,126,240,汲取,默认,1
19926,126,361,腐化,默认,33
19927,126,366,芳香诱引,默认,40
19928,126,369,落井下毒,默认,50
19929,126,393,蜡质膜,默认,22
19930,126,436,针刺射击,默认,30
19931,126,451,防御,默认,10
19932,127,74,反击拳,技能石,
19933,127,108,复写,技能石,
19934,127,131,应激反应,技能石,
19935,127,177,提气,技能石,
19936,127,195,晒太阳,技能石,
19937,127,212,棘刺,技能石,
19938,127,213,棘突,技能石,
19939,127,222,毒雾,技能石,
19940,127,226,气波,技能石,
19941,127,285,热身运动,技能石,
19942,127,310,盛开,技能石,
19943,127,332,移花接木,技能石,
19944,127,377,藤绞,技能石,
19945,127,397,见招拆招,技能石,
19946,127,401,许愿星,技能石,
19947,127,450,防反,技能石,
19948,127,473,预备势,技能石,
19949,127,27,假寐,血脉,
19950,127,66,勾魂,血脉,
19951,127,67,化劲,血脉,
19952,127,68,升龙咆哮,血脉,
19953,127,91,啮合传递,血脉,
19954,127,132,引燃,血脉,
19955,127,192,星星撞击,血脉,
19956,127,246,泥浆铠甲,血脉,
19957,127,258,溃烂触碰,血脉,
19958,127,297,甜心续航,血脉,
19959,127,346,羽化加速,血脉,
19960,127,367,荆棘爪,血脉,
19961,127,375,蓄水,血脉,
19962,127,391,虹光冲击,血脉,
19963,127,404,贪婪,血脉,
19964,127,413,超维投射,血脉,
19965,127,468,霜降,血脉,
19966,127,496,麻痹,血脉,
19967,127,15,仙人掌刺击,默认,38
19968,127,59,刺藤,默认,12
19969,127,60,剧毒,默认,36
19970,127,79,叶绿光束,默认,29
19971,127,115,孢子,默认,17
19972,127,209,根吸收,默认,1
19973,127,217,毒孢子,默认,7
19974,127,218,毒沼,默认,1
19975,127,220,毒液渗透,默认,35
19976,127,240,汲取,默认,1
19977,127,361,腐化,默认,33
19978,127,366,芳香诱引,默认,40
19979,127,369,落井下毒,默认,47
19980,127,393,蜡质膜,默认,22
19981,127,436,针刺射击,默认,30
19982,127,451,防御,默认,8
19983,119,74,反击拳,技能石,
19984,119,108,复写,技能石,
19985,119,131,应激反应,技能石,
19986,119,177,提气,技能石,
19987,119,195,晒太阳,技能石,
19988,119,212,棘刺,技能石,
19989,119,213,棘突,技能石,
19990,119,222,毒雾,技能石,
19991,119,226,气波,技能石,
19992,119,285,热身运动,技能石,
19993,119,310,盛开,技能石,
19994,119,332,移花接木,技能石,
19995,119,377,藤绞,技能石,
19996,119,397,见招拆招,技能石,
19997,119,401,许愿星,技能石,
19998,119,450,防反,技能石,
19999,119,473,预备势,技能石,
20000,119,27,假寐,血脉,
20001,119,66,勾魂,血脉,
20002,119,67,化劲,血脉,
20003,119,68,升龙咆哮,血脉,
20004,119,91,啮合传递,血脉,
20005,119,132,引燃,血脉,
20006,119,192,星星撞击,血脉,
20007,119,246,泥浆铠甲,血脉,
20008,119,258,溃烂触碰,血脉,
20009,119,297,甜心续航,血脉,
20010,119,346,羽化加速,血脉,
20011,119,367,荆棘爪,血脉,
20012,119,375,蓄水,血脉,
20013,119,391,虹光冲击,血脉,
20014,119,404,贪婪,血脉,
20015,119,413,超维投射,血脉,
20016,119,468,霜降,血脉,
20017,119,496,麻痹,血脉,
20018,119,15,仙人掌刺击,默认,46
20019,119,59,刺藤,默认,17
20020,119,60,剧毒,默认,41
20021,119,79,叶绿光束,默认,35
20022,119,115,孢子,默认,25
20023,119,209,根吸收,默认,1
20024,119,217,毒孢子,默认,10
20025,119,218,毒沼,默认,3
20026,119,220,毒液渗透,默认,40
20027,119,240,汲取,默认,1
20028,119,361,腐化,默认,39
20029,119,366,芳香诱引,默认,48
20030,119,369,落井下毒,默认,49
20031,119,393,蜡质膜,默认,33
20032,119,436,针刺射击,默认,37
20033,119,451,防御,默认,11
20034,120,74,反击拳,技能石,
20035,120,108,复写,技能石,
20036,120,131,应激反应,技能石,
20037,120,177,提气,技能石,
20038,120,195,晒太阳,技能石,
20039,120,212,棘刺,技能石,
20040,120,213,棘突,技能石,
20041,120,222,毒雾,技能石,
20042,120,226,气波,技能石,
20043,120,285,热身运动,技能石,
20044,120,310,盛开,技能石,
20045,120,332,移花接木,技能石,
20046,120,377,藤绞,技能石,
20047,120,397,见招拆招,技能石,
20048,120,401,许愿星,技能石,
20049,120,450,防反,技能石,
20050,120,473,预备势,技能石,
20051,120,27,假寐,血脉,
20052,120,66,勾魂,血脉,
20053,120,67,化劲,血脉,
20054,120,68,升龙咆哮,血脉,
20055,120,91,啮合传递,血脉,
20056,120,132,引燃,血脉,
20057,120,192,星星撞击,血脉,
20058,120,246,泥浆铠甲,血脉,
20059,120,258,溃烂触碰,血脉,
20060,120,297,甜心续航,血脉,
20061,120,346,羽化加速,血脉,
20062,120,367,荆棘爪,血脉,
20063,120,375,蓄水,血脉,
20064,120,391,虹光冲击,血脉,
20065,120,404,贪婪,血脉,
20066,120,413,超维投射,血脉,
20067,120,468,霜降,血脉,
20068,120,496,麻痹,血脉,
20069,120,15,仙人掌刺击,默认,47
20070,120,59,刺藤,默认,22
20071,120,60,剧毒,默认,39
20072,120,79,叶绿光束,默认,30
20073,120,115,孢子,默认,28
20074,120,209,根吸收,默认,1
20075,120,217,毒孢子,默认,10
20076,120,218,毒沼,默认,6
20077,120,220,毒液渗透,默认,38
20078,120,240,汲取,默认,1
20079,120,361,腐化,默认,37
20080,120,366,芳香诱引,默认,48
20081,120,369,落井下毒,默认,49
20082,120,393,蜡质膜,默认,29
20083,120,436,针刺射击,默认,36
20084,120,451,防御,默认,11
20085,121,74,反击拳,技能石,
20086,121,108,复写,技能石,
20087,121,131,应激反应,技能石,
20088,121,177,提气,技能石,
20089,121,195,晒太阳,技能石,
20090,121,212,棘刺,技能石,
20091,121,213,棘突,技能石,
20092,121,222,毒雾,技能石,
20093,121,226,气波,技能石,
20094,121,285,热身运动,技能石,
20095,121,310,盛开,技能石,
20096,121,332,移花接木,技能石,
20097,121,377,藤绞,技能石,
20098,121,397,见招拆招,技能石,
20099,121,401,许愿星,技能石,
20100,121,450,防反,技能石,
20101,121,473,预备势,技能石,
20102,121,27,假寐,血脉,
20103,121,66,勾魂,血脉,
20104,121,67,化劲,血脉,
20105,121,68,升龙咆哮,血脉,
20106,121,91,啮合传递,血脉,
20107,121,132,引燃,血脉,
20108,121,192,星星撞击,血脉,
20109,121,246,泥浆铠甲,血脉,
20110,121,258,溃烂触碰,血脉,
20111,121,297,甜心续航,血脉,
20112,121,346,羽化加速,血脉,
20113,121,367,荆棘爪,血脉,
20114,121,375,蓄水,血脉,
20115,121,391,虹光冲击,血脉,
20116,121,404,贪婪,血脉,
20117,121,413,超维投射,血脉,
20118,121,468,霜降,血脉,
20119,121,496,麻痹,血脉,
20120,121,15,仙人掌刺击,默认,39
20121,121,59,刺藤,默认,11
20122,121,60,剧毒,默认,37
20123,121,79,叶绿光束,默认,29
20124,121,115,孢子,默认,16
20125,121,209,根吸收,默认,1
20126,121,217,毒孢子,默认,3
20127,121,218,毒沼,默认,1
20128,121,220,毒液渗透,默认,36
20129,121,240,汲取,默认,1
20130,121,361,腐化,默认,33
20131,121,366,芳香诱引,默认,40
20132,121,369,落井下毒,默认,50
20133,121,393,蜡质膜,默认,22
20134,121,436,针刺射击,默认,30
20135,121,451,防御,默认,10
20136,122,74,反击拳,技能石,
20137,122,108,复写,技能石,
20138,122,131,应激反应,技能石,
20139,122,177,提气,技能石,
20140,122,195,晒太阳,技能石,
20141,122,212,棘刺,技能石,
20142,122,213,棘突,技能石,
20143,122,222,毒雾,技能石,
20144,122,226,气波,技能石,
20145,122,285,热身运动,技能石,
20146,122,310,盛开,技能石,
20147,122,332,移花接木,技能石,
20148,122,377,藤绞,技能石,
20149,122,397,见招拆招,技能石,
20150,122,401,许愿星,技能石,
20151,122,450,防反,技能石,
20152,122,473,预备势,技能石,
20153,122,27,假寐,血脉,
20154,122,66,勾魂,血脉,
20155,122,67,化劲,血脉,
20156,122,68,升龙咆哮,血脉,
20157,122,91,啮合传递,血脉,
20158,122,132,引燃,血脉,
20159,122,192,星星撞击,血脉,
20160,122,246,泥浆铠甲,血脉,
20161,122,258,溃烂触碰,血脉,
20162,122,297,甜心续航,血脉,
20163,122,346,羽化加速,血脉,
20164,122,367,荆棘爪,血脉,
20165,122,375,蓄水,血脉,
20166,122,391,虹光冲击,血脉,
20167,122,404,贪婪,血脉,
20168,122,413,超维投射,血脉,
20169,122,468,霜降,血脉,
20170,122,496,麻痹,血脉,
20171,122,15,仙人掌刺击,默认,38
20172,122,59,刺藤,默认,12
20173,122,60,剧毒,默认,36
20174,122,79,叶绿光束,默认,29
20175,122,115,孢子,默认,17
20176,122,209,根吸收,默认,1
20177,122,217,毒孢子,默认,7
20178,122,218,毒沼,默认,1
20179,122,220,毒液渗透,默认,35
20180,122,240,汲取,默认,1
20181,122,361,腐化,默认,33
20182,122,366,芳香诱引,默认,40
20183,122,369,落井下毒,默认,47
20184,122,393,蜡质膜,默认,22
20185,122,436,针刺射击,默认,30
20186,122,451,防御,默认,8
20187,480,24,借用,技能石,
20188,480,25,倾泻,技能石,
20189,480,38,冥想,技能石,
20190,480,62,力量增效,技能石,
20191,480,101,坍缩,技能石,
20192,480,141,心灵洞悉,技能石,
20193,480,189,无畏之心,技能石,
20194,480,195,晒太阳,技能石,
20195,480,223,气势一击,技能石,
20196,480,283,热砂,技能石,
20197,480,320,硬化,技能石,
20198,480,333,空间压迫,技能石,
20199,480,357,能量刃,技能石,
20200,480,371,落石,技能石,
20201,480,395,血气,技能石,
20202,480,441,铁蒺藜,技能石,
20203,480,489,魔法增效,技能石,
20204,480,68,升龙咆哮,血脉,
20205,480,74,反击拳,血脉,
20206,480,94,噬心,血脉,
20207,480,160,扬沙,血脉,
20208,480,191,星云漩涡,血脉,
20209,480,234,水泡盾,血脉,
20210,480,258,溃烂触碰,血脉,
20211,480,268,火焰护盾,血脉,
20212,480,324,碰爪,血脉,
20213,480,336,等价交换,血脉,
20214,480,348,羽翼庇护,血脉,
20215,480,380,虚化,血脉,
20216,480,393,蜡质膜,血脉,
20217,480,430,透射,血脉,
20218,480,435,金属噪音,血脉,
20219,480,450,防反,血脉,
20220,480,460,集中,血脉,
20221,480,461,雪替身,血脉,
20222,480,9,主轴,默认,23
20223,480,91,啮合传递,默认,16
20224,480,140,微型斥候,默认,45
20225,480,183,操控,默认,24
20226,480,201,有效预防,默认,34
20227,480,211,械斗,默认,1
20228,480,311,相位移动,默认,50
20229,480,326,磁暴,默认,33
20230,480,329,离子震荡,默认,1
20231,480,358,能量守恒,默认,7
20232,480,418,轴承支撑,默认,6
20233,480,451,防御,默认,1
20234,480,454,阻断,默认,41
20235,480,499,齿轮切开,默认,37
20236,480,500,齿轮扭矩,默认,11
20237,2,24,借用,技能石,
20238,2,101,坍缩,技能石,
20239,2,113,天洪,技能石,
20240,2,119,寒风吹,技能石,
20241,2,144,怒火,技能石,
20242,2,167,抽枝,技能石,
20243,2,201,有效预防,技能石,
20244,2,225,气泡,技能石,
20245,2,227,氧输送,技能石,
20246,2,253,润泽,技能石,
20247,2,277,炎打,技能石,
20248,2,300,电弧,技能石,
20249,2,377,藤绞,技能石,
20250,2,416,跺地,技能石,
20251,2,449,闪燃,技能石,
20252,2,55,冷风,血脉,
20253,2,68,升龙咆哮,血脉,
20254,2,94,噬心,血脉,
20255,2,128,幻象,血脉,
20256,2,150,恶能量,血脉,
20257,2,160,扬沙,血脉,
20258,2,164,折线冲击,血脉,
20259,2,191,星云漩涡,血脉,
20260,2,192,星星撞击,血脉,
20261,2,242,泡沫,血脉,
20262,2,258,溃烂触碰,血脉,
20263,2,266,火焰冲锋,血脉,
20264,2,296,球状闪电,血脉,
20265,2,329,离子震荡,血脉,
20266,2,343,缠丝劲,血脉,
20267,2,365,花香,血脉,
20268,2,488,魅惑,血脉,
20269,2,495,鹰爪,血脉,
20270,2,33,光刃,默认,47
20271,2,35,光球,默认,9
20272,2,47,冰爪,默认,32
20273,2,62,力量增效,默认,13
20274,2,143,念力膨胀,默认,36
20275,2,163,折射,默认,48
20276,2,184,放晴,默认,40
20277,2,213,棘突,默认,16
20278,2,260,漫反射,默认,30
20279,2,262,潮涌,默认,19
20280,2,269,火焰箭,默认,11
20281,2,283,热砂,默认,34
20282,2,294,猛烈撞击,默认,1
20283,2,409,超导,默认,22
20284,2,419,过曝,默认,42
20285,2,445,闪光,默认,1
20286,2,446,闪光冲击,默认,27
20287,2,451,防御,默认,1
20288,2,489,魔法增效,默认,7
20289,384,21,伺机而动,技能石,
20290,384,61,力量吞噬,技能石,
20291,384,74,反击拳,技能石,
20292,384,108,复写,技能石,
20293,384,127,崩拳,技能石,
20294,384,142,快速移动,技能石,
20295,384,177,提气,技能石,
20296,384,223,气势一击,技能石,
20297,384,285,热身运动,技能石,
20298,384,414,跌落,技能石,
20299,384,423,连续爪击,技能石,
20300,384,451,防御,技能石,
20301,384,476,风矢,技能石,
20302,384,47,冰爪,血脉,
20303,384,68,升龙咆哮,血脉,
20304,384,94,噬心,血脉,
20305,384,150,恶能量,血脉,
20306,384,191,星云漩涡,血脉,
20307,384,192,星星撞击,血脉,
20308,384,211,械斗,血脉,
20309,384,218,毒沼,血脉,
20310,384,242,泡沫,血脉,
20311,384,266,火焰冲锋,血脉,
20312,384,273,灵媒,血脉,
20313,384,296,球状闪电,血脉,
20314,384,324,碰爪,血脉,
20315,384,343,缠丝劲,血脉,
20316,384,365,花香,血脉,
20317,384,416,跺地,血脉,
20318,384,430,透射,血脉,
20319,384,495,鹰爪,血脉,
20320,384,6,丢冰块,默认,20
20321,384,45,冰晶坠,默认,34
20322,384,51,冰锥,默认,1
20323,384,62,力量增效,默认,13
20324,384,135,当头棒喝,默认,6
20325,384,149,恶意逃离,默认,23
20326,384,196,暗突袭,默认,49
20327,384,206,极限撕裂,默认,35
20328,384,259,滚雪球,默认,38
20329,384,402,诋毁,默认,1
20330,384,404,贪婪,默认,5
20331,384,408,趁火打劫,默认,30
20332,384,464,雾气环绕,默认,1
20333,385,21,伺机而动,技能石,
20334,385,61,力量吞噬,技能石,
20335,385,74,反击拳,技能石,
20336,385,76,取念,技能石,
20337,385,127,崩拳,技能石,
20338,385,142,快速移动,技能石,
20339,385,177,提气,技能石,
20340,385,223,气势一击,技能石,
20341,385,285,热身运动,技能石,
20342,385,414,跌落,技能石,
20343,385,423,连续爪击,技能石,
20344,385,451,防御,技能石,
20345,385,476,风矢,技能石,
20346,385,47,冰爪,血脉,
20347,385,68,升龙咆哮,血脉,
20348,385,94,噬心,血脉,
20349,385,150,恶能量,血脉,
20350,385,191,星云漩涡,血脉,
20351,385,192,星星撞击,血脉,
20352,385,211,械斗,血脉,
20353,385,218,毒沼,血脉,
20354,385,242,泡沫,血脉,
20355,385,269,火焰箭,血脉,
20356,385,273,灵媒,血脉,
20357,385,296,球状闪电,血脉,
20358,385,324,碰爪,血脉,
20359,385,343,缠丝劲,血脉,
20360,385,365,花香,血脉,
20361,385,416,跺地,血脉,
20362,385,430,透射,血脉,
20363,385,495,鹰爪,血脉,
20364,385,62,力量增效,默认,9
20365,385,135,当头棒喝,默认,13
20366,385,144,怒火,默认,16
20367,385,149,恶意逃离,默认,25
20368,385,196,暗突袭,默认,38
20369,385,206,极限撕裂,默认,35
20370,385,248,流星火雨,默认,23
20371,385,267,火焰切割,默认,27
20372,385,276,炎息,默认,1
20373,385,402,诋毁,默认,1
20374,385,404,贪婪,默认,8
20375,385,408,趁火打劫,默认,34
20376,385,449,闪燃,默认,37
20377,56,29,偷袭,技能石,
20378,56,81,后发制人,技能石,
20379,56,82,吓退,技能石,
20380,56,92,嗜痛,技能石,
20381,56,108,复写,技能石,
20382,56,151,惊吓盒子,技能石,
20383,56,166,报复,技能石,
20384,56,201,有效预防,技能石,
20385,56,206,极限撕裂,技能石,
20386,56,379,虚假破产,技能石,
20387,56,403,诡刺,技能石,
20388,56,432,遁地,技能石,
20389,56,455,降灵,技能石,
20390,56,38,冥想,血脉,
20391,56,68,升龙咆哮,血脉,
20392,56,74,反击拳,血脉,
20393,56,160,扬沙,血脉,
20394,56,176,掩护,血脉,
20395,56,211,械斗,血脉,
20396,56,234,水泡盾,血脉,
20397,56,258,溃烂触碰,血脉,
20398,56,268,火焰护盾,血脉,
20399,56,324,碰爪,血脉,
20400,56,336,等价交换,血脉,
20401,56,348,羽翼庇护,血脉,
20402,56,380,虚化,血脉,
20403,56,393,蜡质膜,血脉,
20404,56,430,透射,血脉,
20405,56,450,防反,血脉,
20406,56,460,集中,血脉,
20407,56,461,雪替身,血脉,
20408,56,4,不动如山,默认,49
20409,56,62,力量增效,默认,5
20410,56,84,吨位压制,默认,32
20411,56,98,地刺,默认,46
20412,56,100,地震,默认,39
20413,56,107,壁垒,默认,33
20414,56,125,岩土暴击,默认,38
20415,56,126,岩脉崩毁,默认,8
20416,56,241,沙涌,默认,42
20417,56,314,石锁,默认,23
20418,56,315,砂石冲撞,默认,35
20419,56,320,硬化,默认,11
20420,56,374,蓄势待发,默认,25
20421,56,416,跺地,默认,1
20422,56,451,防御,默认,1
20423,315,24,借用,技能石,
20424,315,29,偷袭,技能石,
20425,315,58,刺盾,技能石,
20426,315,62,力量增效,技能石,
20427,315,70,压扁,技能石,
20428,315,82,吓退,技能石,
20429,315,95,四维降解,技能石,
20430,315,189,无畏之心,技能石,
20431,315,211,械斗,技能石,
20432,315,212,棘刺,技能石,
20433,315,244,泥巴喷射,技能石,
20434,315,320,硬化,技能石,
20435,315,427,退化,技能石,
20436,315,438,钢钻,技能石,
20437,315,465,震击,技能石,
20438,315,471,音爆,技能石,
20439,315,68,升龙咆哮,血脉,
20440,315,74,反击拳,血脉,
20441,315,123,尾后针,血脉,
20442,315,143,念力膨胀,血脉,
20443,315,234,水泡盾,血脉,
20444,315,254,淤泥表皮,血脉,
20445,315,258,溃烂触碰,血脉,
20446,315,268,火焰护盾,血脉,
20447,315,336,等价交换,血脉,
20448,315,380,虚化,血脉,
20449,315,391,虹光冲击,血脉,
20450,315,393,蜡质膜,血脉,
20451,315,435,金属噪音,血脉,
20452,315,450,防反,血脉,
20453,315,460,集中,血脉,
20454,315,461,雪替身,血脉,
20455,315,475,风墙,血脉,
20456,315,488,魅惑,血脉,
20457,315,9,主轴,默认,29
20458,315,38,冥想,默认,35
20459,315,72,双星,默认,39
20460,315,81,后发制人,默认,40
20461,315,91,啮合传递,默认,10
20462,315,191,星云漩涡,默认,13
20463,315,194,星链,默认,18
20464,315,203,杠杆置换,默认,1
20465,315,326,磁暴,默认,36
20466,315,329,离子震荡,默认,6
20467,315,338,粒子对撞,默认,1
20468,315,358,能量守恒,默认,1
20469,315,437,针状物,默认,25
20470,315,443,错乱,默认,50
20471,315,451,防御,默认,23
20472,315,499,齿轮切开,默认,49
20473,300,8,主场优势,技能石,
20474,300,14,交叉闪电,技能石,
20475,300,57,击鼓传花,技能石,
20476,300,76,取念,技能石,
20477,300,78,叠势,技能石,
20478,300,137,影袭,技能石,
20479,300,177,提气,技能石,
20480,300,178,摇篮曲,技能石,
20481,300,224,气沉丹田,技能石,
20482,300,285,热身运动,技能石,
20483,300,302,电磁偏转,技能石,
20484,300,319,破防,技能石,
20485,300,343,缠丝劲,技能石,
20486,300,409,超导,技能石,
20487,300,420,过载回路,技能石,
20488,300,452,防御反击,技能石,
20489,300,27,假寐,血脉,
20490,300,66,勾魂,血脉,
20491,300,67,化劲,血脉,
20492,300,68,升龙咆哮,血脉,
20493,300,91,啮合传递,血脉,
20494,300,132,引燃,血脉,
20495,300,139,徒长,血脉,
20496,300,192,星星撞击,血脉,
20497,300,217,毒孢子,血脉,
20498,300,246,泥浆铠甲,血脉,
20499,300,346,羽化加速,血脉,
20500,300,375,蓄水,血脉,
20501,300,391,虹光冲击,血脉,
20502,300,404,贪婪,血脉,
20503,300,413,超维投射,血脉,
20504,300,468,霜降,血脉,
20505,300,488,魅惑,血脉,
20506,300,496,麻痹,血脉,
20507,300,75,反弹,默认,17
20508,300,84,吨位压制,默认,40
20509,300,131,应激反应,默认,49
20510,300,179,撒娇,默认,11
20511,300,200,月光合奏,默认,35
20512,300,297,甜心续航,默认,10
20513,300,298,生日蛋糕,默认,28
20514,300,318,破罐破摔,默认,26
20515,300,327,示弱,默认,1
20516,300,407,赤子之心,默认,36
20517,300,412,超级糖果,默认,2
20518,300,427,退化,默认,39
20519,300,450,防反,默认,22
20520,300,451,防御,默认,1
20521,300,480,飞吻,默认,1
20522,408,2,三连破,技能石,
20523,408,76,取念,技能石,
20524,408,216,毒囊,技能石,
20525,408,217,毒孢子,技能石,
20526,408,218,毒沼,技能石,
20527,408,241,沙涌,技能石,
20528,408,242,泡沫,技能石,
20529,408,247,洗礼,技能石,
20530,408,262,潮涌,技能石,
20531,408,339,精神扰乱,技能石,
20532,408,352,聒噪,技能石,
20533,408,422,连续毒针,技能石,
20534,408,423,连续爪击,技能石,
20535,408,481,飞断,技能石,
20536,408,47,冰爪,血脉,
20537,408,68,升龙咆哮,血脉,
20538,408,94,噬心,血脉,
20539,408,150,恶能量,血脉,
20540,408,191,星云漩涡,血脉,
20541,408,211,械斗,血脉,
20542,408,232,水弹枪,血脉,
20543,408,258,溃烂触碰,血脉,
20544,408,266,火焰冲锋,血脉,
20545,408,273,灵媒,血脉,
20546,408,294,猛烈撞击,血脉,
20547,408,296,球状闪电,血脉,
20548,408,324,碰爪,血脉,
20549,408,343,缠丝劲,血脉,
20550,408,365,花香,血脉,
20551,408,416,跺地,血脉,
20552,408,430,透射,血脉,
20553,408,476,风矢,血脉,
20554,408,31,先发制人,默认,12
20555,408,98,地刺,默认,40
20556,408,126,岩脉崩毁,默认,33
20557,408,162,抓挠,默认,1
20558,408,165,抛石,默认,50
20559,408,195,晒太阳,默认,1
20560,408,246,泥浆铠甲,默认,35
20561,408,313,石肤术,默认,5
20562,408,314,石锁,默认,26
20563,408,374,蓄势待发,默认,41
20564,408,396,裂石,默认,49
20565,408,451,防御,默认,18
20566,408,465,震击,默认,4
20567,408,491,魔能爆,默认,38
20568,409,2,三连破,技能石,
20569,409,19,传感器,技能石,
20570,409,29,偷袭,技能石,
20571,409,76,取念,技能石,
20572,409,203,杠杆置换,技能石,
20573,409,216,毒囊,技能石,
20574,409,217,毒孢子,技能石,
20575,409,218,毒沼,技能石,
20576,409,241,沙涌,技能石,
20577,409,285,热身运动,技能石,
20578,409,339,精神扰乱,技能石,
20579,409,422,连续毒针,技能石,
20580,409,423,连续爪击,技能石,
20581,409,481,飞断,技能石,
20582,409,47,冰爪,血脉,
20583,409,68,升龙咆哮,血脉,
20584,409,94,噬心,血脉,
20585,409,150,恶能量,血脉,
20586,409,191,星云漩涡,血脉,
20587,409,211,械斗,血脉,
20588,409,242,泡沫,血脉,
20589,409,258,溃烂触碰,血脉,
20590,409,266,火焰冲锋,血脉,
20591,409,273,灵媒,血脉,
20592,409,294,猛烈撞击,血脉,
20593,409,296,球状闪电,血脉,
20594,409,324,碰爪,血脉,
20595,409,343,缠丝劲,血脉,
20596,409,365,花香,血脉,
20597,409,416,跺地,血脉,
20598,409,430,透射,血脉,
20599,409,476,风矢,血脉,
20600,409,31,先发制人,默认,11
20601,409,98,地刺,默认,34
20602,409,126,岩脉崩毁,默认,24
20603,409,162,抓挠,默认,1
20604,409,165,抛石,默认,49
20605,409,195,晒太阳,默认,1
20606,409,246,泥浆铠甲,默认,31
20607,409,313,石肤术,默认,4
20608,409,314,石锁,默认,22
20609,409,374,蓄势待发,默认,38
20610,409,396,裂石,默认,48
20611,409,451,防御,默认,16
20612,409,465,震击,默认,3
20613,409,491,魔能爆,默认,33
20614,406,2,三连破,技能石,
20615,406,76,取念,技能石,
20616,406,216,毒囊,技能石,
20617,406,217,毒孢子,技能石,
20618,406,218,毒沼,技能石,
20619,406,241,沙涌,技能石,
20620,406,242,泡沫,技能石,
20621,406,247,洗礼,技能石,
20622,406,262,潮涌,技能石,
20623,406,339,精神扰乱,技能石,
20624,406,352,聒噪,技能石,
20625,406,422,连续毒针,技能石,
20626,406,423,连续爪击,技能石,
20627,406,481,飞断,技能石,
20628,406,47,冰爪,血脉,
20629,406,68,升龙咆哮,血脉,
20630,406,94,噬心,血脉,
20631,406,150,恶能量,血脉,
20632,406,191,星云漩涡,血脉,
20633,406,211,械斗,血脉,
20634,406,232,水弹枪,血脉,
20635,406,258,溃烂触碰,血脉,
20636,406,266,火焰冲锋,血脉,
20637,406,273,灵媒,血脉,
20638,406,294,猛烈撞击,血脉,
20639,406,296,球状闪电,血脉,
20640,406,324,碰爪,血脉,
20641,406,343,缠丝劲,血脉,
20642,406,365,花香,血脉,
20643,406,416,跺地,血脉,
20644,406,430,透射,血脉,
20645,406,476,风矢,血脉,
20646,406,31,先发制人,默认,12
20647,406,98,地刺,默认,40
20648,406,126,岩脉崩毁,默认,33
20649,406,162,抓挠,默认,1
20650,406,165,抛石,默认,50
20651,406,195,晒太阳,默认,1
20652,406,246,泥浆铠甲,默认,35
20653,406,313,石肤术,默认,5
20654,406,314,石锁,默认,26
20655,406,374,蓄势待发,默认,41
20656,406,396,裂石,默认,49
20657,406,451,防御,默认,18
20658,406,465,震击,默认,4
20659,406,491,魔能爆,默认,38
20660,407,2,三连破,技能石,
20661,407,19,传感器,技能石,
20662,407,29,偷袭,技能石,
20663,407,76,取念,技能石,
20664,407,203,杠杆置换,技能石,
20665,407,216,毒囊,技能石,
20666,407,217,毒孢子,技能石,
20667,407,218,毒沼,技能石,
20668,407,241,沙涌,技能石,
20669,407,285,热身运动,技能石,
20670,407,339,精神扰乱,技能石,
20671,407,422,连续毒针,技能石,
20672,407,423,连续爪击,技能石,
20673,407,481,飞断,技能石,
20674,407,47,冰爪,血脉,
20675,407,68,升龙咆哮,血脉,
20676,407,94,噬心,血脉,
20677,407,150,恶能量,血脉,
20678,407,191,星云漩涡,血脉,
20679,407,211,械斗,血脉,
20680,407,242,泡沫,血脉,
20681,407,258,溃烂触碰,血脉,
20682,407,266,火焰冲锋,血脉,
20683,407,273,灵媒,血脉,
20684,407,294,猛烈撞击,血脉,
20685,407,296,球状闪电,血脉,
20686,407,324,碰爪,血脉,
20687,407,343,缠丝劲,血脉,
20688,407,365,花香,血脉,
20689,407,416,跺地,血脉,
20690,407,430,透射,血脉,
20691,407,476,风矢,血脉,
20692,407,31,先发制人,默认,11
20693,407,98,地刺,默认,34
20694,407,126,岩脉崩毁,默认,24
20695,407,162,抓挠,默认,1
20696,407,165,抛石,默认,49
20697,407,195,晒太阳,默认,1
20698,407,246,泥浆铠甲,默认,31
20699,407,313,石肤术,默认,4
20700,407,314,石锁,默认,22
20701,407,374,蓄势待发,默认,38
20702,407,396,裂石,默认,48
20703,407,451,防御,默认,16
20704,407,465,震击,默认,3
20705,407,491,魔能爆,默认,33
20706,344,8,主场优势,技能石,
20707,344,25,倾泻,技能石,
20708,344,74,反击拳,技能石,
20709,344,82,吓退,技能石,
20710,344,108,复写,技能石,
20711,344,142,快速移动,技能石,
20712,344,177,提气,技能石,
20713,344,195,晒太阳,技能石,
20714,344,225,气泡,技能石,
20715,344,226,气波,技能石,
20716,344,230,水幕冲击,技能石,
20717,344,238,水花四溅,技能石,
20718,344,253,润泽,技能石,
20719,344,285,热身运动,技能石,
20720,344,319,破防,技能石,
20721,344,334,穿膛,技能石,
20722,344,339,精神扰乱,技能石,
20723,344,372,落雨,技能石,
20724,344,18,休息回复,血脉,
20725,344,27,假寐,血脉,
20726,344,66,勾魂,血脉,
20727,344,67,化劲,血脉,
20728,344,68,升龙咆哮,血脉,
20729,344,91,啮合传递,血脉,
20730,344,132,引燃,血脉,
20731,344,139,徒长,血脉,
20732,344,217,毒孢子,血脉,
20733,344,232,水弹枪,血脉,
20734,344,246,泥浆铠甲,血脉,
20735,344,297,甜心续航,血脉,
20736,344,391,虹光冲击,血脉,
20737,344,404,贪婪,血脉,
20738,344,413,超维投射,血脉,
20739,344,468,霜降,血脉,
20740,344,476,风矢,血脉,
20741,344,496,麻痹,血脉,
20742,344,11,乘风,默认,36
20743,344,131,应激反应,默认,50
20744,344,155,扇风,默认,49
20745,344,263,激怒,默认,1
20746,344,348,羽翼庇护,默认,25
20747,344,350,翼击,默认,32
20748,344,359,能量炮,默认,13
20749,344,442,锐利眼神,默认,46
20750,344,447,闪击,默认,45
20751,344,451,防御,默认,1
20752,344,477,风起,默认,47
20753,344,478,风隐,默认,20
20754,344,482,飞羽,默认,9
20755,344,492,鸣叫,默认,1
20756,344,495,鹰爪,默认,5
20757,310,2,三连破,技能石,
20758,310,10,乘胜追击,技能石,
20759,310,24,借用,技能石,
20760,310,62,力量增效,技能石,
20761,310,127,崩拳,技能石,
20762,310,137,影袭,技能石,
20763,310,177,提气,技能石,
20764,310,226,气波,技能石,
20765,310,285,热身运动,技能石,
20766,310,297,甜心续航,技能石,
20767,310,303,电离爆破,技能石,
20768,310,317,破绽,技能石,
20769,310,318,破罐破摔,技能石,
20770,310,384,虫网,技能石,
20771,310,390,虫鸣,技能石,
20772,310,412,超级糖果,技能石,
20773,310,426,追打,技能石,
20774,310,68,升龙咆哮,血脉,
20775,310,94,噬心,血脉,
20776,310,128,幻象,血脉,
20777,310,150,恶能量,血脉,
20778,310,160,扬沙,血脉,
20779,310,169,拍击,血脉,
20780,310,191,星云漩涡,血脉,
20781,310,242,泡沫,血脉,
20782,310,258,溃烂触碰,血脉,
20783,310,266,火焰冲锋,血脉,
20784,310,329,离子震荡,血脉,
20785,310,343,缠丝劲,血脉,
20786,310,365,花香,血脉,
20787,310,391,虹光冲击,血脉,
20788,310,400,触电,血脉,
20789,310,468,霜降,血脉,
20790,310,480,飞吻,血脉,
20791,310,495,鹰爪,血脉,
20792,310,106,增程电池,默认,27
20793,310,134,强制重启,默认,47
20794,310,296,球状闪电,默认,1
20795,310,300,电弧,默认,28
20796,310,409,超导,默认,22
20797,310,410,超导加速,默认,10
20798,310,420,过载回路,默认,12
20799,310,448,闪击折返,默认,37
20800,310,451,防御,默认,1
20801,310,454,阻断,默认,44
20802,310,463,雷暴,默认,41
20803,310,483,飞踢,默认,35
20804,310,489,魔法增效,默认,3
20805,310,496,麻痹,默认,33
20806,228,2,三连破,技能石,
20807,228,10,乘胜追击,技能石,
20808,228,24,借用,技能石,
20809,228,32,光之矛,技能石,
20810,228,111,天光,技能石,
20811,228,142,快速移动,技能石,
20812,228,201,有效预防,技能石,
20813,228,229,水刃,技能石,
20814,228,230,水幕冲击,技能石,
20815,228,236,水炮,技能石,
20816,228,238,水花四溅,技能石,
20817,228,285,热身运动,技能石,
20818,228,375,蓄水,技能石,
20819,228,423,连续爪击,技能石,
20820,228,447,闪击,技能石,
20821,228,454,阻断,技能石,
20822,228,504,龙吼,技能石,
20823,228,507,龙炮,技能石,
20824,228,55,冷风,血脉,
20825,228,68,升龙咆哮,血脉,
20826,228,94,噬心,血脉,
20827,228,128,幻象,血脉,
20828,228,143,念力膨胀,血脉,
20829,228,150,恶能量,血脉,
20830,228,160,扬沙,血脉,
20831,228,164,折线冲击,血脉,
20832,228,169,拍击,血脉,
20833,228,242,泡沫,血脉,
20834,228,258,溃烂触碰,血脉,
20835,228,266,火焰冲锋,血脉,
20836,228,296,球状闪电,血脉,
20837,228,329,离子震荡,血脉,
20838,228,343,缠丝劲,血脉,
20839,228,365,花香,血脉,
20840,228,476,风矢,血脉,
20841,228,488,魅惑,血脉,
20842,228,21,伺机而动,默认,10
20843,228,62,力量增效,默认,16
20844,228,81,后发制人,默认,26
20845,228,90,啄击,默认,1
20846,228,97,回旋风暴,默认,23
20847,228,155,扇风,默认,11
20848,228,198,暴风眼,默认,25
20849,228,305,疾风刺,默认,3
20850,228,307,疾风连袭,默认,
20851,228,345,羽刃,默认,39
20852,228,346,羽化加速,默认,31
20853,228,350,翼击,默认,34
20854,228,451,防御,默认,1
20855,228,477,风起,默认,36
20856,228,489,魔法增效,默认,1
20857,228,502,龙卷风,默认,50
20858,327,6,丢冰块,技能石,
20859,327,8,主场优势,技能石,
20860,327,13,二律背反,技能石,
20861,327,34,光合作用,技能石,
20862,327,76,取念,技能石,
20863,327,110,大爆炸,技能石,
20864,327,119,寒风吹,技能石,
20865,327,178,摇篮曲,技能石,
20866,327,189,无畏之心,技能石,
20867,327,193,星轨裂变,技能石,
20868,327,253,润泽,技能石,
20869,327,372,落雨,技能石,
20870,327,374,蓄势待发,技能石,
20871,327,413,超维投射,技能石,
20872,327,431,速冻,技能石,
20873,327,455,降灵,技能石,
20874,327,477,风起,技能石,
20875,327,27,假寐,血脉,
20876,327,66,勾魂,血脉,
20877,327,67,化劲,血脉,
20878,327,68,升龙咆哮,血脉,
20879,327,91,啮合传递,血脉,
20880,327,132,引燃,血脉,
20881,327,139,徒长,血脉,
20882,327,143,念力膨胀,血脉,
20883,327,192,星星撞击,血脉,
20884,327,217,毒孢子,血脉,
20885,327,232,水弹枪,血脉,
20886,327,246,泥浆铠甲,血脉,
20887,327,297,甜心续航,血脉,
20888,327,346,羽化加速,血脉,
20889,327,391,虹光冲击,血脉,
20890,327,404,贪婪,血脉,
20891,327,468,霜降,血脉,
20892,327,496,麻痹,血脉,
20893,327,18,休息回复,默认,38
20894,327,156,打湿,默认,47
20895,327,195,晒太阳,默认,12
20896,327,212,棘刺,默认,43
20897,327,230,水幕冲击,默认,16
20898,327,231,水弹,默认,1
20899,327,235,水波术,默认,41
20900,327,242,泡沫,默认,10
20901,327,247,洗礼,默认,8
20902,327,251,消毒法,默认,32
20903,327,261,潮汐,默认,26
20904,327,309,盐水浴,默认,49
20905,327,375,蓄水,默认,23
20906,327,451,防御,默认,1
20907,327,491,魔能爆,默认,48
20908,236,24,借用,技能石,
20909,236,29,偷袭,技能石,
20910,236,34,光合作用,技能石,
20911,236,67,化劲,技能石,
20912,236,98,地刺,技能石,
20913,236,142,快速移动,技能石,
20914,236,154,截拳,技能石,
20915,236,180,撕咬,技能石,
20916,236,188,无影脚,技能石,
20917,236,195,晒太阳,技能石,
20918,236,332,移花接木,技能石,
20919,236,357,能量刃,技能石,
20920,236,371,落石,技能石,
20921,236,440,钧势,技能石,
20922,236,55,冷风,血脉,
20923,236,68,升龙咆哮,血脉,
20924,236,94,噬心,血脉,
20925,236,128,幻象,血脉,
20926,236,150,恶能量,血脉,
20927,236,169,拍击,血脉,
20928,236,191,星云漩涡,血脉,
20929,236,242,泡沫,血脉,
20930,236,258,溃烂触碰,血脉,
20931,236,266,火焰冲锋,血脉,
20932,236,296,球状闪电,血脉,
20933,236,329,离子震荡,血脉,
20934,236,365,花香,血脉,
20935,236,391,虹光冲击,血脉,
20936,236,406,贯手,血脉,
20937,236,416,跺地,血脉,
20938,236,488,魅惑,血脉,
20939,236,495,鹰爪,血脉,
20940,236,31,先发制人,默认,27
20941,236,59,刺藤,默认,1
20942,236,62,力量增效,默认,1
20943,236,137,影袭,默认,37
20944,236,167,抽枝,默认,48
20945,236,177,提气,默认,29
20946,236,185,散手,默认,33
20947,236,209,根吸收,默认,28
20948,236,310,盛开,默认,38
20949,236,343,缠丝劲,默认,10
20950,236,377,藤绞,默认,12
20951,236,436,针刺射击,默认,35
20952,236,451,防御,默认,17
20953,236,472,顶端优势,默认,36
20954,479,24,借用,技能石,
20955,479,25,倾泻,技能石,
20956,479,38,冥想,技能石,
20957,479,62,力量增效,技能石,
20958,479,101,坍缩,技能石,
20959,479,141,心灵洞悉,技能石,
20960,479,189,无畏之心,技能石,
20961,479,195,晒太阳,技能石,
20962,479,223,气势一击,技能石,
20963,479,283,热砂,技能石,
20964,479,320,硬化,技能石,
20965,479,333,空间压迫,技能石,
20966,479,357,能量刃,技能石,
20967,479,371,落石,技能石,
20968,479,395,血气,技能石,
20969,479,441,铁蒺藜,技能石,
20970,479,489,魔法增效,技能石,
20971,479,68,升龙咆哮,血脉,
20972,479,74,反击拳,血脉,
20973,479,94,噬心,血脉,
20974,479,160,扬沙,血脉,
20975,479,191,星云漩涡,血脉,
20976,479,234,水泡盾,血脉,
20977,479,258,溃烂触碰,血脉,
20978,479,268,火焰护盾,血脉,
20979,479,324,碰爪,血脉,
20980,479,336,等价交换,血脉,
20981,479,348,羽翼庇护,血脉,
20982,479,380,虚化,血脉,
20983,479,393,蜡质膜,血脉,
20984,479,430,透射,血脉,
20985,479,435,金属噪音,血脉,
20986,479,450,防反,血脉,
20987,479,460,集中,血脉,
20988,479,461,雪替身,血脉,
20989,479,9,主轴,默认,23
20990,479,91,啮合传递,默认,16
20991,479,140,微型斥候,默认,45
20992,479,183,操控,默认,24
20993,479,201,有效预防,默认,34
20994,479,211,械斗,默认,1
20995,479,311,相位移动,默认,50
20996,479,326,磁暴,默认,33
20997,479,329,离子震荡,默认,1
20998,479,358,能量守恒,默认,7
20999,479,418,轴承支撑,默认,6
21000,479,451,防御,默认,1
21001,479,454,阻断,默认,41
21002,479,499,齿轮切开,默认,37
21003,479,500,齿轮扭矩,默认,11
21004,77,29,偷袭,技能石,
21005,77,42,冰墙,技能石,
21006,77,52,冰雹,技能石,
21007,77,58,刺盾,技能石,
21008,77,81,后发制人,技能石,
21009,77,92,嗜痛,技能石,
21010,77,108,复写,技能石,
21011,77,111,天光,技能石,
21012,77,119,寒风吹,技能石,
21013,77,201,有效预防,技能石,
21014,77,261,潮汐,技能石,
21015,77,351,耀眼,技能石,
21016,77,395,血气,技能石,
21017,77,429,逆袭,技能石,
21018,77,432,遁地,技能石,
21019,77,442,锐利眼神,技能石,
21020,77,451,防御,技能石,
21021,77,465,震击,技能石,
21022,77,38,冥想,血脉,
21023,77,68,升龙咆哮,血脉,
21024,77,74,反击拳,血脉,
21025,77,123,尾后针,血脉,
21026,77,164,折线冲击,血脉,
21027,77,234,水泡盾,血脉,
21028,77,244,泥巴喷射,血脉,
21029,77,258,溃烂触碰,血脉,
21030,77,268,火焰护盾,血脉,
21031,77,329,离子震荡,血脉,
21032,77,336,等价交换,血脉,
21033,77,380,虚化,血脉,
21034,77,393,蜡质膜,血脉,
21035,77,450,防反,血脉,
21036,77,460,集中,血脉,
21037,77,461,雪替身,血脉,
21038,77,475,风墙,血脉,
21039,77,488,魅惑,血脉,
21040,77,98,地刺,默认,49
21041,77,107,壁垒,默认,33
21042,77,160,扬沙,默认,34
21043,77,245,泥浆,默认,12
21044,77,254,淤泥表皮,默认,6
21045,77,260,漫反射,默认,17
21046,77,360,脉冲光线,默认,1
21047,77,374,蓄势待发,默认,26
21048,77,416,跺地,默认,38
21049,77,430,透射,默认,25
21050,77,444,镜像反射,默认,40
21051,77,446,闪光冲击,默认,48
21052,77,470,音波弹,默认,44
21053,77,489,魔法增效,默认,1
21054,29,20,伪造账单,技能石,
21055,29,108,复写,技能石,
21056,29,118,富养化,技能石,
21057,29,131,应激反应,技能石,
21058,29,166,报复,技能石,
21059,29,195,晒太阳,技能石,
21060,29,197,暗箱操作,技能石,
21061,29,215,欺诈契约,技能石,
21062,29,332,移花接木,技能石,
21063,29,352,聒噪,技能石,
21064,29,366,芳香诱引,技能石,
21065,29,451,防御,技能石,
21066,29,458,隐藏条款,技能石,
21067,29,18,休息回复,血脉,
21068,29,27,假寐,血脉,
21069,29,67,化劲,血脉,
21070,29,68,升龙咆哮,血脉,
21071,29,91,啮合传递,血脉,
21072,29,139,徒长,血脉,
21073,29,217,毒孢子,血脉,
21074,29,246,泥浆铠甲,血脉,
21075,29,269,火焰箭,血脉,
21076,29,273,灵媒,血脉,
21077,29,297,甜心续航,血脉,
21078,29,346,羽化加速,血脉,
21079,29,375,蓄水,血脉,
21080,29,402,诋毁,血脉,
21081,29,413,超维投射,血脉,
21082,29,430,透射,血脉,
21083,29,468,霜降,血脉,
21084,29,496,麻痹,血脉,
21085,29,61,力量吞噬,默认,29
21086,29,62,力量增效,默认,1
21087,29,66,勾魂,默认,8
21088,29,102,坟场搏击,默认,50
21089,29,128,幻象,默认,6
21090,29,147,恶作剧,默认,36
21091,29,149,恶意逃离,默认,39
21092,29,150,恶能量,默认,1
21093,29,180,撕咬,默认,24
21094,29,206,极限撕裂,默认,38
21095,29,379,虚假破产,默认,12
21096,29,397,见招拆招,默认,35
21097,29,455,降灵,默认,23
21098,414,23,俯冲猛击,技能石,
21099,414,24,借用,技能石,
21100,414,25,倾泻,技能石,
21101,414,62,力量增效,技能石,
21102,414,92,嗜痛,技能石,
21103,414,155,扇风,技能石,
21104,414,189,无畏之心,技能石,
21105,414,206,极限撕裂,技能石,
21106,414,223,气势一击,技能石,
21107,414,348,羽翼庇护,技能石,
21108,414,379,虚假破产,技能石,
21109,414,395,血气,技能石,
21110,414,478,风隐,技能石,
21111,414,38,冥想,血脉,
21112,414,68,升龙咆哮,血脉,
21113,414,74,反击拳,血脉,
21114,414,94,噬心,血脉,
21115,414,192,星星撞击,血脉,
21116,414,211,械斗,血脉,
21117,414,234,水泡盾,血脉,
21118,414,254,淤泥表皮,血脉,
21119,414,258,溃烂触碰,血脉,
21120,414,268,火焰护盾,血脉,
21121,414,324,碰爪,血脉,
21122,414,336,等价交换,血脉,
21123,414,380,虚化,血脉,
21124,414,393,蜡质膜,血脉,
21125,414,430,透射,血脉,
21126,414,460,集中,血脉,
21127,414,461,雪替身,血脉,
21128,414,475,风墙,血脉,
21129,414,82,吓退,默认,37
21130,414,89,啃咬,默认,48
21131,414,123,尾后针,默认,10
21132,414,176,掩护,默认,23
21133,414,344,网缚,默认,25
21134,414,349,翅刃,默认,46
21135,414,383,虫结阵,默认,45
21136,414,387,虫群过境,默认,39
21137,414,388,虫茧,默认,12
21138,414,392,蛰针,默认,1
21139,414,451,防御,默认,1
21140,414,481,飞断,默认,5
21141,414,484,食腐,默认,30
21142,161,2,三连破,技能石,
21143,161,21,伺机而动,技能石,
21144,161,76,取念,技能石,
21145,161,88,咆哮,技能石,
21146,161,142,快速移动,技能石,
21147,161,149,恶意逃离,技能石,
21148,161,175,掠夺,技能石,
21149,161,180,撕咬,技能石,
21150,161,183,操控,技能石,
21151,161,195,晒太阳,技能石,
21152,161,247,洗礼,技能石,
21153,161,285,热身运动,技能石,
21154,161,339,精神扰乱,技能石,
21155,161,352,聒噪,技能石,
21156,161,379,虚假破产,技能石,
21157,161,451,防御,技能石,
21158,161,18,休息回复,血脉,
21159,161,27,假寐,血脉,
21160,161,66,勾魂,血脉,
21161,161,67,化劲,血脉,
21162,161,68,升龙咆哮,血脉,
21163,161,91,啮合传递,血脉,
21164,161,132,引燃,血脉,
21165,161,139,徒长,血脉,
21166,161,217,毒孢子,血脉,
21167,161,232,水弹枪,血脉,
21168,161,246,泥浆铠甲,血脉,
21169,161,297,甜心续航,血脉,
21170,161,391,虹光冲击,血脉,
21171,161,404,贪婪,血脉,
21172,161,413,超维投射,血脉,
21173,161,468,霜降,血脉,
21174,161,495,鹰爪,血脉,
21175,161,496,麻痹,血脉,
21176,161,10,乘胜追击,默认,30
21177,161,11,乘风,默认,29
21178,161,236,水炮,默认,49
21179,161,238,水花四溅,默认,35
21180,161,262,潮涌,默认,11
21181,161,305,疾风刺,默认,22
21182,161,309,盐水浴,默认,38
21183,161,348,羽翼庇护,默认,1
21184,161,350,翼击,默认,40
21185,161,375,蓄水,默认,6
21186,161,476,风矢,默认,2
21187,161,477,风起,默认,34
21188,161,482,飞羽,默认,16
21189,161,489,魔法增效,默认,1
21190,161,492,鸣叫,默认,1
21191,28,20,伪造账单,技能石,
21192,28,108,复写,技能石,
21193,28,118,富养化,技能石,
21194,28,131,应激反应,技能石,
21195,28,166,报复,技能石,
21196,28,195,晒太阳,技能石,
21197,28,197,暗箱操作,技能石,
21198,28,215,欺诈契约,技能石,
21199,28,332,移花接木,技能石,
21200,28,352,聒噪,技能石,
21201,28,366,芳香诱引,技能石,
21202,28,451,防御,技能石,
21203,28,458,隐藏条款,技能石,
21204,28,18,休息回复,血脉,
21205,28,27,假寐,血脉,
21206,28,67,化劲,血脉,
21207,28,68,升龙咆哮,血脉,
21208,28,91,啮合传递,血脉,
21209,28,139,徒长,血脉,
21210,28,217,毒孢子,血脉,
21211,28,246,泥浆铠甲,血脉,
21212,28,269,火焰箭,血脉,
21213,28,273,灵媒,血脉,
21214,28,297,甜心续航,血脉,
21215,28,346,羽化加速,血脉,
21216,28,375,蓄水,血脉,
21217,28,402,诋毁,血脉,
21218,28,413,超维投射,血脉,
21219,28,430,透射,血脉,
21220,28,468,霜降,血脉,
21221,28,496,麻痹,血脉,
21222,28,61,力量吞噬,默认,29
21223,28,62,力量增效,默认,1
21224,28,66,勾魂,默认,8
21225,28,102,坟场搏击,默认,50
21226,28,128,幻象,默认,6
21227,28,147,恶作剧,默认,36
21228,28,149,恶意逃离,默认,39
21229,28,150,恶能量,默认,1
21230,28,180,撕咬,默认,24
21231,28,206,极限撕裂,默认,38
21232,28,379,虚假破产,默认,12
21233,28,397,见招拆招,默认,35
21234,28,455,降灵,默认,23
21235,311,25,倾泻,技能石,
21236,311,29,偷袭,技能石,
21237,311,46,冰点,技能石,
21238,311,66,勾魂,技能石,
21239,311,76,取念,技能石,
21240,311,88,咆哮,技能石,
21241,311,146,恐吓,技能石,
21242,311,151,惊吓盒子,技能石,
21243,311,175,掠夺,技能石,
21244,311,196,暗突袭,技能石,
21245,311,215,欺诈契约,技能石,
21246,311,273,灵媒,技能石,
21247,311,339,精神扰乱,技能石,
21248,311,403,诡刺,技能石,
21249,311,424,迫害,技能石,
21250,311,431,速冻,技能石,
21251,311,491,魔能爆,技能石,
21252,311,68,升龙咆哮,血脉,
21253,311,94,噬心,血脉,
21254,311,128,幻象,血脉,
21255,311,150,恶能量,血脉,
21256,311,160,扬沙,血脉,
21257,311,169,拍击,血脉,
21258,311,191,星云漩涡,血脉,
21259,311,242,泡沫,血脉,
21260,311,258,溃烂触碰,血脉,
21261,311,266,火焰冲锋,血脉,
21262,311,329,离子震荡,血脉,
21263,311,343,缠丝劲,血脉,
21264,311,365,花香,血脉,
21265,311,391,虹光冲击,血脉,
21266,311,400,触电,血脉,
21267,311,468,霜降,血脉,
21268,311,488,魅惑,血脉,
21269,311,495,鹰爪,血脉,
21270,311,14,交叉闪电,默认,45
21271,311,31,先发制人,默认,28
21272,311,64,加大功率,默认,40
21273,311,106,增程电池,默认,33
21274,311,121,导电撞击,默认,5
21275,311,133,引雷,默认,35
21276,311,134,强制重启,默认,50
21277,311,183,操控,默认,1
21278,311,195,晒太阳,默认,9
21279,311,300,电弧,默认,13
21280,311,301,电流,默认,1
21281,311,303,电离爆破,默认,22
21282,311,373,落雷,默认,47
21283,311,451,防御,默认,1
21284,311,454,阻断,默认,49
21285,311,496,麻痹,默认,46
21286,367,92,嗜痛,技能石,
21287,367,108,复写,技能石,
21288,367,234,水泡盾,技能石,
21289,367,244,泥巴喷射,技能石,
21290,367,251,消毒法,技能石,
21291,367,261,潮汐,技能石,
21292,367,262,潮涌,技能石,
21293,367,263,激怒,技能石,
21294,367,285,热身运动,技能石,
21295,367,320,硬化,技能石,
21296,367,351,耀眼,技能石,
21297,367,395,血气,技能石,
21298,367,416,跺地,技能石,
21299,367,421,远程访问,技能石,
21300,367,426,追打,技能石,
21301,367,471,音爆,技能石,
21302,367,38,冥想,血脉,
21303,367,68,升龙咆哮,血脉,
21304,367,74,反击拳,血脉,
21305,367,176,掩护,血脉,
21306,367,232,水弹枪,血脉,
21307,367,254,淤泥表皮,血脉,
21308,367,258,溃烂触碰,血脉,
21309,367,268,火焰护盾,血脉,
21310,367,329,离子震荡,血脉,
21311,367,336,等价交换,血脉,
21312,367,380,虚化,血脉,
21313,367,391,虹光冲击,血脉,
21314,367,393,蜡质膜,血脉,
21315,367,400,触电,血脉,
21316,367,450,防反,血脉,
21317,367,461,雪替身,血脉,
21318,367,475,风墙,血脉,
21319,367,488,魅惑,血脉,
21320,367,14,交叉闪电,默认,32
21321,367,73,双联脉冲,默认,43
21322,367,134,强制重启,默认,50
21323,367,135,当头棒喝,默认,16
21324,367,228,水光冲击,默认,45
21325,367,238,水花四溅,默认,35
21326,367,242,泡沫,默认,1
21327,367,243,泡沫幻影,默认,46
21328,367,300,电弧,默认,9
21329,367,302,电磁偏转,默认,40
21330,367,303,电离爆破,默认,11
21331,367,375,蓄水,默认,2
21332,367,451,防御,默认,1
21333,367,460,集中,默认,25
21334,367,463,雷暴,默认,48
21335,600,18,休息回复,血脉,
21336,600,27,假寐,血脉,
21337,600,67,化劲,血脉,
21338,600,91,啮合传递,血脉,
21339,600,122,小偷小摸,血脉,
21340,600,132,引燃,血脉,
21341,600,139,徒长,血脉,
21342,600,208,柔弱,血脉,
21343,600,217,毒孢子,血脉,
21344,600,246,泥浆铠甲,血脉,
21345,600,346,羽化加速,血脉,
21346,600,375,蓄水,血脉,
21347,600,391,虹光冲击,血脉,
21348,600,398,角击,血脉,
21349,600,404,贪婪,血脉,
21350,600,413,超维投射,血脉,
21351,600,468,霜降,血脉,
21352,600,496,麻痹,血脉,
21353,600,24,借用,默认,
21354,600,62,力量增效,默认,
21355,600,68,升龙咆哮,默认,
21356,600,83,吞噬,默认,
21357,600,112,天旋地转,默认,
21358,600,131,应激反应,默认,
21359,600,135,当头棒喝,默认,
21360,600,136,彗星,默认,
21361,600,142,快速移动,默认,
21362,600,144,怒火,默认,
21363,600,145,怨力打击,默认,
21364,600,159,扫尾,默认,
21365,600,162,抓挠,默认,
21366,600,207,架势,默认,
21367,600,257,湮灭,默认,
21368,600,270,火爪,默认,
21369,600,284,热身,默认,
21370,600,319,破防,默认,
21371,600,341,绵里藏针,默认,
21372,600,429,逆袭,默认,
21373,600,442,锐利眼神,默认,
21374,600,451,防御,默认,
21375,600,501,龙之利爪,默认,
21376,600,,龙之舞,默认,
21377,600,504,龙吼,默认,
21378,600,505,龙威,默认,
21379,600,507,龙炮,默认,
21380,174,24,借用,技能石,
21381,174,63,加固,技能石,
21382,174,74,反击拳,技能石,
21383,174,81,后发制人,技能石,
21384,174,99,地陷,技能石,
21385,174,138,彼岸之手,技能石,
21386,174,144,怒火,技能石,
21387,174,201,有效预防,技能石,
21388,174,267,火焰切割,技能石,
21389,174,313,石肤术,技能石,
21390,174,442,锐利眼神,技能石,
21391,174,449,闪燃,技能石,
21392,174,451,防御,技能石,
21393,174,498,鼓劲,技能石,
21394,174,47,冰爪,血脉,
21395,174,68,升龙咆哮,血脉,
21396,174,94,噬心,血脉,
21397,174,191,星云漩涡,血脉,
21398,174,192,星星撞击,血脉,
21399,174,211,械斗,血脉,
21400,174,218,毒沼,血脉,
21401,174,242,泡沫,血脉,
21402,174,269,火焰箭,血脉,
21403,174,273,灵媒,血脉,
21404,174,296,球状闪电,血脉,
21405,174,324,碰爪,血脉,
21406,174,343,缠丝劲,血脉,
21407,174,365,花香,血脉,
21408,174,402,诋毁,血脉,
21409,174,416,跺地,血脉,
21410,174,430,透射,血脉,
21411,174,476,风矢,血脉,
21412,174,31,先发制人,默认,6
21413,174,61,力量吞噬,默认,21
21414,174,62,力量增效,默认,5
21415,174,98,地刺,默认,37
21416,174,100,地震,默认,45
21417,174,125,岩土暴击,默认,29
21418,174,196,暗突袭,默认,35
21419,174,246,泥浆铠甲,默认,33
21420,174,315,砂石冲撞,默认,31
21421,174,394,蝙蝠,默认,1
21422,174,404,贪婪,默认,1
21423,174,440,钧势,默认,13
21424,174,490,魔爪,默认,1
21425,174,493,鸣沙陷阱,默认,16
21426,175,24,借用,技能石,
21427,175,63,加固,技能石,
21428,175,74,反击拳,技能石,
21429,175,81,后发制人,技能石,
21430,175,99,地陷,技能石,
21431,175,138,彼岸之手,技能石,
21432,175,144,怒火,技能石,
21433,175,201,有效预防,技能石,
21434,175,267,火焰切割,技能石,
21435,175,313,石肤术,技能石,
21436,175,442,锐利眼神,技能石,
21437,175,449,闪燃,技能石,
21438,175,451,防御,技能石,
21439,175,498,鼓劲,技能石,
21440,175,47,冰爪,血脉,
21441,175,68,升龙咆哮,血脉,
21442,175,94,噬心,血脉,
21443,175,191,星云漩涡,血脉,
21444,175,192,星星撞击,血脉,
21445,175,211,械斗,血脉,
21446,175,218,毒沼,血脉,
21447,175,242,泡沫,血脉,
21448,175,269,火焰箭,血脉,
21449,175,273,灵媒,血脉,
21450,175,296,球状闪电,血脉,
21451,175,324,碰爪,血脉,
21452,175,343,缠丝劲,血脉,
21453,175,365,花香,血脉,
21454,175,402,诋毁,血脉,
21455,175,416,跺地,血脉,
21456,175,430,透射,血脉,
21457,175,476,风矢,血脉,
21458,175,31,先发制人,默认,6
21459,175,61,力量吞噬,默认,21
21460,175,62,力量增效,默认,5
21461,175,98,地刺,默认,37
21462,175,100,地震,默认,45
21463,175,125,岩土暴击,默认,29
21464,175,196,暗突袭,默认,35
21465,175,246,泥浆铠甲,默认,33
21466,175,315,砂石冲撞,默认,31
21467,175,394,蝙蝠,默认,1
21468,175,404,贪婪,默认,1
21469,175,440,钧势,默认,13
21470,175,490,魔爪,默认,1
21471,175,493,鸣沙陷阱,默认,16
21472,450,10,乘胜追击,技能石,
21473,450,24,借用,技能石,
21474,450,58,刺盾,技能石,
21475,450,101,坍缩,技能石,
21476,450,107,壁垒,技能石,
21477,450,112,天旋地转,技能石,
21478,450,201,有效预防,技能石,
21479,450,244,泥巴喷射,技能石,
21480,450,285,热身运动,技能石,
21481,450,313,石肤术,技能石,
21482,450,320,硬化,技能石,
21483,450,338,粒子对撞,技能石,
21484,450,371,落石,技能石,
21485,450,387,虫群过境,技能石,
21486,450,426,追打,技能石,
21487,450,457,陨石,技能石,
21488,450,38,冥想,血脉,
21489,450,68,升龙咆哮,血脉,
21490,450,74,反击拳,血脉,
21491,450,123,尾后针,血脉,
21492,450,234,水泡盾,血脉,
21493,450,254,淤泥表皮,血脉,
21494,450,258,溃烂触碰,血脉,
21495,450,268,火焰护盾,血脉,
21496,450,329,离子震荡,血脉,
21497,450,336,等价交换,血脉,
21498,450,348,羽翼庇护,血脉,
21499,450,380,虚化,血脉,
21500,450,391,虹光冲击,血脉,
21501,450,393,蜡质膜,血脉,
21502,450,450,防反,血脉,
21503,450,460,集中,血脉,
21504,450,461,雪替身,血脉,
21505,450,488,魅惑,血脉,
21506,450,18,休息回复,默认,19
21507,450,27,假寐,默认,8
21508,450,31,先发制人,默认,34
21509,450,82,吓退,默认,41
21510,450,89,啃咬,默认,1
21511,450,176,掩护,默认,22
21512,450,344,网缚,默认,29
21513,450,351,耀眼,默认,1
21514,450,381,虫击,默认,44
21515,450,382,虫刺,默认,13
21516,450,383,虫结阵,默认,35
21517,450,385,虫群,默认,40
21518,450,389,虫蛊,默认,39
21519,450,451,防御,默认,1
21520,450,481,飞断,默认,7
21521,450,484,食腐,默认,30
21522,472,24,借用,技能石,
21523,472,35,光球,技能石,
21524,472,64,加大功率,技能石,
21525,472,111,天光,技能石,
21526,472,130,幽灵爆发,技能石,
21527,472,134,强制重启,技能石,
21528,472,142,快速移动,技能石,
21529,472,195,晒太阳,技能石,
21530,472,251,消毒法,技能石,
21531,472,335,突袭,技能石,
21532,472,409,超导,技能石,
21533,472,426,追打,技能石,
21534,472,445,闪光,技能石,
21535,472,55,冷风,血脉,
21536,472,68,升龙咆哮,血脉,
21537,472,94,噬心,血脉,
21538,472,128,幻象,血脉,
21539,472,150,恶能量,血脉,
21540,472,160,扬沙,血脉,
21541,472,164,折线冲击,血脉,
21542,472,191,星云漩涡,血脉,
21543,472,192,星星撞击,血脉,
21544,472,242,泡沫,血脉,
21545,472,258,溃烂触碰,血脉,
21546,472,266,火焰冲锋,血脉,
21547,472,296,球状闪电,血脉,
21548,472,329,离子震荡,血脉,
21549,472,343,缠丝劲,血脉,
21550,472,365,花香,血脉,
21551,472,488,魅惑,血脉,
21552,472,495,鹰爪,血脉,
21553,472,30,充分燃烧,默认,29
21554,472,114,天火,默认,47
21555,472,132,引燃,默认,11
21556,472,170,持续高温,默认,43
21557,472,278,炎枪,默认,8
21558,472,280,炙热波动,默认,21
21559,472,282,热气,默认,1
21560,472,288,焚烧烙印,默认,36
21561,472,351,耀眼,默认,16
21562,472,451,防御,默认,5
21563,472,453,阳火增辉,默认,31
21564,472,456,除厄,默认,1
21565,472,489,魔法增效,默认,1
21566,216,13,二律背反,技能石,
21567,216,24,借用,技能石,
21568,216,42,冰墙,技能石,
21569,216,66,勾魂,技能石,
21570,216,93,嘲弄,技能石,
21571,216,95,四维降解,技能石,
21572,216,146,恐吓,技能石,
21573,216,147,恶作剧,技能石,
21574,216,178,摇篮曲,技能石,
21575,216,183,操控,技能石,
21576,216,193,星轨裂变,技能石,
21577,216,201,有效预防,技能石,
21578,216,272,灵光,技能石,
21579,216,285,热身运动,技能石,
21580,216,338,粒子对撞,技能石,
21581,216,403,诡刺,技能石,
21582,216,18,休息回复,血脉,
21583,216,27,假寐,血脉,
21584,216,47,冰爪,血脉,
21585,216,67,化劲,血脉,
21586,216,68,升龙咆哮,血脉,
21587,216,91,啮合传递,血脉,
21588,216,132,引燃,血脉,
21589,216,139,徒长,血脉,
21590,216,217,毒孢子,血脉,
21591,216,246,泥浆铠甲,血脉,
21592,216,273,灵媒,血脉,
21593,216,297,甜心续航,血脉,
21594,216,346,羽化加速,血脉,
21595,216,375,蓄水,血脉,
21596,216,391,虹光冲击,血脉,
21597,216,404,贪婪,血脉,
21598,216,413,超维投射,血脉,
21599,216,496,麻痹,血脉,
21600,216,6,丢冰块,默认,12
21601,216,39,冬至,默认,49
21602,216,40,冰冻光线,默认,48
21603,216,44,冰捆缚,默认,46
21604,216,50,冰锋横扫,默认,42
21605,216,51,冰锥,默认,1
21606,216,187,旋转突击,默认,4
21607,216,263,激怒,默认,9
21608,216,312,瞬间零度,默认,50
21609,216,352,聒噪,默认,38
21610,216,359,能量炮,默认,35
21611,216,431,速冻,默认,47
21612,216,451,防御,默认,1
21613,216,461,雪替身,默认,33
21614,216,462,雪球,默认,1
21615,216,464,雾气环绕,默认,26
21616,213,1,一拳,技能石,
21617,213,29,偷袭,技能石,
21618,213,62,力量增效,技能石,
21619,213,70,压扁,技能石,
21620,213,76,取念,技能石,
21621,213,128,幻象,技能石,
21622,213,151,惊吓盒子,技能石,
21623,213,166,报复,技能石,
21624,213,189,无畏之心,技能石,
21625,213,201,有效预防,技能石,
21626,213,403,诡刺,技能石,
21627,213,452,防御反击,技能石,
21628,213,455,降灵,技能石,
21629,213,38,冥想,血脉,
21630,213,47,冰爪,血脉,
21631,213,68,升龙咆哮,血脉,
21632,213,176,掩护,血脉,
21633,213,211,械斗,血脉,
21634,213,234,水泡盾,血脉,
21635,213,254,淤泥表皮,血脉,
21636,213,258,溃烂触碰,血脉,
21637,213,268,火焰护盾,血脉,
21638,213,324,碰爪,血脉,
21639,213,336,等价交换,血脉,
21640,213,348,羽翼庇护,血脉,
21641,213,380,虚化,血脉,
21642,213,393,蜡质膜,血脉,
21643,213,406,贯手,血脉,
21644,213,430,透射,血脉,
21645,213,450,防反,血脉,
21646,213,460,集中,血脉,
21647,213,6,丢冰块,默认,29
21648,213,31,先发制人,默认,11
21649,213,42,冰墙,默认,40
21650,213,43,冰天雪地,默认,49
21651,213,45,冰晶坠,默认,39
21652,213,49,冰蛋壳,默认,46
21653,213,51,冰锥,默认,1
21654,213,52,冰雹,默认,44
21655,213,199,暴风雪,默认,35
21656,213,451,防御,默认,1
21657,213,461,雪替身,默认,34
21658,213,462,雪球,默认,6
21659,213,467,霜天,默认,21
21660,221,13,二律背反,技能石,
21661,221,24,借用,技能石,
21662,221,44,冰捆缚,技能石,
21663,221,55,冷风,技能石,
21664,221,57,击鼓传花,技能石,
21665,221,62,力量增效,技能石,
21666,221,63,加固,技能石,
21667,221,72,双星,技能石,
21668,221,101,坍缩,技能石,
21669,221,131,应激反应,技能石,
21670,221,189,无畏之心,技能石,
21671,221,193,星轨裂变,技能石,
21672,221,291,爆米花爆破,技能石,
21673,221,312,瞬间零度,技能石,
21674,221,407,赤子之心,技能石,
21675,221,467,霜天,技能石,
21676,221,27,假寐,血脉,
21677,221,47,冰爪,血脉,
21678,221,66,勾魂,血脉,
21679,221,67,化劲,血脉,
21680,221,68,升龙咆哮,血脉,
21681,221,91,啮合传递,血脉,
21682,221,132,引燃,血脉,
21683,221,139,徒长,血脉,
21684,221,192,星星撞击,血脉,
21685,221,217,毒孢子,血脉,
21686,221,246,泥浆铠甲,血脉,
21687,221,346,羽化加速,血脉,
21688,221,375,蓄水,血脉,
21689,221,391,虹光冲击,血脉,
21690,221,404,贪婪,血脉,
21691,221,413,超维投射,血脉,
21692,221,480,飞吻,血脉,
21693,221,496,麻痹,血脉,
21694,221,39,冬至,默认,36
21695,221,42,冰墙,默认,22
21696,221,45,冰晶坠,默认,37
21697,221,46,冰点,默认,40
21698,221,135,当头棒喝,默认,8
21699,221,179,撒娇,默认,35
21700,221,199,暴风雪,默认,26
21701,221,297,甜心续航,默认,9
21702,221,298,生日蛋糕,默认,29
21703,221,318,破罐破摔,默认,45
21704,221,322,碎冰冰,默认,48
21705,221,412,超级糖果,默认,11
21706,221,451,防御,默认,1
21707,221,464,雾气环绕,默认,17
21708,221,468,霜降,默认,1
21709,221,474,风吹雪,默认,1
21710,222,13,二律背反,技能石,
21711,222,24,借用,技能石,
21712,222,44,冰捆缚,技能石,
21713,222,55,冷风,技能石,
21714,222,57,击鼓传花,技能石,
21715,222,62,力量增效,技能石,
21716,222,63,加固,技能石,
21717,222,72,双星,技能石,
21718,222,101,坍缩,技能石,
21719,222,131,应激反应,技能石,
21720,222,189,无畏之心,技能石,
21721,222,193,星轨裂变,技能石,
21722,222,291,爆米花爆破,技能石,
21723,222,312,瞬间零度,技能石,
21724,222,407,赤子之心,技能石,
21725,222,467,霜天,技能石,
21726,222,27,假寐,血脉,
21727,222,47,冰爪,血脉,
21728,222,66,勾魂,血脉,
21729,222,67,化劲,血脉,
21730,222,68,升龙咆哮,血脉,
21731,222,91,啮合传递,血脉,
21732,222,132,引燃,血脉,
21733,222,139,徒长,血脉,
21734,222,192,星星撞击,血脉,
21735,222,217,毒孢子,血脉,
21736,222,246,泥浆铠甲,血脉,
21737,222,346,羽化加速,血脉,
21738,222,375,蓄水,血脉,
21739,222,391,虹光冲击,血脉,
21740,222,404,贪婪,血脉,
21741,222,413,超维投射,血脉,
21742,222,480,飞吻,血脉,
21743,222,496,麻痹,血脉,
21744,222,39,冬至,默认,36
21745,222,42,冰墙,默认,22
21746,222,45,冰晶坠,默认,37
21747,222,46,冰点,默认,40
21748,222,135,当头棒喝,默认,8
21749,222,179,撒娇,默认,35
21750,222,199,暴风雪,默认,26
21751,222,297,甜心续航,默认,9
21752,222,298,生日蛋糕,默认,29
21753,222,318,破罐破摔,默认,45
21754,222,322,碎冰冰,默认,48
21755,222,412,超级糖果,默认,11
21756,222,451,防御,默认,1
21757,222,464,雾气环绕,默认,17
21758,222,468,霜降,默认,1
21759,222,474,风吹雪,默认,1
21760,486,24,借用,技能石,
21761,486,42,冰墙,技能石,
21762,486,61,力量吞噬,技能石,
21763,486,74,反击拳,技能石,
21764,486,83,吞噬,技能石,
21765,486,120,寸拳,技能石,
21766,486,127,崩拳,技能石,
21767,486,131,应激反应,技能石,
21768,486,146,恐吓,技能石,
21769,486,154,截拳,技能石,
21770,486,158,打鼾,技能石,
21771,486,177,提气,技能石,
21772,486,182,撞鬼,技能石,
21773,486,402,诋毁,技能石,
21774,486,414,跌落,技能石,
21775,486,497,黑手,技能石,
21776,486,47,冰爪,血脉,
21777,486,68,升龙咆哮,血脉,
21778,486,94,噬心,血脉,
21779,486,150,恶能量,血脉,
21780,486,160,扬沙,血脉,
21781,486,191,星云漩涡,血脉,
21782,486,192,星星撞击,血脉,
21783,486,218,毒沼,血脉,
21784,486,242,泡沫,血脉,
21785,486,266,火焰冲锋,血脉,
21786,486,273,灵媒,血脉,
21787,486,296,球状闪电,血脉,
21788,486,324,碰爪,血脉,
21789,486,365,花香,血脉,
21790,486,406,贯手,血脉,
21791,486,430,透射,血脉,
21792,486,435,金属噪音,血脉,
21793,486,476,风矢,血脉,
21794,486,6,丢冰块,默认,4
21795,486,18,休息回复,默认,17
21796,486,,冰封,默认,30
21797,486,51,冰锥,默认,1
21798,486,62,力量增效,默认,1
21799,486,,寒潮,默认,47
21800,486,119,寒风吹,默认,1
21801,486,259,滚雪球,默认,37
21802,486,312,瞬间零度,默认,40
21803,486,322,碎冰冰,默认,13
21804,486,451,防御,默认,6
21805,486,454,阻断,默认,27
21806,486,462,雪球,默认,21
21807,486,464,雾气环绕,默认,39
21808,486,468,霜降,默认,36
21809,218,13,二律背反,技能石,
21810,218,24,借用,技能石,
21811,218,42,冰墙,技能石,
21812,218,66,勾魂,技能石,
21813,218,93,嘲弄,技能石,
21814,218,95,四维降解,技能石,
21815,218,146,恐吓,技能石,
21816,218,147,恶作剧,技能石,
21817,218,178,摇篮曲,技能石,
21818,218,183,操控,技能石,
21819,218,193,星轨裂变,技能石,
21820,218,201,有效预防,技能石,
21821,218,272,灵光,技能石,
21822,218,285,热身运动,技能石,
21823,218,338,粒子对撞,技能石,
21824,218,403,诡刺,技能石,
21825,218,18,休息回复,血脉,
21826,218,27,假寐,血脉,
21827,218,47,冰爪,血脉,
21828,218,67,化劲,血脉,
21829,218,68,升龙咆哮,血脉,
21830,218,91,啮合传递,血脉,
21831,218,132,引燃,血脉,
21832,218,139,徒长,血脉,
21833,218,217,毒孢子,血脉,
21834,218,246,泥浆铠甲,血脉,
21835,218,273,灵媒,血脉,
21836,218,297,甜心续航,血脉,
21837,218,346,羽化加速,血脉,
21838,218,375,蓄水,血脉,
21839,218,391,虹光冲击,血脉,
21840,218,404,贪婪,血脉,
21841,218,413,超维投射,血脉,
21842,218,496,麻痹,血脉,
21843,218,6,丢冰块,默认,12
21844,218,39,冬至,默认,49
21845,218,40,冰冻光线,默认,48
21846,218,44,冰捆缚,默认,46
21847,218,50,冰锋横扫,默认,42
21848,218,51,冰锥,默认,1
21849,218,187,旋转突击,默认,4
21850,218,263,激怒,默认,9
21851,218,312,瞬间零度,默认,50
21852,218,352,聒噪,默认,38
21853,218,359,能量炮,默认,35
21854,218,431,速冻,默认,47
21855,218,451,防御,默认,1
21856,218,461,雪替身,默认,33
21857,218,462,雪球,默认,1
21858,218,464,雾气环绕,默认,26
21859,31,17,以重制重,技能石,
21860,31,21,伺机而动,技能石,
21861,31,24,借用,技能石,
21862,31,29,偷袭,技能石,
21863,31,144,怒火,技能石,
21864,31,180,撕咬,技能石,
21865,31,201,有效预防,技能石,
21866,31,229,水刃,技能石,
21867,31,230,水幕冲击,技能石,
21868,31,262,潮涌,技能石,
21869,31,285,热身运动,技能石,
21870,31,305,疾风刺,技能石,
21871,31,375,蓄水,技能石,
21872,31,449,闪燃,技能石,
21873,31,486,高温回火,技能石,
21874,31,47,冰爪,血脉,
21875,31,68,升龙咆哮,血脉,
21876,31,94,噬心,血脉,
21877,31,150,恶能量,血脉,
21878,31,191,星云漩涡,血脉,
21879,31,192,星星撞击,血脉,
21880,31,211,械斗,血脉,
21881,31,218,毒沼,血脉,
21882,31,242,泡沫,血脉,
21883,31,269,火焰箭,血脉,
21884,31,273,灵媒,血脉,
21885,31,296,球状闪电,血脉,
21886,31,324,碰爪,血脉,
21887,31,343,缠丝劲,血脉,
21888,31,365,花香,血脉,
21889,31,416,跺地,血脉,
21890,31,430,透射,血脉,
21891,31,476,风矢,血脉,
21892,31,11,乘风,默认,13
21893,31,23,俯冲猛击,默认,40
21894,31,31,先发制人,默认,8
21895,31,62,力量增效,默认,1
21896,31,90,啄击,默认,1
21897,31,142,快速移动,默认,41
21898,31,155,扇风,默认,28
21899,31,345,羽刃,默认,42
21900,31,346,羽化加速,默认,34
21901,31,447,闪击,默认,35
21902,31,451,防御,默认,23
21903,31,477,风起,默认,37
21904,31,502,龙卷风,默认,47
21905,32,17,以重制重,技能石,
21906,32,21,伺机而动,技能石,
21907,32,24,借用,技能石,
21908,32,29,偷袭,技能石,
21909,32,167,抽枝,技能石,
21910,32,180,撕咬,技能石,
21911,32,201,有效预防,技能石,
21912,32,229,水刃,技能石,
21913,32,230,水幕冲击,技能石,
21914,32,262,潮涌,技能石,
21915,32,285,热身运动,技能石,
21916,32,305,疾风刺,技能石,
21917,32,332,移花接木,技能石,
21918,32,337,筛管奔流,技能石,
21919,32,375,蓄水,技能石,
21920,32,47,冰爪,血脉,
21921,32,68,升龙咆哮,血脉,
21922,32,94,噬心,血脉,
21923,32,150,恶能量,血脉,
21924,32,191,星云漩涡,血脉,
21925,32,192,星星撞击,血脉,
21926,32,211,械斗,血脉,
21927,32,218,毒沼,血脉,
21928,32,242,泡沫,血脉,
21929,32,266,火焰冲锋,血脉,
21930,32,273,灵媒,血脉,
21931,32,296,球状闪电,血脉,
21932,32,324,碰爪,血脉,
21933,32,343,缠丝劲,血脉,
21934,32,367,荆棘爪,血脉,
21935,32,416,跺地,血脉,
21936,32,430,透射,血脉,
21937,32,476,风矢,血脉,
21938,32,11,乘风,默认,13
21939,32,23,俯冲猛击,默认,40
21940,32,31,先发制人,默认,7
21941,32,62,力量增效,默认,1
21942,32,90,啄击,默认,1
21943,32,142,快速移动,默认,43
21944,32,155,扇风,默认,25
21945,32,345,羽刃,默认,48
21946,32,346,羽化加速,默认,33
21947,32,447,闪击,默认,34
21948,32,451,防御,默认,16
21949,32,477,风起,默认,37
21950,32,502,龙卷风,默认,50
21951,33,17,以重制重,技能石,
21952,33,21,伺机而动,技能石,
21953,33,24,借用,技能石,
21954,33,29,偷袭,技能石,
21955,33,47,冰爪,技能石,
21956,33,52,冰雹,技能石,
21957,33,180,撕咬,技能石,
21958,33,201,有效预防,技能石,
21959,33,229,水刃,技能石,
21960,33,230,水幕冲击,技能石,
21961,33,262,潮涌,技能石,
21962,33,285,热身运动,技能石,
21963,33,305,疾风刺,技能石,
21964,33,375,蓄水,技能石,
21965,33,431,速冻,技能石,
21966,33,55,冷风,血脉,
21967,33,68,升龙咆哮,血脉,
21968,33,94,噬心,血脉,
21969,33,150,恶能量,血脉,
21970,33,191,星云漩涡,血脉,
21971,33,192,星星撞击,血脉,
21972,33,211,械斗,血脉,
21973,33,218,毒沼,血脉,
21974,33,242,泡沫,血脉,
21975,33,266,火焰冲锋,血脉,
21976,33,273,灵媒,血脉,
21977,33,296,球状闪电,血脉,
21978,33,324,碰爪,血脉,
21979,33,343,缠丝劲,血脉,
21980,33,365,花香,血脉,
21981,33,416,跺地,血脉,
21982,33,430,透射,血脉,
21983,33,476,风矢,血脉,
21984,33,11,乘风,默认,8
21985,33,23,俯冲猛击,默认,30
21986,33,31,先发制人,默认,6
21987,33,62,力量增效,默认,1
21988,33,90,啄击,默认,1
21989,33,142,快速移动,默认,37
21990,33,155,扇风,默认,13
21991,33,345,羽刃,默认,38
21992,33,346,羽化加速,默认,18
21993,33,447,闪击,默认,21
21994,33,451,防御,默认,10
21995,33,477,风起,默认,29
21996,33,502,龙卷风,默认,40
21997,34,17,以重制重,技能石,
21998,34,21,伺机而动,技能石,
21999,34,24,借用,技能石,
22000,34,29,偷袭,技能石,
22001,34,180,撕咬,技能石,
22002,34,201,有效预防,技能石,
22003,34,229,水刃,技能石,
22004,34,230,水幕冲击,技能石,
22005,34,246,泥浆铠甲,技能石,
22006,34,262,潮涌,技能石,
22007,34,285,热身运动,技能石,
22008,34,305,疾风刺,技能石,
22009,34,313,石肤术,技能石,
22010,34,375,蓄水,技能石,
22011,34,465,震击,技能石,
22012,34,47,冰爪,血脉,
22013,34,68,升龙咆哮,血脉,
22014,34,94,噬心,血脉,
22015,34,150,恶能量,血脉,
22016,34,191,星云漩涡,血脉,
22017,34,192,星星撞击,血脉,
22018,34,211,械斗,血脉,
22019,34,218,毒沼,血脉,
22020,34,242,泡沫,血脉,
22021,34,266,火焰冲锋,血脉,
22022,34,273,灵媒,血脉,
22023,34,296,球状闪电,血脉,
22024,34,324,碰爪,血脉,
22025,34,343,缠丝劲,血脉,
22026,34,365,花香,血脉,
22027,34,416,跺地,血脉,
22028,34,430,透射,血脉,
22029,34,476,风矢,血脉,
22030,34,11,乘风,默认,8
22031,34,23,俯冲猛击,默认,35
22032,34,31,先发制人,默认,6
22033,34,62,力量增效,默认,1
22034,34,90,啄击,默认,1
22035,34,142,快速移动,默认,37
22036,34,155,扇风,默认,12
22037,34,345,羽刃,默认,38
22038,34,346,羽化加速,默认,16
22039,34,447,闪击,默认,27
22040,34,451,防御,默认,10
22041,34,477,风起,默认,34
22042,34,502,龙卷风,默认,46
22043,212,1,一拳,技能石,
22044,212,29,偷袭,技能石,
22045,212,62,力量增效,技能石,
22046,212,70,压扁,技能石,
22047,212,76,取念,技能石,
22048,212,128,幻象,技能石,
22049,212,151,惊吓盒子,技能石,
22050,212,166,报复,技能石,
22051,212,189,无畏之心,技能石,
22052,212,201,有效预防,技能石,
22053,212,403,诡刺,技能石,
22054,212,452,防御反击,技能石,
22055,212,455,降灵,技能石,
22056,212,38,冥想,血脉,
22057,212,47,冰爪,血脉,
22058,212,68,升龙咆哮,血脉,
22059,212,176,掩护,血脉,
22060,212,211,械斗,血脉,
22061,212,234,水泡盾,血脉,
22062,212,254,淤泥表皮,血脉,
22063,212,258,溃烂触碰,血脉,
22064,212,268,火焰护盾,血脉,
22065,212,324,碰爪,血脉,
22066,212,336,等价交换,血脉,
22067,212,348,羽翼庇护,血脉,
22068,212,380,虚化,血脉,
22069,212,393,蜡质膜,血脉,
22070,212,406,贯手,血脉,
22071,212,430,透射,血脉,
22072,212,450,防反,血脉,
22073,212,460,集中,血脉,
22074,212,6,丢冰块,默认,29
22075,212,31,先发制人,默认,11
22076,212,42,冰墙,默认,40
22077,212,43,冰天雪地,默认,49
22078,212,45,冰晶坠,默认,39
22079,212,49,冰蛋壳,默认,46
22080,212,51,冰锥,默认,1
22081,212,52,冰雹,默认,44
22082,212,199,暴风雪,默认,35
22083,212,451,防御,默认,1
22084,212,461,雪替身,默认,34
22085,212,462,雪球,默认,6
22086,212,467,霜天,默认,21
22087,211,1,一拳,技能石,
22088,211,29,偷袭,技能石,
22089,211,62,力量增效,技能石,
22090,211,70,压扁,技能石,
22091,211,76,取念,技能石,
22092,211,128,幻象,技能石,
22093,211,151,惊吓盒子,技能石,
22094,211,166,报复,技能石,
22095,211,189,无畏之心,技能石,
22096,211,201,有效预防,技能石,
22097,211,403,诡刺,技能石,
22098,211,452,防御反击,技能石,
22099,211,455,降灵,技能石,
22100,211,38,冥想,血脉,
22101,211,47,冰爪,血脉,
22102,211,68,升龙咆哮,血脉,
22103,211,176,掩护,血脉,
22104,211,211,械斗,血脉,
22105,211,234,水泡盾,血脉,
22106,211,254,淤泥表皮,血脉,
22107,211,258,溃烂触碰,血脉,
22108,211,268,火焰护盾,血脉,
22109,211,324,碰爪,血脉,
22110,211,336,等价交换,血脉,
22111,211,348,羽翼庇护,血脉,
22112,211,380,虚化,血脉,
22113,211,393,蜡质膜,血脉,
22114,211,406,贯手,血脉,
22115,211,430,透射,血脉,
22116,211,450,防反,血脉,
22117,211,460,集中,血脉,
22118,211,6,丢冰块,默认,29
22119,211,31,先发制人,默认,11
22120,211,42,冰墙,默认,40
22121,211,43,冰天雪地,默认,49
22122,211,45,冰晶坠,默认,39
22123,211,49,冰蛋壳,默认,46
22124,211,51,冰锥,默认,1
22125,211,52,冰雹,默认,44
22126,211,199,暴风雪,默认,35
22127,211,451,防御,默认,1
22128,211,461,雪替身,默认,34
22129,211,462,雪球,默认,6
22130,211,467,霜天,默认,21
22131,377,9,主轴,技能石,
22132,377,25,倾泻,技能石,
22133,377,29,偷袭,技能石,
22134,377,61,力量吞噬,技能石,
22135,377,76,取念,技能石,
22136,377,180,撕咬,技能石,
22137,377,195,晒太阳,技能石,
22138,377,196,暗突袭,技能石,
22139,377,201,有效预防,技能石,
22140,377,285,热身运动,技能石,
22141,377,339,精神扰乱,技能石,
22142,377,371,落石,技能石,
22143,377,423,连续爪击,技能石,
22144,377,424,迫害,技能石,
22145,377,55,冷风,血脉,
22146,377,68,升龙咆哮,血脉,
22147,377,94,噬心,血脉,
22148,377,150,恶能量,血脉,
22149,377,191,星云漩涡,血脉,
22150,377,211,械斗,血脉,
22151,377,218,毒沼,血脉,
22152,377,242,泡沫,血脉,
22153,377,266,火焰冲锋,血脉,
22154,377,273,灵媒,血脉,
22155,377,294,猛烈撞击,血脉,
22156,377,296,球状闪电,血脉,
22157,377,324,碰爪,血脉,
22158,377,343,缠丝劲,血脉,
22159,377,365,花香,血脉,
22160,377,416,跺地,血脉,
22161,377,430,透射,血脉,
22162,377,476,风矢,血脉,
22163,377,6,丢冰块,默认,23
22164,377,31,先发制人,默认,9
22165,377,44,冰捆缚,默认,26
22166,377,45,冰晶坠,默认,38
22167,377,47,冰爪,默认,1
22168,377,52,冰雹,默认,50
22169,377,62,力量增效,默认,21
22170,377,199,暴风雪,默认,33
22171,377,259,滚雪球,默认,49
22172,377,312,瞬间零度,默认,48
22173,377,431,速冻,默认,35
22174,377,451,防御,默认,11
22175,377,468,霜降,默认,1
22176,43,17,以重制重,技能石,
22177,43,21,伺机而动,技能石,
22178,43,24,借用,技能石,
22179,43,29,偷袭,技能石,
22180,43,47,冰爪,技能石,
22181,43,52,冰雹,技能石,
22182,43,180,撕咬,技能石,
22183,43,201,有效预防,技能石,
22184,43,229,水刃,技能石,
22185,43,230,水幕冲击,技能石,
22186,43,262,潮涌,技能石,
22187,43,285,热身运动,技能石,
22188,43,305,疾风刺,技能石,
22189,43,375,蓄水,技能石,
22190,43,431,速冻,技能石,
22191,43,55,冷风,血脉,
22192,43,68,升龙咆哮,血脉,
22193,43,94,噬心,血脉,
22194,43,150,恶能量,血脉,
22195,43,191,星云漩涡,血脉,
22196,43,192,星星撞击,血脉,
22197,43,211,械斗,血脉,
22198,43,218,毒沼,血脉,
22199,43,242,泡沫,血脉,
22200,43,266,火焰冲锋,血脉,
22201,43,273,灵媒,血脉,
22202,43,296,球状闪电,血脉,
22203,43,324,碰爪,血脉,
22204,43,343,缠丝劲,血脉,
22205,43,365,花香,血脉,
22206,43,416,跺地,血脉,
22207,43,430,透射,血脉,
22208,43,476,风矢,血脉,
22209,43,11,乘风,默认,8
22210,43,23,俯冲猛击,默认,30
22211,43,31,先发制人,默认,6
22212,43,62,力量增效,默认,1
22213,43,90,啄击,默认,1
22214,43,142,快速移动,默认,37
22215,43,155,扇风,默认,13
22216,43,345,羽刃,默认,38
22217,43,346,羽化加速,默认,18
22218,43,447,闪击,默认,21
22219,43,451,防御,默认,10
22220,43,477,风起,默认,29
22221,43,502,龙卷风,默认,40
22222,501,8,主场优势,技能石,
22223,501,64,加大功率,技能石,
22224,501,76,取念,技能石,
22225,501,111,天光,技能石,
22226,501,195,晒太阳,技能石,
22227,501,212,棘刺,技能石,
22228,501,244,泥巴喷射,技能石,
22229,501,249,流沙,技能石,
22230,501,351,耀眼,技能石,
22231,501,374,蓄势待发,技能石,
22232,501,444,镜像反射,技能石,
22233,501,450,防反,技能石,
22234,501,496,麻痹,技能石,
22235,501,18,休息回复,血脉,
22236,501,27,假寐,血脉,
22237,501,68,升龙咆哮,血脉,
22238,501,132,引燃,血脉,
22239,501,139,徒长,血脉,
22240,501,160,扬沙,血脉,
22241,501,217,毒孢子,血脉,
22242,501,273,灵媒,血脉,
22243,501,296,球状闪电,血脉,
22244,501,297,甜心续航,血脉,
22245,501,346,羽化加速,血脉,
22246,501,375,蓄水,血脉,
22247,501,391,虹光冲击,血脉,
22248,501,404,贪婪,血脉,
22249,501,406,贯手,血脉,
22250,501,413,超维投射,血脉,
22251,501,435,金属噪音,血脉,
22252,501,468,霜降,血脉,
22253,501,35,光球,默认,1
22254,501,73,双联脉冲,默认,32
22255,501,106,增程电池,默认,35
22256,501,184,放晴,默认,48
22257,501,301,电流,默认,1
22258,501,302,电磁偏转,默认,24
22259,501,303,电离爆破,默认,27
22260,501,363,色散,默认,22
22261,501,373,落雷,默认,39
22262,501,409,超导,默认,5
22263,501,417,踏雷,默认,40
22264,501,421,远程访问,默认,11
22265,501,451,防御,默认,16
22266,490,2,三连破,技能石,
22267,490,12,乱打,技能石,
22268,490,21,伺机而动,技能石,
22269,490,25,倾泻,技能石,
22270,490,69,午夜噪音,技能石,
22271,490,104,埋伏,技能石,
22272,490,140,微型斥候,技能石,
22273,490,146,恐吓,技能石,
22274,490,158,打鼾,技能石,
22275,490,174,排气,技能石,
22276,490,201,有效预防,技能石,
22277,490,285,热身运动,技能石,
22278,490,329,离子震荡,技能石,
22279,490,450,防反,技能石,
22280,490,454,阻断,技能石,
22281,490,38,冥想,血脉,
22282,490,68,升龙咆哮,血脉,
22283,490,74,反击拳,血脉,
22284,490,94,噬心,血脉,
22285,490,192,星星撞击,血脉,
22286,490,211,械斗,血脉,
22287,490,234,水泡盾,血脉,
22288,490,258,溃烂触碰,血脉,
22289,490,268,火焰护盾,血脉,
22290,490,324,碰爪,血脉,
22291,490,336,等价交换,血脉,
22292,490,348,羽翼庇护,血脉,
22293,490,380,虚化,血脉,
22294,490,393,蜡质膜,血脉,
22295,490,416,跺地,血脉,
22296,490,430,透射,血脉,
22297,490,460,集中,血脉,
22298,490,461,雪替身,血脉,
22299,490,80,同频,默认,1
22300,490,82,吓退,默认,24
22301,490,189,无畏之心,默认,34
22302,490,203,杠杆置换,默认,23
22303,490,352,聒噪,默认,33
22304,490,358,能量守恒,默认,11
22305,490,426,追打,默认,36
22306,490,435,金属噪音,默认,7
22307,490,441,铁蒺藜,默认,27
22308,490,451,防御,默认,1
22309,490,470,音波弹,默认,1
22310,490,471,音爆,默认,17
22311,490,489,魔法增效,默认,8
22312,95,24,借用,技能石,
22313,95,29,偷袭,技能石,
22314,95,83,吞噬,技能石,
22315,95,121,导电撞击,技能石,
22316,95,178,摇篮曲,技能石,
22317,95,180,撕咬,技能石,
22318,95,195,晒太阳,技能石,
22319,95,402,诋毁,技能石,
22320,95,404,贪婪,技能石,
22321,95,414,跌落,技能石,
22322,95,420,过载回路,技能石,
22323,95,446,闪光冲击,技能石,
22324,95,496,麻痹,技能石,
22325,95,55,冷风,血脉,
22326,95,68,升龙咆哮,血脉,
22327,95,94,噬心,血脉,
22328,95,128,幻象,血脉,
22329,95,143,念力膨胀,血脉,
22330,95,150,恶能量,血脉,
22331,95,160,扬沙,血脉,
22332,95,169,拍击,血脉,
22333,95,242,泡沫,血脉,
22334,95,258,溃烂触碰,血脉,
22335,95,269,火焰箭,血脉,
22336,95,296,球状闪电,血脉,
22337,95,329,离子震荡,血脉,
22338,95,343,缠丝劲,血脉,
22339,95,365,花香,血脉,
22340,95,391,虹光冲击,血脉,
22341,95,476,风矢,血脉,
22342,95,488,魅惑,血脉,
22343,95,62,力量增效,默认,11
22344,95,132,引燃,默认,7
22345,95,135,当头棒喝,默认,22
22346,95,144,怒火,默认,35
22347,95,248,流星火雨,默认,9
22348,95,265,火云车,默认,47
22349,95,271,火苗,默认,1
22350,95,274,灼伤,默认,42
22351,95,284,热身,默认,46
22352,95,288,焚烧烙印,默认,24
22353,95,449,闪燃,默认,49
22354,95,451,防御,默认,1
22355,95,486,高温回火,默认,28
22356,96,24,借用,技能石,
22357,96,29,偷袭,技能石,
22358,96,83,吞噬,技能石,
22359,96,121,导电撞击,技能石,
22360,96,178,摇篮曲,技能石,
22361,96,180,撕咬,技能石,
22362,96,195,晒太阳,技能石,
22363,96,402,诋毁,技能石,
22364,96,404,贪婪,技能石,
22365,96,414,跌落,技能石,
22366,96,420,过载回路,技能石,
22367,96,446,闪光冲击,技能石,
22368,96,496,麻痹,技能石,
22369,96,55,冷风,血脉,
22370,96,68,升龙咆哮,血脉,
22371,96,94,噬心,血脉,
22372,96,128,幻象,血脉,
22373,96,143,念力膨胀,血脉,
22374,96,150,恶能量,血脉,
22375,96,160,扬沙,血脉,
22376,96,169,拍击,血脉,
22377,96,242,泡沫,血脉,
22378,96,258,溃烂触碰,血脉,
22379,96,269,火焰箭,血脉,
22380,96,296,球状闪电,血脉,
22381,96,329,离子震荡,血脉,
22382,96,343,缠丝劲,血脉,
22383,96,365,花香,血脉,
22384,96,391,虹光冲击,血脉,
22385,96,476,风矢,血脉,
22386,96,488,魅惑,血脉,
22387,96,62,力量增效,默认,11
22388,96,132,引燃,默认,7
22389,96,135,当头棒喝,默认,22
22390,96,144,怒火,默认,35
22391,96,248,流星火雨,默认,9
22392,96,265,火云车,默认,47
22393,96,271,火苗,默认,1
22394,96,274,灼伤,默认,42
22395,96,284,热身,默认,46
22396,96,288,焚烧烙印,默认,24
22397,96,449,闪燃,默认,49
22398,96,451,防御,默认,1
22399,96,486,高温回火,默认,28
22400,194,2,三连破,技能石,
22401,194,8,主场优势,技能石,
22402,194,21,伺机而动,技能石,
22403,194,25,倾泻,技能石,
22404,194,108,复写,技能石,
22405,194,110,大爆炸,技能石,
22406,194,209,根吸收,技能石,
22407,194,212,棘刺,技能石,
22408,194,285,热身运动,技能石,
22409,194,310,盛开,技能石,
22410,194,349,翅刃,技能石,
22411,194,365,花香,技能石,
22412,194,454,阻断,技能石,
22413,194,481,飞断,技能石,
22414,194,55,冷风,血脉,
22415,194,68,升龙咆哮,血脉,
22416,194,123,尾后针,血脉,
22417,194,192,星星撞击,血脉,
22418,194,218,毒沼,血脉,
22419,194,270,火爪,血脉,
22420,194,273,灵媒,血脉,
22421,194,325,磁干扰,血脉,
22422,194,329,离子震荡,血脉,
22423,194,355,肥皂泡,血脉,
22424,194,367,荆棘爪,血脉,
22425,194,391,虹光冲击,血脉,
22426,194,406,贯手,血脉,
22427,194,416,跺地,血脉,
22428,194,437,针状物,血脉,
22429,194,476,风矢,血脉,
22430,194,488,魅惑,血脉,
22431,194,497,黑手,血脉,
22432,194,27,假寐,默认,20
22433,194,169,拍击,默认,9
22434,194,178,摇篮曲,默认,27
22435,194,352,聒噪,默认,1
22436,194,384,虫网,默认,1
22437,194,389,虫蛊,默认,33
22438,194,390,虫鸣,默认,25
22439,194,399,触底强击,默认,36
22440,194,426,追打,默认,48
22441,194,451,防御,默认,13
22442,194,470,音波弹,默认,28
22443,194,491,魔能爆,默认,35
22444,195,2,三连破,技能石,
22445,195,8,主场优势,技能石,
22446,195,21,伺机而动,技能石,
22447,195,25,倾泻,技能石,
22448,195,108,复写,技能石,
22449,195,110,大爆炸,技能石,
22450,195,209,根吸收,技能石,
22451,195,212,棘刺,技能石,
22452,195,285,热身运动,技能石,
22453,195,310,盛开,技能石,
22454,195,349,翅刃,技能石,
22455,195,365,花香,技能石,
22456,195,454,阻断,技能石,
22457,195,481,飞断,技能石,
22458,195,55,冷风,血脉,
22459,195,68,升龙咆哮,血脉,
22460,195,123,尾后针,血脉,
22461,195,192,星星撞击,血脉,
22462,195,218,毒沼,血脉,
22463,195,270,火爪,血脉,
22464,195,273,灵媒,血脉,
22465,195,325,磁干扰,血脉,
22466,195,329,离子震荡,血脉,
22467,195,355,肥皂泡,血脉,
22468,195,367,荆棘爪,血脉,
22469,195,391,虹光冲击,血脉,
22470,195,406,贯手,血脉,
22471,195,416,跺地,血脉,
22472,195,437,针状物,血脉,
22473,195,476,风矢,血脉,
22474,195,488,魅惑,血脉,
22475,195,497,黑手,血脉,
22476,195,27,假寐,默认,6
22477,195,169,拍击,默认,1
22478,195,178,摇篮曲,默认,16
22479,195,352,聒噪,默认,1
22480,195,384,虫网,默认,1
22481,195,389,虫蛊,默认,34
22482,195,390,虫鸣,默认,12
22483,195,399,触底强击,默认,37
22484,195,426,追打,默认,39
22485,195,451,防御,默认,3
22486,195,470,音波弹,默认,27
22487,195,491,魔能爆,默认,35
22488,177,44,冰捆缚,技能石,
22489,177,119,寒风吹,技能石,
22490,177,142,快速移动,技能石,
22491,177,204,极寒领域,技能石,
22492,177,251,消毒法,技能石,
22493,177,252,涌泉,技能石,
22494,177,285,热身运动,技能石,
22495,177,335,突袭,技能石,
22496,177,389,虫蛊,技能石,
22497,177,405,贮藏,技能石,
22498,177,426,追打,技能石,
22499,177,451,防御,技能石,
22500,177,477,风起,技能石,
22501,177,47,冰爪,血脉,
22502,177,68,升龙咆哮,血脉,
22503,177,123,尾后针,血脉,
22504,177,192,星星撞击,血脉,
22505,177,218,毒沼,血脉,
22506,177,232,水弹枪,血脉,
22507,177,270,火爪,血脉,
22508,177,273,灵媒,血脉,
22509,177,325,磁干扰,血脉,
22510,177,329,离子震荡,血脉,
22511,177,367,荆棘爪,血脉,
22512,177,391,虹光冲击,血脉,
22513,177,406,贯手,血脉,
22514,177,416,跺地,血脉,
22515,177,437,针状物,血脉,
22516,177,476,风矢,血脉,
22517,177,488,魅惑,血脉,
22518,177,497,黑手,血脉,
22519,177,24,借用,默认,28
22520,177,97,回旋风暴,默认,13
22521,177,113,天洪,默认,49
22522,177,156,打湿,默认,21
22523,177,236,水炮,默认,41
22524,177,238,水花四溅,默认,5
22525,177,299,甩水,默认,1
22526,177,309,盐水浴,默认,47
22527,177,350,翼击,默认,35
22528,177,359,能量炮,默认,24
22529,177,372,落雨,默认,36
22530,177,478,风隐,默认,7
22531,177,489,魔法增效,默认,1
22532,429,2,三连破,技能石,
22533,429,4,不动如山,技能石,
22534,429,25,倾泻,技能石,
22535,429,76,取念,技能石,
22536,429,98,地刺,技能石,
22537,429,100,地震,技能石,
22538,429,128,幻象,技能石,
22539,429,166,报复,技能石,
22540,429,176,掩护,技能石,
22541,429,212,棘刺,技能石,
22542,429,254,淤泥表皮,技能石,
22543,429,285,热身运动,技能石,
22544,429,432,遁地,技能石,
22545,429,481,飞断,技能石,
22546,429,38,冥想,血脉,
22547,429,68,升龙咆哮,血脉,
22548,429,74,反击拳,血脉,
22549,429,94,噬心,血脉,
22550,429,211,械斗,血脉,
22551,429,234,水泡盾,血脉,
22552,429,258,溃烂触碰,血脉,
22553,429,268,火焰护盾,血脉,
22554,429,324,碰爪,血脉,
22555,429,336,等价交换,血脉,
22556,429,380,虚化,血脉,
22557,429,393,蜡质膜,血脉,
22558,429,416,跺地,血脉,
22559,429,430,透射,血脉,
22560,429,450,防反,血脉,
22561,429,460,集中,血脉,
22562,429,461,雪替身,血脉,
22563,429,475,风墙,血脉,
22564,429,107,壁垒,默认,30
22565,429,123,尾后针,默认,9
22566,429,125,岩土暴击,默认,44
22567,429,241,沙涌,默认,29
22568,429,314,石锁,默认,36
22569,429,344,网缚,默认,1
22570,429,349,翅刃,默认,50
22571,429,383,虫结阵,默认,39
22572,429,387,虫群过境,默认,37
22573,429,390,虫鸣,默认,23
22574,429,405,贮藏,默认,1
22575,429,451,防御,默认,1
22576,429,484,食腐,默认,11
22577,347,25,倾泻,技能石,
22578,347,40,冰冻光线,技能石,
22579,347,66,勾魂,技能石,
22580,347,72,双星,技能石,
22581,347,101,坍缩,技能石,
22582,347,108,复写,技能石,
22583,347,130,幽灵爆发,技能石,
22584,347,146,恐吓,技能石,
22585,347,151,惊吓盒子,技能石,
22586,347,195,晒太阳,技能石,
22587,347,298,生日蛋糕,技能石,
22588,347,318,破罐破摔,技能石,
22589,347,339,精神扰乱,技能石,
22590,347,403,诡刺,技能石,
22591,347,412,超级糖果,技能石,
22592,347,454,阻断,技能石,
22593,347,47,冰爪,血脉,
22594,347,68,升龙咆哮,血脉,
22595,347,123,尾后针,血脉,
22596,347,192,星星撞击,血脉,
22597,347,218,毒沼,血脉,
22598,347,270,火爪,血脉,
22599,347,273,灵媒,血脉,
22600,347,325,磁干扰,血脉,
22601,347,329,离子震荡,血脉,
22602,347,355,肥皂泡,血脉,
22603,347,367,荆棘爪,血脉,
22604,347,391,虹光冲击,血脉,
22605,347,406,贯手,血脉,
22606,347,416,跺地,血脉,
22607,347,437,针状物,血脉,
22608,347,476,风矢,血脉,
22609,347,480,飞吻,血脉,
22610,347,497,黑手,血脉,
22611,347,45,冰晶坠,默认,22
22612,347,46,冰点,默认,37
22613,347,50,冰锋横扫,默认,40
22614,347,52,冰雹,默认,45
22615,347,62,力量增效,默认,26
22616,347,119,寒风吹,默认,8
22617,347,187,旋转突击,默认,29
22618,347,199,暴风雪,默认,11
22619,347,204,极寒领域,默认,48
22620,347,322,碎冰冰,默认,36
22621,347,451,防御,默认,1
22622,347,464,雾气环绕,默认,17
22623,347,467,霜天,默认,35
22624,347,468,霜降,默认,1
22625,347,474,风吹雪,默认,1
22626,347,489,魔法增效,默认,9
22627,348,25,倾泻,技能石,
22628,348,40,冰冻光线,技能石,
22629,348,66,勾魂,技能石,
22630,348,72,双星,技能石,
22631,348,101,坍缩,技能石,
22632,348,108,复写,技能石,
22633,348,130,幽灵爆发,技能石,
22634,348,146,恐吓,技能石,
22635,348,151,惊吓盒子,技能石,
22636,348,195,晒太阳,技能石,
22637,348,298,生日蛋糕,技能石,
22638,348,318,破罐破摔,技能石,
22639,348,339,精神扰乱,技能石,
22640,348,403,诡刺,技能石,
22641,348,412,超级糖果,技能石,
22642,348,454,阻断,技能石,
22643,348,47,冰爪,血脉,
22644,348,68,升龙咆哮,血脉,
22645,348,123,尾后针,血脉,
22646,348,192,星星撞击,血脉,
22647,348,218,毒沼,血脉,
22648,348,270,火爪,血脉,
22649,348,273,灵媒,血脉,
22650,348,325,磁干扰,血脉,
22651,348,329,离子震荡,血脉,
22652,348,355,肥皂泡,血脉,
22653,348,367,荆棘爪,血脉,
22654,348,391,虹光冲击,血脉,
22655,348,406,贯手,血脉,
22656,348,416,跺地,血脉,
22657,348,437,针状物,血脉,
22658,348,476,风矢,血脉,
22659,348,480,飞吻,血脉,
22660,348,497,黑手,血脉,
22661,348,45,冰晶坠,默认,22
22662,348,46,冰点,默认,37
22663,348,50,冰锋横扫,默认,40
22664,348,52,冰雹,默认,45
22665,348,62,力量增效,默认,26
22666,348,119,寒风吹,默认,8
22667,348,187,旋转突击,默认,29
22668,348,199,暴风雪,默认,11
22669,348,204,极寒领域,默认,48
22670,348,322,碎冰冰,默认,36
22671,348,451,防御,默认,1
22672,348,464,雾气环绕,默认,17
22673,348,467,霜天,默认,35
22674,348,468,霜降,默认,1
22675,348,474,风吹雪,默认,1
22676,348,489,魔法增效,默认,9
22677,349,25,倾泻,技能石,
22678,349,40,冰冻光线,技能石,
22679,349,66,勾魂,技能石,
22680,349,72,双星,技能石,
22681,349,101,坍缩,技能石,
22682,349,108,复写,技能石,
22683,349,130,幽灵爆发,技能石,
22684,349,146,恐吓,技能石,
22685,349,151,惊吓盒子,技能石,
22686,349,195,晒太阳,技能石,
22687,349,298,生日蛋糕,技能石,
22688,349,318,破罐破摔,技能石,
22689,349,339,精神扰乱,技能石,
22690,349,403,诡刺,技能石,
22691,349,412,超级糖果,技能石,
22692,349,454,阻断,技能石,
22693,349,47,冰爪,血脉,
22694,349,68,升龙咆哮,血脉,
22695,349,123,尾后针,血脉,
22696,349,192,星星撞击,血脉,
22697,349,218,毒沼,血脉,
22698,349,270,火爪,血脉,
22699,349,273,灵媒,血脉,
22700,349,325,磁干扰,血脉,
22701,349,329,离子震荡,血脉,
22702,349,355,肥皂泡,血脉,
22703,349,367,荆棘爪,血脉,
22704,349,391,虹光冲击,血脉,
22705,349,406,贯手,血脉,
22706,349,416,跺地,血脉,
22707,349,437,针状物,血脉,
22708,349,476,风矢,血脉,
22709,349,480,飞吻,血脉,
22710,349,497,黑手,血脉,
22711,349,45,冰晶坠,默认,22
22712,349,46,冰点,默认,37
22713,349,50,冰锋横扫,默认,40
22714,349,52,冰雹,默认,45
22715,349,62,力量增效,默认,26
22716,349,119,寒风吹,默认,8
22717,349,187,旋转突击,默认,29
22718,349,199,暴风雪,默认,11
22719,349,204,极寒领域,默认,48
22720,349,322,碎冰冰,默认,36
22721,349,451,防御,默认,1
22722,349,464,雾气环绕,默认,17
22723,349,467,霜天,默认,35
22724,349,468,霜降,默认,1
22725,349,474,风吹雪,默认,1
22726,349,489,魔法增效,默认,9
22727,345,8,主场优势,技能石,
22728,345,25,倾泻,技能石,
22729,345,74,反击拳,技能石,
22730,345,82,吓退,技能石,
22731,345,108,复写,技能石,
22732,345,142,快速移动,技能石,
22733,345,177,提气,技能石,
22734,345,195,晒太阳,技能石,
22735,345,225,气泡,技能石,
22736,345,226,气波,技能石,
22737,345,230,水幕冲击,技能石,
22738,345,238,水花四溅,技能石,
22739,345,253,润泽,技能石,
22740,345,285,热身运动,技能石,
22741,345,319,破防,技能石,
22742,345,334,穿膛,技能石,
22743,345,339,精神扰乱,技能石,
22744,345,372,落雨,技能石,
22745,345,18,休息回复,血脉,
22746,345,27,假寐,血脉,
22747,345,66,勾魂,血脉,
22748,345,67,化劲,血脉,
22749,345,68,升龙咆哮,血脉,
22750,345,91,啮合传递,血脉,
22751,345,132,引燃,血脉,
22752,345,139,徒长,血脉,
22753,345,217,毒孢子,血脉,
22754,345,232,水弹枪,血脉,
22755,345,246,泥浆铠甲,血脉,
22756,345,297,甜心续航,血脉,
22757,345,391,虹光冲击,血脉,
22758,345,404,贪婪,血脉,
22759,345,413,超维投射,血脉,
22760,345,468,霜降,血脉,
22761,345,476,风矢,血脉,
22762,345,496,麻痹,血脉,
22763,345,11,乘风,默认,36
22764,345,131,应激反应,默认,50
22765,345,155,扇风,默认,49
22766,345,263,激怒,默认,1
22767,345,348,羽翼庇护,默认,25
22768,345,350,翼击,默认,32
22769,345,359,能量炮,默认,13
22770,345,442,锐利眼神,默认,46
22771,345,447,闪击,默认,45
22772,345,451,防御,默认,1
22773,345,477,风起,默认,47
22774,345,478,风隐,默认,20
22775,345,482,飞羽,默认,9
22776,345,492,鸣叫,默认,1
22777,345,495,鹰爪,默认,5
22778,6,24,借用,技能石,
22779,6,60,剧毒,技能石,
22780,6,111,天光,技能石,
22781,6,131,应激反应,技能石,
22782,6,178,摇篮曲,技能石,
22783,6,195,晒太阳,技能石,
22784,6,217,毒孢子,技能石,
22785,6,218,毒沼,技能石,
22786,6,308,瘴气喷射,技能石,
22787,6,332,移花接木,技能石,
22788,6,339,精神扰乱,技能石,
22789,6,340,纤维化,技能石,
22790,6,361,腐化,技能石,
22791,6,362,腐蚀酸液,技能石,
22792,6,430,透射,技能石,
22793,6,434,重击,技能石,
22794,6,27,假寐,血脉,
22795,6,66,勾魂,血脉,
22796,6,67,化劲,血脉,
22797,6,68,升龙咆哮,血脉,
22798,6,91,啮合传递,血脉,
22799,6,132,引燃,血脉,
22800,6,192,星星撞击,血脉,
22801,6,246,泥浆铠甲,血脉,
22802,6,258,溃烂触碰,血脉,
22803,6,297,甜心续航,血脉,
22804,6,346,羽化加速,血脉,
22805,6,367,荆棘爪,血脉,
22806,6,375,蓄水,血脉,
22807,6,391,虹光冲击,血脉,
22808,6,404,贪婪,血脉,
22809,6,413,超维投射,血脉,
22810,6,468,霜降,血脉,
22811,6,496,麻痹,血脉,
22812,6,7,丰饶,默认,48
22813,6,15,仙人掌刺击,默认,42
22814,6,18,休息回复,默认,1
22815,6,34,光合作用,默认,49
22816,6,36,光能聚集,默认,50
22817,6,79,叶绿光束,默认,17
22818,6,115,孢子,默认,36
22819,6,139,徒长,默认,12
22820,6,159,扫尾,默认,7
22821,6,162,抓挠,默认,1
22822,6,213,棘突,默认,6
22823,6,310,盛开,默认,30
22824,6,337,筛管奔流,默认,29
22825,6,377,藤绞,默认,8
22826,6,433,酶浓度调整,默认,21
22827,6,451,防御,默认,10
22828,173,2,三连破,技能石,
22829,173,21,伺机而动,技能石,
22830,173,25,倾泻,技能石,
22831,173,59,刺藤,技能石,
22832,173,108,复写,技能石,
22833,173,115,孢子,技能石,
22834,173,146,恐吓,技能石,
22835,173,178,摇篮曲,技能石,
22836,173,195,晒太阳,技能石,
22837,173,285,热身运动,技能石,
22838,173,324,碰爪,技能石,
22839,173,337,筛管奔流,技能石,
22840,173,423,连续爪击,技能石,
22841,173,454,阻断,技能石,
22842,173,47,冰爪,血脉,
22843,173,68,升龙咆哮,血脉,
22844,173,94,噬心,血脉,
22845,173,150,恶能量,血脉,
22846,173,191,星云漩涡,血脉,
22847,173,211,械斗,血脉,
22848,173,218,毒沼,血脉,
22849,173,242,泡沫,血脉,
22850,173,266,火焰冲锋,血脉,
22851,173,273,灵媒,血脉,
22852,173,294,猛烈撞击,血脉,
22853,173,296,球状闪电,血脉,
22854,173,343,缠丝劲,血脉,
22855,173,367,荆棘爪,血脉,
22856,173,416,跺地,血脉,
22857,173,430,透射,血脉,
22858,173,476,风矢,血脉,
22859,173,480,飞吻,血脉,
22860,173,90,啄击,默认,1
22861,173,155,扇风,默认,37
22862,173,200,月光合奏,默认,48
22863,173,297,甜心续航,默认,1
22864,173,298,生日蛋糕,默认,27
22865,173,305,疾风刺,默认,33
22866,173,316,砂糖弹球,默认,22
22867,173,346,羽化加速,默认,17
22868,173,412,超级糖果,默认,6
22869,173,429,逆袭,默认,41
22870,173,451,防御,默认,13
22871,173,477,风起,默认,35
22872,173,502,龙卷风,默认,50
22873,172,2,三连破,技能石,
22874,172,21,伺机而动,技能石,
22875,172,25,倾泻,技能石,
22876,172,59,刺藤,技能石,
22877,172,108,复写,技能石,
22878,172,115,孢子,技能石,
22879,172,146,恐吓,技能石,
22880,172,178,摇篮曲,技能石,
22881,172,195,晒太阳,技能石,
22882,172,285,热身运动,技能石,
22883,172,324,碰爪,技能石,
22884,172,337,筛管奔流,技能石,
22885,172,423,连续爪击,技能石,
22886,172,454,阻断,技能石,
22887,172,47,冰爪,血脉,
22888,172,68,升龙咆哮,血脉,
22889,172,94,噬心,血脉,
22890,172,150,恶能量,血脉,
22891,172,191,星云漩涡,血脉,
22892,172,211,械斗,血脉,
22893,172,218,毒沼,血脉,
22894,172,242,泡沫,血脉,
22895,172,266,火焰冲锋,血脉,
22896,172,273,灵媒,血脉,
22897,172,294,猛烈撞击,血脉,
22898,172,296,球状闪电,血脉,
22899,172,343,缠丝劲,血脉,
22900,172,367,荆棘爪,血脉,
22901,172,416,跺地,血脉,
22902,172,430,透射,血脉,
22903,172,476,风矢,血脉,
22904,172,480,飞吻,血脉,
22905,172,90,啄击,默认,1
22906,172,155,扇风,默认,37
22907,172,200,月光合奏,默认,48
22908,172,297,甜心续航,默认,1
22909,172,298,生日蛋糕,默认,27
22910,172,305,疾风刺,默认,33
22911,172,316,砂糖弹球,默认,22
22912,172,346,羽化加速,默认,17
22913,172,412,超级糖果,默认,6
22914,172,429,逆袭,默认,41
22915,172,451,防御,默认,13
22916,172,477,风起,默认,35
22917,172,502,龙卷风,默认,50
22918,163,8,主场优势,技能石,
22919,163,13,二律背反,技能石,
22920,163,34,光合作用,技能石,
22921,163,76,取念,技能石,
22922,163,92,嗜痛,技能石,
22923,163,109,多维击打,技能石,
22924,163,111,天光,技能石,
22925,163,131,应激反应,技能石,
22926,163,193,星轨裂变,技能石,
22927,163,195,晒太阳,技能石,
22928,163,260,漫反射,技能石,
22929,163,339,精神扰乱,技能石,
22930,163,366,芳香诱引,技能石,
22931,163,451,防御,技能石,
22932,163,18,休息回复,血脉,
22933,163,27,假寐,血脉,
22934,163,66,勾魂,血脉,
22935,163,67,化劲,血脉,
22936,163,68,升龙咆哮,血脉,
22937,163,91,啮合传递,血脉,
22938,163,132,引燃,血脉,
22939,163,143,念力膨胀,血脉,
22940,163,217,毒孢子,血脉,
22941,163,246,泥浆铠甲,血脉,
22942,163,297,甜心续航,血脉,
22943,163,346,羽化加速,血脉,
22944,163,367,荆棘爪,血脉,
22945,163,375,蓄水,血脉,
22946,163,391,虹光冲击,血脉,
22947,163,404,贪婪,血脉,
22948,163,468,霜降,血脉,
22949,163,496,麻痹,血脉,
22950,163,31,先发制人,默认,35
22951,163,101,坍缩,默认,41
22952,163,118,富养化,默认,25
22953,163,141,心灵洞悉,默认,39
22954,163,213,棘突,默认,23
22955,163,240,汲取,默认,1
22956,163,310,盛开,默认,47
22957,163,332,移花接木,默认,4
22958,163,365,花香,默认,3
22959,163,413,超维投射,默认,34
22960,163,433,酶浓度调整,默认,11
22961,163,437,针状物,默认,32
22962,163,489,魔法增效,默认,1
22963,305,24,借用,技能石,
22964,305,58,刺盾,技能石,
22965,305,79,叶绿光束,技能石,
22966,305,82,吓退,技能石,
22967,305,92,嗜痛,技能石,
22968,305,102,坟场搏击,技能石,
22969,305,104,埋伏,技能石,
22970,305,125,岩土暴击,技能石,
22971,305,146,恐吓,技能石,
22972,305,183,操控,技能石,
22973,305,212,棘刺,技能石,
22974,305,285,热身运动,技能石,
22975,305,340,纤维化,技能石,
22976,305,376,蓄能轰击,技能石,
22977,305,377,藤绞,技能石,
22978,305,395,血气,技能石,
22979,305,38,冥想,血脉,
22980,305,68,升龙咆哮,血脉,
22981,305,74,反击拳,血脉,
22982,305,176,掩护,血脉,
22983,305,234,水泡盾,血脉,
22984,305,258,溃烂触碰,血脉,
22985,305,268,火焰护盾,血脉,
22986,305,329,离子震荡,血脉,
22987,305,348,羽翼庇护,血脉,
22988,305,367,荆棘爪,血脉,
22989,305,380,虚化,血脉,
22990,305,391,虹光冲击,血脉,
22991,305,402,诋毁,血脉,
22992,305,416,跺地,血脉,
22993,305,450,防反,血脉,
22994,305,460,集中,血脉,
22995,305,461,雪替身,血脉,
22996,305,488,魅惑,血脉,
22997,305,98,地刺,默认,44
22998,305,126,岩脉崩毁,默认,33
22999,305,167,抽枝,默认,50
23000,305,241,沙涌,默认,21
23001,305,245,泥浆,默认,1
23002,305,254,淤泥表皮,默认,23
23003,305,283,热砂,默认,26
23004,305,331,种皮爆裂,默认,6
23005,305,354,聚盐,默认,1
23006,305,365,花香,默认,13
23007,305,374,蓄势待发,默认,7
23008,305,415,践踏,默认,37
23009,305,432,遁地,默认,35
23010,305,433,酶浓度调整,默认,48
23011,305,451,防御,默认,1
23012,21,2,三连破,技能石,
23013,21,8,主场优势,技能石,
23014,21,11,乘风,技能石,
23015,21,54,冲撞,技能石,
23016,21,74,反击拳,技能石,
23017,21,108,复写,技能石,
23018,21,177,提气,技能石,
23019,21,178,摇篮曲,技能石,
23020,21,317,破绽,技能石,
23021,21,339,精神扰乱,技能石,
23022,21,343,缠丝劲,技能石,
23023,21,450,防反,技能石,
23024,21,476,风矢,技能石,
23025,21,482,飞羽,技能石,
23026,21,27,假寐,血脉,
23027,21,66,勾魂,血脉,
23028,21,67,化劲,血脉,
23029,21,68,升龙咆哮,血脉,
23030,21,91,啮合传递,血脉,
23031,21,132,引燃,血脉,
23032,21,139,徒长,血脉,
23033,21,192,星星撞击,血脉,
23034,21,217,毒孢子,血脉,
23035,21,246,泥浆铠甲,血脉,
23036,21,297,甜心续航,血脉,
23037,21,346,羽化加速,血脉,
23038,21,375,蓄水,血脉,
23039,21,404,贪婪,血脉,
23040,21,413,超维投射,血脉,
23041,21,430,透射,血脉,
23042,21,468,霜降,血脉,
23043,21,496,麻痹,血脉,
23044,21,18,休息回复,默认,10
23045,21,21,伺机而动,默认,34
23046,21,62,力量增效,默认,1
23047,21,82,吓退,默认,25
23048,21,84,吨位压制,默认,38
23049,21,88,咆哮,默认,21
23050,21,142,快速移动,默认,39
23051,21,159,扫尾,默认,6
23052,21,187,旋转突击,默认,12
23053,21,285,热身运动,默认,35
23054,21,294,猛烈撞击,默认,1
23055,21,397,见招拆招,默认,28
23056,21,451,防御,默认,8
23057,15,2,三连破,技能石,
23058,15,8,主场优势,技能石,
23059,15,11,乘风,技能石,
23060,15,54,冲撞,技能石,
23061,15,74,反击拳,技能石,
23062,15,108,复写,技能石,
23063,15,177,提气,技能石,
23064,15,178,摇篮曲,技能石,
23065,15,317,破绽,技能石,
23066,15,339,精神扰乱,技能石,
23067,15,343,缠丝劲,技能石,
23068,15,450,防反,技能石,
23069,15,476,风矢,技能石,
23070,15,482,飞羽,技能石,
23071,15,27,假寐,血脉,
23072,15,66,勾魂,血脉,
23073,15,67,化劲,血脉,
23074,15,68,升龙咆哮,血脉,
23075,15,91,啮合传递,血脉,
23076,15,132,引燃,血脉,
23077,15,139,徒长,血脉,
23078,15,192,星星撞击,血脉,
23079,15,217,毒孢子,血脉,
23080,15,246,泥浆铠甲,血脉,
23081,15,297,甜心续航,血脉,
23082,15,346,羽化加速,血脉,
23083,15,375,蓄水,血脉,
23084,15,404,贪婪,血脉,
23085,15,413,超维投射,血脉,
23086,15,430,透射,血脉,
23087,15,468,霜降,血脉,
23088,15,496,麻痹,血脉,
23089,15,18,休息回复,默认,10
23090,15,21,伺机而动,默认,30
23091,15,62,力量增效,默认,1
23092,15,82,吓退,默认,22
23093,15,84,吨位压制,默认,35
23094,15,88,咆哮,默认,18
23095,15,142,快速移动,默认,39
23096,15,159,扫尾,默认,6
23097,15,187,旋转突击,默认,12
23098,15,285,热身运动,默认,34
23099,15,294,猛烈撞击,默认,1
23100,15,397,见招拆招,默认,27
23101,15,451,防御,默认,8
23102,16,2,三连破,技能石,
23103,16,8,主场优势,技能石,
23104,16,11,乘风,技能石,
23105,16,54,冲撞,技能石,
23106,16,74,反击拳,技能石,
23107,16,108,复写,技能石,
23108,16,177,提气,技能石,
23109,16,178,摇篮曲,技能石,
23110,16,317,破绽,技能石,
23111,16,339,精神扰乱,技能石,
23112,16,343,缠丝劲,技能石,
23113,16,450,防反,技能石,
23114,16,476,风矢,技能石,
23115,16,482,飞羽,技能石,
23116,16,27,假寐,血脉,
23117,16,66,勾魂,血脉,
23118,16,67,化劲,血脉,
23119,16,68,升龙咆哮,血脉,
23120,16,91,啮合传递,血脉,
23121,16,132,引燃,血脉,
23122,16,139,徒长,血脉,
23123,16,192,星星撞击,血脉,
23124,16,217,毒孢子,血脉,
23125,16,246,泥浆铠甲,血脉,
23126,16,297,甜心续航,血脉,
23127,16,346,羽化加速,血脉,
23128,16,375,蓄水,血脉,
23129,16,404,贪婪,血脉,
23130,16,413,超维投射,血脉,
23131,16,430,透射,血脉,
23132,16,468,霜降,血脉,
23133,16,496,麻痹,血脉,
23134,16,18,休息回复,默认,10
23135,16,21,伺机而动,默认,34
23136,16,62,力量增效,默认,1
23137,16,82,吓退,默认,25
23138,16,84,吨位压制,默认,38
23139,16,88,咆哮,默认,21
23140,16,142,快速移动,默认,39
23141,16,159,扫尾,默认,6
23142,16,187,旋转突击,默认,12
23143,16,285,热身运动,默认,35
23144,16,294,猛烈撞击,默认,1
23145,16,397,见招拆招,默认,28
23146,16,451,防御,默认,8
23147,17,8,主场优势,技能石,
23148,17,11,乘风,技能石,
23149,17,24,借用,技能石,
23150,17,63,加固,技能石,
23151,17,74,反击拳,技能石,
23152,17,92,嗜痛,技能石,
23153,17,97,回旋风暴,技能石,
23154,17,177,提气,技能石,
23155,17,178,摇篮曲,技能石,
23156,17,226,气波,技能石,
23157,17,317,破绽,技能石,
23158,17,339,精神扰乱,技能石,
23159,17,350,翼击,技能石,
23160,17,482,飞羽,技能石,
23161,17,27,假寐,血脉,
23162,17,66,勾魂,血脉,
23163,17,67,化劲,血脉,
23164,17,68,升龙咆哮,血脉,
23165,17,91,啮合传递,血脉,
23166,17,132,引燃,血脉,
23167,17,139,徒长,血脉,
23168,17,192,星星撞击,血脉,
23169,17,217,毒孢子,血脉,
23170,17,246,泥浆铠甲,血脉,
23171,17,297,甜心续航,血脉,
23172,17,346,羽化加速,血脉,
23173,17,375,蓄水,血脉,
23174,17,391,虹光冲击,血脉,
23175,17,404,贪婪,血脉,
23176,17,413,超维投射,血脉,
23177,17,468,霜降,血脉,
23178,17,496,麻痹,血脉,
23179,17,18,休息回复,默认,10
23180,17,21,伺机而动,默认,34
23181,17,82,吓退,默认,25
23182,17,88,咆哮,默认,21
23183,17,142,快速移动,默认,39
23184,17,169,拍击,默认,6
23185,17,376,蓄能轰击,默认,28
23186,17,401,许愿星,默认,12
23187,17,451,防御,默认,8
23188,17,470,音波弹,默认,1
23189,17,489,魔法增效,默认,1
23190,17,491,魔能爆,默认,38
23191,17,498,鼓劲,默认,35
23192,18,8,主场优势,技能石,
23193,18,11,乘风,技能石,
23194,18,24,借用,技能石,
23195,18,63,加固,技能石,
23196,18,74,反击拳,技能石,
23197,18,92,嗜痛,技能石,
23198,18,97,回旋风暴,技能石,
23199,18,177,提气,技能石,
23200,18,178,摇篮曲,技能石,
23201,18,226,气波,技能石,
23202,18,317,破绽,技能石,
23203,18,339,精神扰乱,技能石,
23204,18,350,翼击,技能石,
23205,18,482,飞羽,技能石,
23206,18,27,假寐,血脉,
23207,18,66,勾魂,血脉,
23208,18,67,化劲,血脉,
23209,18,68,升龙咆哮,血脉,
23210,18,91,啮合传递,血脉,
23211,18,132,引燃,血脉,
23212,18,139,徒长,血脉,
23213,18,192,星星撞击,血脉,
23214,18,217,毒孢子,血脉,
23215,18,246,泥浆铠甲,血脉,
23216,18,297,甜心续航,血脉,
23217,18,346,羽化加速,血脉,
23218,18,375,蓄水,血脉,
23219,18,391,虹光冲击,血脉,
23220,18,404,贪婪,血脉,
23221,18,413,超维投射,血脉,
23222,18,468,霜降,血脉,
23223,18,496,麻痹,血脉,
23224,18,18,休息回复,默认,10
23225,18,21,伺机而动,默认,34
23226,18,82,吓退,默认,25
23227,18,88,咆哮,默认,21
23228,18,142,快速移动,默认,39
23229,18,169,拍击,默认,6
23230,18,376,蓄能轰击,默认,28
23231,18,401,许愿星,默认,12
23232,18,451,防御,默认,8
23233,18,470,音波弹,默认,1
23234,18,489,魔法增效,默认,1
23235,18,491,魔能爆,默认,38
23236,18,498,鼓劲,默认,35
23237,19,2,三连破,技能石,
23238,19,8,主场优势,技能石,
23239,19,11,乘风,技能石,
23240,19,54,冲撞,技能石,
23241,19,74,反击拳,技能石,
23242,19,108,复写,技能石,
23243,19,177,提气,技能石,
23244,19,178,摇篮曲,技能石,
23245,19,317,破绽,技能石,
23246,19,339,精神扰乱,技能石,
23247,19,343,缠丝劲,技能石,
23248,19,450,防反,技能石,
23249,19,476,风矢,技能石,
23250,19,482,飞羽,技能石,
23251,19,27,假寐,血脉,
23252,19,66,勾魂,血脉,
23253,19,67,化劲,血脉,
23254,19,68,升龙咆哮,血脉,
23255,19,91,啮合传递,血脉,
23256,19,132,引燃,血脉,
23257,19,139,徒长,血脉,
23258,19,192,星星撞击,血脉,
23259,19,217,毒孢子,血脉,
23260,19,246,泥浆铠甲,血脉,
23261,19,297,甜心续航,血脉,
23262,19,346,羽化加速,血脉,
23263,19,375,蓄水,血脉,
23264,19,404,贪婪,血脉,
23265,19,413,超维投射,血脉,
23266,19,430,透射,血脉,
23267,19,468,霜降,血脉,
23268,19,496,麻痹,血脉,
23269,19,18,休息回复,默认,10
23270,19,21,伺机而动,默认,34
23271,19,62,力量增效,默认,1
23272,19,82,吓退,默认,25
23273,19,84,吨位压制,默认,38
23274,19,88,咆哮,默认,21
23275,19,142,快速移动,默认,39
23276,19,159,扫尾,默认,6
23277,19,187,旋转突击,默认,12
23278,19,285,热身运动,默认,35
23279,19,294,猛烈撞击,默认,1
23280,19,397,见招拆招,默认,28
23281,19,451,防御,默认,8
23282,20,18,休息回复,默认,
23283,20,21,伺机而动,默认,
23284,20,82,吓退,默认,
23285,20,88,咆哮,默认,
23286,20,142,快速移动,默认,
23287,20,169,拍击,默认,
23288,20,376,蓄能轰击,默认,
23289,20,401,许愿星,默认,
23290,20,451,防御,默认,
23291,20,470,音波弹,默认,
23292,20,489,魔法增效,默认,
23293,20,491,魔能爆,默认,
23294,20,498,鼓劲,默认,
23295,151,24,借用,技能石,
23296,151,25,倾泻,技能石,
23297,151,63,加固,技能石,
23298,151,142,快速移动,技能石,
23299,151,175,掠夺,技能石,
23300,151,180,撕咬,技能石,
23301,151,201,有效预防,技能石,
23302,151,285,热身运动,技能石,
23303,151,305,疾风刺,技能石,
23304,151,308,瘴气喷射,技能石,
23305,151,339,精神扰乱,技能石,
23306,151,361,腐化,技能石,
23307,151,381,虫击,技能石,
23308,151,422,连续毒针,技能石,
23309,151,426,追打,技能石,
23310,151,451,防御,技能石,
23311,151,494,鸩毒,技能石,
23312,151,55,冷风,血脉,
23313,151,68,升龙咆哮,血脉,
23314,151,123,尾后针,血脉,
23315,151,128,幻象,血脉,
23316,151,150,恶能量,血脉,
23317,151,160,扬沙,血脉,
23318,151,169,拍击,血脉,
23319,151,191,星云漩涡,血脉,
23320,151,218,毒沼,血脉,
23321,151,242,泡沫,血脉,
23322,151,266,火焰冲锋,血脉,
23323,151,296,球状闪电,血脉,
23324,151,329,离子震荡,血脉,
23325,151,343,缠丝劲,血脉,
23326,151,365,花香,血脉,
23327,151,391,虹光冲击,血脉,
23328,151,488,魅惑,血脉,
23329,151,495,鹰爪,血脉,
23330,151,11,乘风,默认,22
23331,151,155,扇风,默认,25
23332,151,172,捆缚,默认,13
23333,151,346,羽化加速,默认,28
23334,151,349,翅刃,默认,47
23335,151,350,翼击,默认,33
23336,151,368,草虫冲击,默认,26
23337,151,384,虫网,默认,1
23338,151,385,虫群,默认,36
23339,151,387,虫群过境,默认,34
23340,151,388,虫茧,默认,3
23341,151,390,虫鸣,默认,7
23342,151,476,风矢,默认,20
23343,151,489,魔法增效,默认,1
23344,151,492,鸣叫,默认,1
23345,151,502,龙卷风,默认,49
23346,197,24,借用,技能石,
23347,197,66,勾魂,技能石,
23348,197,69,午夜噪音,技能石,
23349,197,93,嘲弄,技能石,
23350,197,146,恐吓,技能石,
23351,197,178,摇篮曲,技能石,
23352,197,183,操控,技能石,
23353,197,189,无畏之心,技能石,
23354,197,195,晒太阳,技能石,
23355,197,285,热身运动,技能石,
23356,197,346,羽化加速,技能石,
23357,197,477,风起,技能石,
23358,197,491,魔能爆,技能石,
23359,197,27,假寐,血脉,
23360,197,67,化劲,血脉,
23361,197,68,升龙咆哮,血脉,
23362,197,91,啮合传递,血脉,
23363,197,132,引燃,血脉,
23364,197,139,徒长,血脉,
23365,197,143,念力膨胀,血脉,
23366,197,192,星星撞击,血脉,
23367,197,217,毒孢子,血脉,
23368,197,246,泥浆铠甲,血脉,
23369,197,273,灵媒,血脉,
23370,197,297,甜心续航,血脉,
23371,197,348,羽翼庇护,血脉,
23372,197,375,蓄水,血脉,
23373,197,391,虹光冲击,血脉,
23374,197,404,贪婪,血脉,
23375,197,468,霜降,血脉,
23376,197,496,麻痹,血脉,
23377,197,8,主场优势,默认,29
23378,197,12,乱打,默认,22
23379,197,21,伺机而动,默认,6
23380,197,92,嗜痛,默认,21
23381,197,136,彗星,默认,36
23382,197,142,快速移动,默认,38
23383,197,169,拍击,默认,1
23384,197,339,精神扰乱,默认,37
23385,197,352,聒噪,默认,16
23386,197,401,许愿星,默认,4
23387,197,451,防御,默认,1
23388,197,471,音爆,默认,12
23389,197,489,魔法增效,默认,1
23390,198,24,借用,技能石,
23391,198,66,勾魂,技能石,
23392,198,69,午夜噪音,技能石,
23393,198,93,嘲弄,技能石,
23394,198,146,恐吓,技能石,
23395,198,178,摇篮曲,技能石,
23396,198,183,操控,技能石,
23397,198,189,无畏之心,技能石,
23398,198,195,晒太阳,技能石,
23399,198,285,热身运动,技能石,
23400,198,346,羽化加速,技能石,
23401,198,477,风起,技能石,
23402,198,491,魔能爆,技能石,
23403,198,27,假寐,血脉,
23404,198,67,化劲,血脉,
23405,198,68,升龙咆哮,血脉,
23406,198,91,啮合传递,血脉,
23407,198,132,引燃,血脉,
23408,198,139,徒长,血脉,
23409,198,143,念力膨胀,血脉,
23410,198,192,星星撞击,血脉,
23411,198,217,毒孢子,血脉,
23412,198,246,泥浆铠甲,血脉,
23413,198,273,灵媒,血脉,
23414,198,297,甜心续航,血脉,
23415,198,348,羽翼庇护,血脉,
23416,198,375,蓄水,血脉,
23417,198,391,虹光冲击,血脉,
23418,198,404,贪婪,血脉,
23419,198,468,霜降,血脉,
23420,198,496,麻痹,血脉,
23421,198,8,主场优势,默认,29
23422,198,12,乱打,默认,22
23423,198,21,伺机而动,默认,6
23424,198,92,嗜痛,默认,21
23425,198,136,彗星,默认,36
23426,198,142,快速移动,默认,38
23427,198,169,拍击,默认,1
23428,198,339,精神扰乱,默认,37
23429,198,352,聒噪,默认,16
23430,198,401,许愿星,默认,4
23431,198,451,防御,默认,1
23432,198,471,音爆,默认,12
23433,198,489,魔法增效,默认,1
23434,160,11,乘风,技能石,
23435,160,18,休息回复,技能石,
23436,160,23,俯冲猛击,技能石,
23437,160,92,嗜痛,技能石,
23438,160,108,复写,技能石,
23439,160,225,气泡,技能石,
23440,160,229,水刃,技能石,
23441,160,230,水幕冲击,技能石,
23442,160,231,水弹,技能石,
23443,160,243,泡沫幻影,技能石,
23444,160,253,润泽,技能石,
23445,160,352,聒噪,技能石,
23446,160,379,虚假破产,技能石,
23447,160,395,血气,技能石,
23448,160,442,锐利眼神,技能石,
23449,160,497,黑手,技能石,
23450,160,38,冥想,血脉,
23451,160,68,升龙咆哮,血脉,
23452,160,74,反击拳,血脉,
23453,160,176,掩护,血脉,
23454,160,234,水泡盾,血脉,
23455,160,254,淤泥表皮,血脉,
23456,160,258,溃烂触碰,血脉,
23457,160,268,火焰护盾,血脉,
23458,160,273,灵媒,血脉,
23459,160,329,离子震荡,血脉,
23460,160,348,羽翼庇护,血脉,
23461,160,391,虹光冲击,血脉,
23462,160,393,蜡质膜,血脉,
23463,160,402,诋毁,血脉,
23464,160,450,防反,血脉,
23465,160,460,集中,血脉,
23466,160,461,雪替身,血脉,
23467,160,488,魅惑,血脉,
23468,160,31,先发制人,默认,28
23469,160,62,力量增效,默认,21
23470,160,180,撕咬,默认,47
23471,160,210,栽赃,默认,49
23472,160,262,潮涌,默认,16
23473,160,275,灾厄,默认,50
23474,160,336,等价交换,默认,48
23475,160,350,翼击,默认,43
23476,160,424,迫害,默认,46
23477,160,451,防御,默认,9
23478,160,475,风墙,默认,44
23479,160,476,风矢,默认,36
23480,160,478,风隐,默认,42
23481,160,482,飞羽,默认,1
23482,160,492,鸣叫,默认,1
23483,160,502,龙卷风,默认,45
23484,611,3,三鼓作气,技能石,
23485,611,10,乘胜追击,技能石,
23486,611,19,传感器,技能石,
23487,611,21,伺机而动,技能石,
23488,611,24,借用,技能石,
23489,611,31,先发制人,技能石,
23490,611,41,冰刺,技能石,
23491,611,44,冰捆缚,技能石,
23492,611,52,冰雹,技能石,
23493,611,62,力量增效,技能石,
23494,611,63,加固,技能石,
23495,611,81,后发制人,技能石,
23496,611,88,咆哮,技能石,
23497,611,101,坍缩,技能石,
23498,611,103,垂死反击,技能石,
23499,611,105,堆雪人,技能石,
23500,611,110,大爆炸,技能石,
23501,611,135,当头棒喝,技能石,
23502,611,157,打雪仗,技能石,
23503,611,159,扫尾,技能石,
23504,611,187,旋转突击,技能石,
23505,611,194,星链,技能石,
23506,611,223,气势一击,技能石,
23507,611,238,水花四溅,技能石,
23508,611,253,润泽,技能石,
23509,611,285,热身运动,技能石,
23510,611,323,碎冰击,技能石,
23511,611,333,空间压迫,技能石,
23512,611,351,耀眼,技能石,
23513,611,355,肥皂泡,技能石,
23514,611,357,能量刃,技能石,
23515,611,359,能量炮,技能石,
23516,611,401,许愿星,技能石,
23517,611,423,连续爪击,技能石,
23518,611,426,追打,技能石,
23519,611,429,逆袭,技能石,
23520,611,431,速冻,技能石,
23521,611,434,重击,技能石,
23522,611,462,雪球,技能石,
23523,611,466,霜冻,技能石,
23524,611,470,音波弹,技能石,
23525,611,483,飞踢,技能石,
23526,611,489,魔法增效,技能石,
23527,611,498,鼓劲,技能石,
23528,611,47,冰爪,血脉,
23529,611,68,升龙咆哮,血脉,
23530,611,123,尾后针,血脉,
23531,611,192,星星撞击,血脉,
23532,611,214,横纵斩,血脉,
23533,611,218,毒沼,血脉,
23534,611,232,水弹枪,血脉,
23535,611,270,火爪,血脉,
23536,611,273,灵媒,血脉,
23537,611,325,磁干扰,血脉,
23538,611,367,荆棘爪,血脉,
23539,611,391,虹光冲击,血脉,
23540,611,406,贯手,血脉,
23541,611,416,跺地,血脉,
23542,611,435,金属噪音,血脉,
23543,611,437,针状物,血脉,
23544,611,476,风矢,血脉,
23545,611,488,魅惑,血脉,
23546,611,9,主轴,默认,
23547,611,25,倾泻,默认,
23548,611,29,偷袭,默认,
23549,611,55,冷风,默认,
23550,611,72,双星,默认,
23551,611,91,啮合传递,默认,
23552,611,158,打鼾,默认,
23553,611,168,拆卸,默认,
23554,611,169,拍击,默认,
23555,611,183,操控,默认,
23556,611,193,星轨裂变,默认,
23557,611,195,晒太阳,默认,
23558,611,203,杠杆置换,默认,
23559,611,211,械斗,默认,
23560,611,212,棘刺,默认,
23561,611,326,磁暴,默认,
23562,611,335,突袭,默认,
23563,611,370,落星,默认,
23564,611,397,见招拆招,默认,
23565,611,399,触底强击,默认,
23566,611,438,钢钻,默认,
23567,611,439,钢铁洪流,默认,
23568,611,443,错乱,默认,
23569,611,454,阻断,默认,
23570,611,474,风吹雪,默认,
23571,611,491,魔能爆,默认,
23572,611,500,齿轮扭矩,默认,
23573,426,23,俯冲猛击,技能石,
23574,426,87,吹炎,技能石,
23575,426,108,复写,技能石,
23576,426,131,应激反应,技能石,
23577,426,132,引燃,技能石,
23578,426,135,当头棒喝,技能石,
23579,426,201,有效预防,技能石,
23580,426,265,火云车,技能石,
23581,426,423,连续爪击,技能石,
23582,426,442,锐利眼神,技能石,
23583,426,449,闪燃,技能石,
23584,426,459,隼鳞,技能石,
23585,426,501,龙之利爪,技能石,
23586,426,503,龙吟,技能石,
23587,426,504,龙吼,技能石,
23588,426,47,冰爪,血脉,
23589,426,68,升龙咆哮,血脉,
23590,426,94,噬心,血脉,
23591,426,150,恶能量,血脉,
23592,426,191,星云漩涡,血脉,
23593,426,192,星星撞击,血脉,
23594,426,211,械斗,血脉,
23595,426,218,毒沼,血脉,
23596,426,242,泡沫,血脉,
23597,426,269,火焰箭,血脉,
23598,426,273,灵媒,血脉,
23599,426,296,球状闪电,血脉,
23600,426,324,碰爪,血脉,
23601,426,343,缠丝劲,血脉,
23602,426,365,花香,血脉,
23603,426,416,跺地,血脉,
23604,426,430,透射,血脉,
23605,426,476,风矢,血脉,
23606,426,20,伪造账单,默认,8
23607,426,31,先发制人,默认,13
23608,426,62,力量增效,默认,1
23609,426,138,彼岸之手,默认,35
23610,426,148,恶念交换,默认,50
23611,426,149,恶意逃离,默认,36
23612,426,181,撕裂,默认,46
23613,426,196,暗突袭,默认,50
23614,426,206,极限撕裂,默认,33
23615,426,215,欺诈契约,默认,26
23616,426,394,蝙蝠,默认,1
23617,426,402,诋毁,默认,3
23618,426,451,防御,默认,1
23619,426,458,隐藏条款,默认,34
23620,365,11,乘风,技能石,
23621,365,24,借用,技能石,
23622,365,62,力量增效,技能石,
23623,365,68,升龙咆哮,技能石,
23624,365,83,吞噬,技能石,
23625,365,88,咆哮,技能石,
23626,365,131,应激反应,技能石,
23627,365,142,快速移动,技能石,
23628,365,155,扇风,技能石,
23629,365,236,水炮,技能石,
23630,365,300,电弧,技能石,
23631,365,350,翼击,技能石,
23632,365,409,超导,技能石,
23633,365,426,追打,技能石,
23634,365,451,防御,技能石,
23635,365,502,龙卷风,技能石,
23636,365,55,冷风,血脉,
23637,365,94,噬心,血脉,
23638,365,128,幻象,血脉,
23639,365,150,恶能量,血脉,
23640,365,160,扬沙,血脉,
23641,365,169,拍击,血脉,
23642,365,191,星云漩涡,血脉,
23643,365,232,水弹枪,血脉,
23644,365,258,溃烂触碰,血脉,
23645,365,266,火焰冲锋,血脉,
23646,365,296,球状闪电,血脉,
23647,365,329,离子震荡,血脉,
23648,365,343,缠丝劲,血脉,
23649,365,365,花香,血脉,
23650,365,391,虹光冲击,血脉,
23651,365,476,风矢,血脉,
23652,365,488,魅惑,血脉,
23653,365,504,龙吼,血脉,
23654,365,31,先发制人,默认,11
23655,365,113,天洪,默认,50
23656,365,145,怨力打击,默认,41
23657,365,156,打湿,默认,21
23658,365,207,架势,默认,9
23659,365,229,水刃,默认,48
23660,365,230,水幕冲击,默认,25
23661,365,253,润泽,默认,34
23662,365,262,潮涌,默认,1
23663,365,398,角击,默认,3
23664,365,489,魔法增效,默认,1
23665,365,501,龙之利爪,默认,37
23666,365,503,龙吟,默认,29
23667,365,506,龙息环爆,默认,46
23668,365,507,龙炮,默认,33
