id,编号,序号,名称,页面标题,精灵阶段,主属性,副属性,特性,特性描述,生命,物攻,魔攻,物防,魔防,速度,种族值总和,回顾,星光值,是否有异色,初阶名称,地区形态,进化条件,体型,重量,分布地区,更新版本,页面链接,立绘链接,立绘路径
1,001,100011,圣光迪莫,圣光迪莫,最终阶段,光,,,,97,71,71,86,86,120,531,,,,,,,,,,,https://wiki.biligame.com/rocom/%E5%9C%A3%E5%85%89%E8%BF%AA%E8%8E%AB,https://patchwiki.biligame.com/images/rocom/5/53/jker9cy8snos5r3vvn6c12adlm96s11.png,
2,001,10001,迪莫,迪莫,最终阶段,光,,最好的伙伴,造成克制伤害后，获得攻防速+20%，并回复2能量。,120,80,80,105,105,92,582,6000,80,否,迪莫,,无法进化,0.54~0.78,5.5~7,行踪有些难以捉摸,0.6,https://wiki.biligame.com/rocom/%E8%BF%AA%E8%8E%AB,https://patchwiki.biligame.com/images/rocom/2/25/o64cvcxq1l6tlur77xjqbwx2s4imabd.png,
3,002,10002,喵喵,喵喵,Ⅰ阶,草,,氧循环,使用草系技能后，回复10%生命。,65,66,66,49,91,33,370,,,否,喵喵,,,0.53~0.75,3.62~4.6,行踪有些难以捉摸,0.6,https://wiki.biligame.com/rocom/%E5%96%B5%E5%96%B5,https://patchwiki.biligame.com/images/rocom/3/34/swx8tx6o3mpyfnqrkxu1kth6sgzott2.png,
4,003,10003,喵呜,喵呜,Ⅱ阶,草,,氧循环,使用草系技能后，回复10%生命。,86,87,87,65,121,44,490,,,否,喵喵,,,0.65~0.92,14.2~15.6,行踪有些难以捉摸,0.6,https://wiki.biligame.com/rocom/%E5%96%B5%E5%91%9C,https://patchwiki.biligame.com/images/rocom/8/8d/dfnsd50cr86p61a37sanzt5jp3i022u.png,
5,004,100041,叶冕魔力猫,叶冕魔力猫,最终阶段,草,,深层氧循环,使用草系技能后，回复15%生命。,108,127,127,81,151,55,649,,,否,喵喵,,,2.4~3,246~315,行踪神秘,0.6,https://wiki.biligame.com/rocom/%E5%8F%B6%E5%86%95%E9%AD%94%E5%8A%9B%E7%8C%AB,https://patchwiki.biligame.com/images/rocom/2/21/bex2jmtdhmnx0b0j1b1pfcmf5imwzyv.png,
6,004,10004,魔力猫,魔力猫,最终阶段,草,,氧循环,使用草系技能后，回复10%生命。,108,109,109,81,151,55,613,,,否,喵喵,,,1.5~2.15,105~125,行踪有些难以捉摸,0.6,https://wiki.biligame.com/rocom/%E9%AD%94%E5%8A%9B%E7%8C%AB,https://patchwiki.biligame.com/images/rocom/3/33/p4l4i0xh8rzj0mosp9sgw4qjfvlbl0r.png,
7,005,10005,火花,火花,Ⅰ阶,火,,助燃,使用火系技能后，获得双攻+20%。,70,84,37,56,43,78,368,,,否,火花,,,0.53~0.71,7.6~8.5,岚语峰西侧 / 乌黑巷 / 叽叽喳喳台地 / 商店街周边 / 奥贝斯坦湖 / 学院驻地 / 岚语峰 / 挽风屏障 / 月牙湖岸 / 月牙镇 / 皇家办事处 / 聆风塔地 / 聆风镇 / 轻风山 / 风眠圣所,0.6,https://wiki.biligame.com/rocom/%E7%81%AB%E8%8A%B1,https://patchwiki.biligame.com/images/rocom/a/a1/jzel7fdbrw66zvccwcx4ekg72d66m21.png,
8,006,10006,焰火,焰火,Ⅱ阶,火,,助燃,使用火系技能后，获得双攻+20%。,93,111,49,75,58,104,490,,,否,火花,,,0.82~1.1,21~30.7,晨曦山,0.6,https://wiki.biligame.com/rocom/%E7%84%B0%E7%81%AB,https://patchwiki.biligame.com/images/rocom/b/b9/r8j0510jtxabhlyl5srx22orefxhh5g.png,
9,007,10007,火神,火神,最终阶段,火,,助燃,使用火系技能后，获得双攻+20%。,117,139,61,94,72,130,613,,,否,火花,,,1.52~2.18,90.5~110,行踪神秘,0.6,https://wiki.biligame.com/rocom/%E7%81%AB%E7%A5%9E,https://patchwiki.biligame.com/images/rocom/4/4f/627a47xjvghn9okifk66vhsx4uv7101.png,
10,007,100071,烈火战神,烈火战神,最终阶段,火,,爆燃,使用火系技能后，获得双攻+30%。,117,175,84,94,72,130,672,,,否,火花,,,2.47~3.01,183~267,行踪神秘,0.6,https://wiki.biligame.com/rocom/%E7%83%88%E7%81%AB%E6%88%98%E7%A5%9E,https://patchwiki.biligame.com/images/rocom/6/6a/hacle5ni5exjxhg13fofbitd0i3xw00.png,
11,008,10008,水蓝蓝,水蓝蓝,Ⅰ阶,水,,浸润,使用水系技能后，全技能能耗-1。,75,35,76,56,79,51,372,,,否,水蓝蓝,,,0.45~0.65,2.85~4.205,岚语峰西侧,0.6,https://wiki.biligame.com/rocom/%E6%B0%B4%E8%93%9D%E8%93%9D,https://patchwiki.biligame.com/images/rocom/0/0b/km91vn87f93y9ukj6ir6wsc4dl8shx1.png,
12,009,10009,波波拉,波波拉,Ⅱ阶,水,,浸润,使用水系技能后，全技能能耗-1。,100,46,102,75,106,68,497,,,否,水蓝蓝,,,0.72~1.03,29.5~34,咕嘟咕嘟浅滩,0.6,https://wiki.biligame.com/rocom/%E6%B3%A2%E6%B3%A2%E6%8B%89,https://patchwiki.biligame.com/images/rocom/c/c2/63ym3z73l9k65ws69a63g8f0itajsu4.png,
13,010,100101,圣水守护,圣水守护,最终阶段,水,,浪潮,使用水系技能后，全技能能耗-2。,125,67,141,104,145,85,667,,,否,水蓝蓝,,,1.72~1.94,137~172,行踪神秘,0.6,https://wiki.biligame.com/rocom/%E5%9C%A3%E6%B0%B4%E5%AE%88%E6%8A%A4,https://patchwiki.biligame.com/images/rocom/f/f5/fzch3e2qtlrly3p0mvgoc4287dgt2gf.png,
14,010,10010,水灵,水灵,最终阶段,水,,浸润,使用水系技能后，全技能能耗-1。,125,58,127,94,132,85,621,,,否,水蓝蓝,,,1.08~1.54,77~85.5,行踪神秘,0.6,https://wiki.biligame.com/rocom/%E6%B0%B4%E7%81%B5,https://patchwiki.biligame.com/images/rocom/5/50/33by7ml0nsrsxxq1l8l2uj4izqnuwpd.png,
15,011,100112,鸭吉吉,鸭吉吉（急急急鸭）,最终阶段,普通,,挺起胸脯,携带的能耗为1的技能，威力+50%。,130,95,35,55,45,110,470,,,否,鸭吉吉（急急急鸭）,急急急鸭,,0.65~0.94,5.6~8.2,常见于山林、河岸,0.6,https://wiki.biligame.com/rocom/%E9%B8%AD%E5%90%89%E5%90%89%EF%BC%88%E6%80%A5%E6%80%A5%E6%80%A5%E9%B8%AD%EF%BC%89,https://patchwiki.biligame.com/images/rocom/6/6f/7sidri1o3ke9cih06jlecsl5g9pqexq.png,
16,011,100115,鸭吉吉,鸭吉吉（燃了鸭）,最终阶段,普通,,挺起胸脯,携带的能耗为1的技能，威力+50%。,108,89,41,74,48,115,475,,,否,鸭吉吉（燃了鸭）,燃了鸭,,0.69~0.98,14.3~18.2,常见于山林、河岸,0.6,https://wiki.biligame.com/rocom/%E9%B8%AD%E5%90%89%E5%90%89%EF%BC%88%E7%87%83%E4%BA%86%E9%B8%AD%EF%BC%89,https://patchwiki.biligame.com/images/rocom/3/36/qur3wj31ncfb3a9hw2vdvghxn494jtk.png,
17,011,100113,鸭吉吉,鸭吉吉（等一等鸭）,最终阶段,普通,,挺起胸脯,携带的能耗为1的技能，威力+50%。,137,35,94,46,57,100,469,,,否,鸭吉吉（等一等鸭）,等一等鸭,,0.65~0.94,15.8~19.2,常见于山林、河岸,0.6,https://wiki.biligame.com/rocom/%E9%B8%AD%E5%90%89%E5%90%89%EF%BC%88%E7%AD%89%E4%B8%80%E7%AD%89%E9%B8%AD%EF%BC%89,https://patchwiki.biligame.com/images/rocom/d/dc/1prqafj7lzcp75byt1ttvpfoblncbrg.png,
18,011,100111,鸭吉吉,鸭吉吉（紧实的样子）,最终阶段,普通,,挺起胸脯,携带的能耗为1的技能，威力+50%。,136,35,95,45,55,105,471,,,否,鸭吉吉（紧实的样子）,紧实的样子,,0.65~0.94,5.6~8.2,银蛇河口,0.6,https://wiki.biligame.com/rocom/%E9%B8%AD%E5%90%89%E5%90%89%EF%BC%88%E7%B4%A7%E5%AE%9E%E7%9A%84%E6%A0%B7%E5%AD%90%EF%BC%89,https://patchwiki.biligame.com/images/rocom/f/fd/eewpeu21i6fzcqfcnez834gvppirdw8.png,
19,011,10011,鸭吉吉,鸭吉吉（蓬松的样子）,最终阶段,普通,,挺起胸脯,携带的能耗为1的技能，威力+50%。,136,95,35,55,45,105,471,,,否,鸭吉吉（蓬松的样子）,蓬松的样子,,0.65~0.94,14.6~17.6,叽叽喳喳台地,0.6,https://wiki.biligame.com/rocom/%E9%B8%AD%E5%90%89%E5%90%89%EF%BC%88%E8%93%AC%E6%9D%BE%E7%9A%84%E6%A0%B7%E5%AD%90%EF%BC%89,https://patchwiki.biligame.com/images/rocom/9/9b/lsgonow9dtf4nlte0094yq43stn0nrv.png,
20,011,100114,鸭吉吉,鸭吉吉（起来鸭）,最终阶段,普通,,挺起胸脯,携带的能耗为1的技能，威力+50%。,107,53,125,80,113,100,578,,,,鸭吉吉（起来鸭）,起来鸭,,0.65~0.94,15.8~19.2,果实,0.2,https://wiki.biligame.com/rocom/%E9%B8%AD%E5%90%89%E5%90%89%EF%BC%88%E8%B5%B7%E6%9D%A5%E9%B8%AD%EF%BC%89,https://patchwiki.biligame.com/images/rocom/3/3c/j6agh5wzsw4sxhzzjatf0w077ff8a0t.png,
21,011,100117,鸭吉吉国王,鸭吉吉国王,最终阶段,普通,,“国王”的威严,鸭吉吉国王的种族资质大幅增加，能耗为1的技能威力+50%。,136,135,50,79,64,105,569,,,否,鸭吉吉（蓬松的样子）,,,1.65~2.07,93.7~140,常见于山林、河岸,0.6,https://wiki.biligame.com/rocom/%E9%B8%AD%E5%90%89%E5%90%89%E5%9B%BD%E7%8E%8B,https://patchwiki.biligame.com/images/rocom/9/95/q0mtucowyppqrj7uhrlim51von6qi83.png,
22,012,10012,板板壳,板板壳（本来的样子）,Ⅰ阶,水,,缩壳,携带的防御技能能耗-2。,67,28,72,64,81,45,357,,,否,板板壳（本来的样子）,本来的样子,,0.53~0.76,7.5~10.5,常见于湖泊,0.6,https://wiki.biligame.com/rocom/%E6%9D%BF%E6%9D%BF%E5%A3%B3%EF%BC%88%E6%9C%AC%E6%9D%A5%E7%9A%84%E6%A0%B7%E5%AD%90%EF%BC%89,https://patchwiki.biligame.com/images/rocom/0/05/7yi5qyeejez9yyyhya70f2fkvtwlrp2.png,
23,012,100121,板板壳,板板壳（蜕皮时的样子）,最终阶段,水,,缩壳,携带的防御技能能耗-2。,88,24,72,56,59,48,347,,,否,板板壳（蜕皮时的样子）,蜕皮时的样子,,0.53~0.76,6.8~9.5,常见于湖泊,0.6,https://wiki.biligame.com/rocom/%E6%9D%BF%E6%9D%BF%E5%A3%B3%EF%BC%88%E8%9C%95%E7%9A%AE%E6%97%B6%E7%9A%84%E6%A0%B7%E5%AD%90%EF%BC%89,https://patchwiki.biligame.com/images/rocom/0/0b/f6rfoq6jnttsb3wcb4h4aiu50ublut1.png,
24,013,10013,咔咔壳,咔咔壳（本来的样子）,Ⅱ阶,水,,缩壳,携带的防御技能能耗-2。,90,37,96,85,107,60,475,,,否,板板壳（本来的样子）,本来的样子,,0.65~0.92,19.5~24.5,常见于湖泊,0.6,https://wiki.biligame.com/rocom/%E5%92%94%E5%92%94%E5%A3%B3%EF%BC%88%E6%9C%AC%E6%9D%A5%E7%9A%84%E6%A0%B7%E5%AD%90%EF%BC%89,https://patchwiki.biligame.com/images/rocom/7/70/n9aqhwtf7asg5d60p6rzsxwuupsdtba.png,
25,013,100131,咔咔壳,咔咔壳（蜕皮时的样子）,最终阶段,水,,缩壳,携带的防御技能能耗-2。,117,31,96,75,79,64,462,,,否,板板壳（蜕皮时的样子）,蜕皮时的样子,,0.65~0.92,17.5~22.5,常见于湖泊,0.6,https://wiki.biligame.com/rocom/%E5%92%94%E5%92%94%E5%A3%B3%EF%BC%88%E8%9C%95%E7%9A%AE%E6%97%B6%E7%9A%84%E6%A0%B7%E5%AD%90%EF%BC%89,https://patchwiki.biligame.com/images/rocom/1/14/7wnrvevs8mkyphsmoz74w3nahkovtk9.png,
26,014,10014,水泡壳,水泡壳（本来的样子）,最终阶段,水,,缩壳,携带的防御技能能耗-2。,112,46,120,107,134,75,594,,,否,板板壳（本来的样子）,本来的样子,,1.23~1.75,83.5~94.5,常见于湖泊,0.6,https://wiki.biligame.com/rocom/%E6%B0%B4%E6%B3%A1%E5%A3%B3%EF%BC%88%E6%9C%AC%E6%9D%A5%E7%9A%84%E6%A0%B7%E5%AD%90%EF%BC%89,https://patchwiki.biligame.com/images/rocom/d/d0/0fhxxfotj2zivjel031i1w9v6ys3ts4.png,
27,014,100141,水泡壳,水泡壳（蜕皮时的样子）,最终阶段,水,,缩壳,携带的防御技能能耗-2。,146,39,121,93,98,80,577,,,否,板板壳（蜕皮时的样子）,蜕皮时的样子,,1.23~1.75,79.5~90.5,常见于湖泊,0.6,https://wiki.biligame.com/rocom/%E6%B0%B4%E6%B3%A1%E5%A3%B3%EF%BC%88%E8%9C%95%E7%9A%AE%E6%97%B6%E7%9A%84%E6%A0%B7%E5%AD%90%EF%BC%89,https://patchwiki.biligame.com/images/rocom/3/3b/q3czw9wpfsxp68fq5lf32fqcl7jxynl.png,
28,015,10015,锥尾羊,锥尾羊,Ⅰ阶,幽,,碰瓷,自己使用恶系技能后，敌方失去2能量。,67,66,29,72,49,66,349,,,否,锥尾羊,,,0.57~0.81,13.3~16.5,港口驻地,0.6,https://wiki.biligame.com/rocom/%E9%94%A5%E5%B0%BE%E7%BE%8A,https://patchwiki.biligame.com/images/rocom/0/0b/c9kn29sskgdppe1ipgd7ooyioj90dyt.png,
29,016,10016,铃兰羊,铃兰羊,Ⅱ阶,幽,,碰瓷,自己使用恶系技能后，敌方失去2能量。,89,89,39,96,65,88,466,,,否,锥尾羊,,,0.7~1.01,29~36,港口驻地,0.6,https://wiki.biligame.com/rocom/%E9%93%83%E5%85%B0%E7%BE%8A,https://patchwiki.biligame.com/images/rocom/a/af/pbgcws3qiaqvryk28q9cmer116jy71d.png,
30,017,10017,花影羚羊,花影羚羊,最终阶段,幽,恶,碰瓷,自己使用恶系技能后，敌方失去2能量。,112,111,48,120,81,110,582,,,否,锥尾羊,,,1.42~1.92,76.9~98,向日葵海岸,0.6,https://wiki.biligame.com/rocom/%E8%8A%B1%E5%BD%B1%E7%BE%9A%E7%BE%8A,https://patchwiki.biligame.com/images/rocom/b/b5/kyhqvze7bxy684o6pql6pkank91011k.png,
31,018,100182,雪绒鸟,雪绒鸟（夏天的样子）,Ⅰ阶,翼,,顺风,若先于敌方攻击，本次技能威力+50%。,59,80,32,58,41,69,339,,,否,雪绒鸟（夏天的样子）,夏天的样子,,0.38~0.51,2.77~4.5,常见于草地、山林、雪山,0.6,https://wiki.biligame.com/rocom/%E9%9B%AA%E7%BB%92%E9%B8%9F%EF%BC%88%E5%A4%8F%E5%A4%A9%E7%9A%84%E6%A0%B7%E5%AD%90%EF%BC%89,https://patchwiki.biligame.com/images/rocom/c/cb/2za5mbxfw4ix6fwzeq541zscqathivh.png,
32,018,100181,雪绒鸟,雪绒鸟（春天的样子）,最终阶段,翼,,顺风,若先于敌方攻击，本次技能威力+50%。,56,77,26,58,49,69,335,,,否,雪绒鸟（春天的样子）,春天的样子,,0.38~0.51,2.77~4.5,常见于草地、山林、雪山,0.6,https://wiki.biligame.com/rocom/%E9%9B%AA%E7%BB%92%E9%B8%9F%EF%BC%88%E6%98%A5%E5%A4%A9%E7%9A%84%E6%A0%B7%E5%AD%90%EF%BC%89,https://patchwiki.biligame.com/images/rocom/4/49/0cf1n3w3u7u2s4tscjcyrybihteudot.png,
33,018,10018,雪绒鸟,雪绒鸟（本来的样子）,Ⅰ阶,翼,,顺风,若先于敌方攻击，本次技能威力+50%。,54,77,33,65,44,69,342,,,否,雪绒鸟（本来的样子）,本来的样子,,0.38~0.51,2.77~4.5,常见于草地、山林、雪山,0.6,https://wiki.biligame.com/rocom/%E9%9B%AA%E7%BB%92%E9%B8%9F%EF%BC%88%E6%9C%AC%E6%9D%A5%E7%9A%84%E6%A0%B7%E5%AD%90%EF%BC%89,https://patchwiki.biligame.com/images/rocom/1/1c/1fd8czi6rfr8nf738hbqozt6bozum44.png,
34,018,100183,雪绒鸟,雪绒鸟（秋天的样子）,Ⅰ阶,翼,,顺风,若先于敌方攻击，本次技能威力+50%。,54,76,25,59,51,69,334,,,否,雪绒鸟（秋天的样子）,秋天的样子,,0.38~0.51,2.77~4.5,常见于草地、山林、雪山,0.6,https://wiki.biligame.com/rocom/%E9%9B%AA%E7%BB%92%E9%B8%9F%EF%BC%88%E7%A7%8B%E5%A4%A9%E7%9A%84%E6%A0%B7%E5%AD%90%EF%BC%89,https://patchwiki.biligame.com/images/rocom/8/83/p8qv6jiitsz1yuiqm99r5t7tsy14248.png,
35,019,100192,冬羽雀,冬羽雀（夏天的样子）,Ⅱ阶,翼,,顺风,若先于敌方攻击，本次技能威力+50%。,79,107,43,77,55,92,453,,,否,雪绒鸟（夏天的样子）,夏天的样子,,0.62~0.71,8.92~12.7,常见于草地、山林、雪山,0.6,https://wiki.biligame.com/rocom/%E5%86%AC%E7%BE%BD%E9%9B%80%EF%BC%88%E5%A4%8F%E5%A4%A9%E7%9A%84%E6%A0%B7%E5%AD%90%EF%BC%89,https://patchwiki.biligame.com/images/rocom/3/31/3baz2hoo3jex6uemnb28s6ixv7jly0t.png,
36,019,100191,冬羽雀,冬羽雀（春天的样子）,最终阶段,翼,,顺风,若先于敌方攻击，本次技能威力+50%。,75,103,35,78,65,92,448,,,否,雪绒鸟（春天的样子）,春天的样子,,0.62~0.71,8.92~12.7,常见于草地、山林、雪山,0.6,https://wiki.biligame.com/rocom/%E5%86%AC%E7%BE%BD%E9%9B%80%EF%BC%88%E6%98%A5%E5%A4%A9%E7%9A%84%E6%A0%B7%E5%AD%90%EF%BC%89,https://patchwiki.biligame.com/images/rocom/c/c6/afxxd61vfdof1j2qhqt6wqhqri3bc65.png,
37,019,10019,冬羽雀,冬羽雀（本来的样子）,Ⅱ阶,翼,,顺风,若先于敌方攻击，本次技能威力+50%。,72,103,44,86,59,92,456,,,否,雪绒鸟（本来的样子）,本来的样子,,0.62~0.71,8.92~12.7,沉船漩涡,0.6,https://wiki.biligame.com/rocom/%E5%86%AC%E7%BE%BD%E9%9B%80%EF%BC%88%E6%9C%AC%E6%9D%A5%E7%9A%84%E6%A0%B7%E5%AD%90%EF%BC%89,https://patchwiki.biligame.com/images/rocom/3/35/jmw35rn0cvpfhfqzbrqohexipzm8xg1.png,
38,019,100193,冬羽雀,冬羽雀（秋天的样子）,Ⅱ阶,翼,,顺风,若先于敌方攻击，本次技能威力+50%。,72,102,34,78,68,92,446,,,否,雪绒鸟（秋天的样子）,秋天的样子,,0.62~0.71,8.92~12.7,常见于草地、山林、雪山,0.6,https://wiki.biligame.com/rocom/%E5%86%AC%E7%BE%BD%E9%9B%80%EF%BC%88%E7%A7%8B%E5%A4%A9%E7%9A%84%E6%A0%B7%E5%AD%90%EF%BC%89,https://patchwiki.biligame.com/images/rocom/d/d9/m67xz7bn1281f9do31ku5mfoz1azsy3.png,
39,020,100202,岚鸟,岚鸟（夏天的样子）,最终阶段,翼,,顺风,若先于敌方攻击，本次技能威力+50%。,99,133,54,96,69,115,566,,,否,雪绒鸟（夏天的样子）,夏天的样子,,1.43~2.04,27.08~32.7,常见于草地、山林、雪山,0.6,https://wiki.biligame.com/rocom/%E5%B2%9A%E9%B8%9F%EF%BC%88%E5%A4%8F%E5%A4%A9%E7%9A%84%E6%A0%B7%E5%AD%90%EF%BC%89,https://patchwiki.biligame.com/images/rocom/7/7b/aqr0u8eiajno6zwl4j8o3nmi9z6vmyv.png,
40,020,100201,岚鸟,岚鸟（春天的样子）,最终阶段,翼,,顺风,若先于敌方攻击，本次技能威力+50%。,93,128,44,97,81,115,558,,,否,雪绒鸟（春天的样子）,春天的样子,,1.43~2.04,27.08~32.7,常见于草地、山林、雪山,0.6,https://wiki.biligame.com/rocom/%E5%B2%9A%E9%B8%9F%EF%BC%88%E6%98%A5%E5%A4%A9%E7%9A%84%E6%A0%B7%E5%AD%90%EF%BC%89,https://patchwiki.biligame.com/images/rocom/8/8c/ddrlezesktm4eccjnz2289nvce5n7g3.png,
41,020,10020,岚鸟,岚鸟（本来的样子）,最终阶段,翼,,顺风,若先于敌方攻击，本次技能威力+50%。,90,128,55,108,74,115,570,,,否,雪绒鸟（本来的样子）,本来的样子,,1.43~2.04,27.08~32.7,二叠山丘,0.6,https://wiki.biligame.com/rocom/%E5%B2%9A%E9%B8%9F%EF%BC%88%E6%9C%AC%E6%9D%A5%E7%9A%84%E6%A0%B7%E5%AD%90%EF%BC%89,https://patchwiki.biligame.com/images/rocom/7/7f/ac3t55pytqhv4x8c9z9w7w6k00glr8p.png,
42,020,100203,岚鸟,岚鸟（秋天的样子）,最终阶段,翼,,顺风,若先于敌方攻击，本次技能威力+50%。,90,127,42,98,85,115,557,,,否,雪绒鸟（秋天的样子）,秋天的样子,,1.43~2.04,27.08~32.7,常见于草地、山林、雪山,0.6,https://wiki.biligame.com/rocom/%E5%B2%9A%E9%B8%9F%EF%BC%88%E7%A7%8B%E5%A4%A9%E7%9A%84%E6%A0%B7%E5%AD%90%EF%BC%89,https://patchwiki.biligame.com/images/rocom/a/a1/gyd3tqovbtxam8gyra1wony6whttkv9.png,
43,020,100204,霜翼领主,霜翼领主,最终阶段,翼,,破空,若先于敌方攻击，本次技能威力+75%。,90,142,63,108,74,115,592,,,否,雪绒鸟（本来的样子）,,,2~2.68,59~71.09,常见于草地、山林、雪山,0.6,https://wiki.biligame.com/rocom/%E9%9C%9C%E7%BF%BC%E9%A2%86%E4%B8%BB,https://patchwiki.biligame.com/images/rocom/1/15/epj3pmupds3fqc45iw7zisp9s957w62.png,
44,021,10021,小灵菇,小灵菇,Ⅰ阶,幽,,毒蘑菇,回合结束时，偷取敌方场上所有精灵1能量。,67,59,59,62,82,45,374,,,否,小灵菇,,,0.43~0.61,5.4~7.1,常见于草地,0.6,https://wiki.biligame.com/rocom/%E5%B0%8F%E7%81%B5%E8%8F%87,https://patchwiki.biligame.com/images/rocom/b/b8/ltybffbpudghq5tx60h70gy1vdj5xpa.png,
45,022,10022,幻灵菇,幻灵菇,Ⅱ阶,幽,草,毒蘑菇,回合结束时，偷取敌方场上所有精灵1能量。,89,79,79,83,109,60,499,,,否,小灵菇,,,0.64~0.92,13.2~16.5,常见于草地,0.6,https://wiki.biligame.com/rocom/%E5%B9%BB%E7%81%B5%E8%8F%87,https://patchwiki.biligame.com/images/rocom/8/8b/3xoutgdtyr7y19dtslj9ijfxv20wb69.png,
46,023,10023,幻影灵菇,幻影灵菇,最终阶段,幽,草,毒蘑菇,回合结束时，偷取敌方场上所有精灵1能量。,111,98,98,103,136,75,621,,,否,小灵菇,,,0.92~1.32,39.4~48.4,常见于草地,0.6,https://wiki.biligame.com/rocom/%E5%B9%BB%E5%BD%B1%E7%81%B5%E8%8F%87,https://patchwiki.biligame.com/images/rocom/0/0f/915lidbxavc7iprutynlt2z380lxb7x.png,
47,024,10024,石肤蜥,石肤蜥（本来的样子）,Ⅰ阶,地,,刺肤,每受到1次攻击，对攻击自己的精灵造成50威力物理伤害。,69,54,53,65,45,57,343,,,否,石肤蜥（本来的样子）,本来的样子,,0.49~0.7,21~34,常见于草地、山地,0.6,https://wiki.biligame.com/rocom/%E7%9F%B3%E8%82%A4%E8%9C%A5%EF%BC%88%E6%9C%AC%E6%9D%A5%E7%9A%84%E6%A0%B7%E5%AD%90%EF%BC%89,https://patchwiki.biligame.com/images/rocom/8/8e/gfeccz7923wkt2g0k4zn9isjx7g52r3.png,
48,024,100241,石肤蜥,石肤蜥（球球尾巴的样子）,最终阶段,地,,刺肤,每受到1次攻击，对攻击自己的精灵造成50威力物理伤害。,68,54,53,64,44,60,343,,,否,石肤蜥（球球尾巴的样子）,球球尾巴的样子,,0.49~0.7,19.5~32.5,常见于草地、山地,0.6,https://wiki.biligame.com/rocom/%E7%9F%B3%E8%82%A4%E8%9C%A5%EF%BC%88%E7%90%83%E7%90%83%E5%B0%BE%E5%B7%B4%E7%9A%84%E6%A0%B7%E5%AD%90%EF%BC%89,https://patchwiki.biligame.com/images/rocom/0/0d/26e4sxceqbbtj6jaa03zttips3weal4.png,
49,025,10025,石刺蜥,石刺蜥（本来的样子）,Ⅱ阶,地,,刺肤,每受到1次攻击，对攻击自己的精灵造成50威力物理伤害。,92,72,71,87,60,76,458,,,否,石肤蜥（本来的样子）,本来的样子,,0.67~0.96,59.5~70.5,常见于草地、山地,0.6,https://wiki.biligame.com/rocom/%E7%9F%B3%E5%88%BA%E8%9C%A5%EF%BC%88%E6%9C%AC%E6%9D%A5%E7%9A%84%E6%A0%B7%E5%AD%90%EF%BC%89,https://patchwiki.biligame.com/images/rocom/d/d1/dt0gk8z1gtu051gl10yoxdelrkk5aib.png,
50,025,100251,石刺蜥,石刺蜥（球球尾巴的样子）,最终阶段,地,,刺肤,每受到1次攻击，对攻击自己的精灵造成50威力物理伤害。,91,72,71,85,59,80,458,,,否,石肤蜥（球球尾巴的样子）,球球尾巴的样子,,0.67~0.96,56.5~68.5,常见于草地、山地,0.6,https://wiki.biligame.com/rocom/%E7%9F%B3%E5%88%BA%E8%9C%A5%EF%BC%88%E7%90%83%E7%90%83%E5%B0%BE%E5%B7%B4%E7%9A%84%E6%A0%B7%E5%AD%90%EF%BC%89,https://patchwiki.biligame.com/images/rocom/8/87/cnrop13tuprzaltkldd3817f9gfjw28.png,
51,026,10026,石冠王蜥,石冠王蜥（本来的样子）,最终阶段,地,,刺肤,每受到1次攻击，对攻击自己的精灵造成50威力物理伤害。,115,89,89,109,75,95,572,,,否,石肤蜥（本来的样子）,本来的样子,,0.94~1.18,78.5~98.5,常见于草地、山地,0.6,https://wiki.biligame.com/rocom/%E7%9F%B3%E5%86%A0%E7%8E%8B%E8%9C%A5%EF%BC%88%E6%9C%AC%E6%9D%A5%E7%9A%84%E6%A0%B7%E5%AD%90%EF%BC%89,https://patchwiki.biligame.com/images/rocom/0/00/dlzc7ctb4qlsc5pbonhpcu7kky4x3uz.png,
52,026,100261,石冠王蜥,石冠王蜥（球球尾巴的样子）,最终阶段,地,,刺肤,每受到1次攻击，对攻击自己的精灵造成50威力物理伤害。,113,90,89,106,74,100,572,,,否,石肤蜥（球球尾巴的样子）,球球尾巴的样子,,0.94~1.18,76.5~95.5,常见于草地、山地,0.6,https://wiki.biligame.com/rocom/%E7%9F%B3%E5%86%A0%E7%8E%8B%E8%9C%A5%EF%BC%88%E7%90%83%E7%90%83%E5%B0%BE%E5%B7%B4%E7%9A%84%E6%A0%B7%E5%AD%90%EF%BC%89,https://patchwiki.biligame.com/images/rocom/9/9b/exwxjbz0qds6dvsq8d7jj46q9sdmyux.png,
53,027,10027,布是石,布是石,Ⅰ阶,地,,地脉,初始能量为0，入场前己方精灵每放1次地系技能，回复3能量。,72,81,29,95,90,42,409,,,否,布是石,,,0.42~0.6,18.5~32.5,常见于洞穴、山地,0.6,https://wiki.biligame.com/rocom/%E5%B8%83%E6%98%AF%E7%9F%B3,https://patchwiki.biligame.com/images/rocom/8/89/n2olozya089rge7wuokp3nazl44xqst.png,
54,028,10028,布是岩,布是岩,Ⅱ阶,地,,地脉,初始能量为0，入场前己方精灵每放1次地系技能，回复3能量。,96,108,39,127,120,56,546,,,否,布是石,,,0.93~1.34,97.5~115,常见于洞穴、山地,0.6,https://wiki.biligame.com/rocom/%E5%B8%83%E6%98%AF%E5%B2%A9,https://patchwiki.biligame.com/images/rocom/f/f7/k35p74v6zheql64uqzmjj76g1yalg5e.png,
55,029,10029,布克棱岩,布克棱岩,最终阶段,地,,地脉,初始能量为0，入场前己方精灵每放1次地系技能，回复3能量。,120,135,49,159,150,70,683,,,否,布是石,,,1.75~2.5,287~315,常见于洞穴、山地,0.6,https://wiki.biligame.com/rocom/%E5%B8%83%E5%85%8B%E6%A3%B1%E5%B2%A9,https://patchwiki.biligame.com/images/rocom/5/54/108j9nm783krd2nenbkyvvgy2xkgoso.png,
56,029,100291,迷嶂布莱克,迷嶂布莱克,最终阶段,地,,地脉馈赠,突破能量上限并立即回复10能量，入场前己方精灵每放1次地系技能，回复3能量。,125,139,52,164,154,70,704,,,否,布是石,,,2.63~3.3,668.5~870.4,常见于洞穴、山地,0.6,https://wiki.biligame.com/rocom/%E8%BF%B7%E5%B6%82%E5%B8%83%E8%8E%B1%E5%85%8B,https://patchwiki.biligame.com/images/rocom/8/80/dyd0s9we1cd554cbcxlq27vvrgwo8mw.png,
57,030,10030,恶魔叮,恶魔叮,Ⅰ阶,恶,翼,渴求,入场时获得50%吸血。,86,112,44,58,43,84,427,,,是,恶魔叮,,,0.39~0.56,3.6~5.2,旧飞艇航道,0.6,https://wiki.biligame.com/rocom/%E6%81%B6%E9%AD%94%E5%8F%AE,https://patchwiki.biligame.com/images/rocom/1/1e/dup0zejk454blppyqq2c2q7mnym6s4s.png,
58,031,10031,叮叮恶魔,叮叮恶魔,最终阶段,恶,翼,渴求,入场时获得50%吸血。,108,140,55,73,54,105,535,,,是,恶魔叮,,,0.78~1.12,25~34,监管区,0.6,https://wiki.biligame.com/rocom/%E5%8F%AE%E5%8F%AE%E6%81%B6%E9%AD%94,https://patchwiki.biligame.com/images/rocom/0/0b/o9iqtz0rdzb2rkqkewx4v29qya3rknq.png,
59,032,10032,毛毛,毛毛,Ⅰ阶,虫,萌,化茧,受到致命伤害时，获得1层萌化，并免疫此次伤害。,32,28,28,40,40,60,228,,,否,毛毛,,,0.31~0.45,3~4.5,常见于果树下,0.6,https://wiki.biligame.com/rocom/%E6%AF%9B%E6%AF%9B,https://patchwiki.biligame.com/images/rocom/a/af/owgmiaowlsk52x3cjatoiowp9hq4d4u.png,
60,033,10033,爬爬,爬爬,Ⅱ阶,虫,萌,化茧,受到致命伤害时，获得1层萌化，并免疫此次伤害。,42,37,37,53,53,80,302,,,否,毛毛,,,0.35~0.51,5.5~8.4,常见于果树下,0.6,https://wiki.biligame.com/rocom/%E7%88%AC%E7%88%AC,https://patchwiki.biligame.com/images/rocom/e/ea/524nzn85da28i54swvfzqbucowmlvu0.png,
61,034,100342,化蝶,化蝶（喵喵的样子）,最终阶段,虫,萌,化茧,受到致命伤害时，获得1层萌化，并免疫此次伤害。,49,47,41,67,67,95,366,,,否,毛毛,喵喵的样子,,0.76~1.08,15.6~17.8,常见于果树下,0.6,https://wiki.biligame.com/rocom/%E5%8C%96%E8%9D%B6%EF%BC%88%E5%96%B5%E5%96%B5%E7%9A%84%E6%A0%B7%E5%AD%90%EF%BC%89,https://patchwiki.biligame.com/images/rocom/b/bc/akfg87vt0fsk5792mxpn079onvax2bw.png,
62,034,100343,化蝶,化蝶（奇丽花的样子）,最终阶段,虫,萌,化茧,受到致命伤害时，获得1层萌化，并免疫此次伤害。,55,46,44,62,65,90,362,,,否,毛毛,奇丽花的样子,,0.76~1.08,15.6~17.8,常见于果树下,0.6,https://wiki.biligame.com/rocom/%E5%8C%96%E8%9D%B6%EF%BC%88%E5%A5%87%E4%B8%BD%E8%8A%B1%E7%9A%84%E6%A0%B7%E5%AD%90%EF%BC%89,https://patchwiki.biligame.com/images/rocom/0/01/i102dqlqoqyiv1hoappms4prudfnx7i.png,
63,034,10034,化蝶,化蝶（平常的样子）,最终阶段,虫,萌,化茧,受到致命伤害时，获得1层萌化，并免疫此次伤害。,53,46,46,66,66,100,377,,,否,毛毛,平常的样子,,0.76~1.08,15.6~17.8,常见于果树下,0.6,https://wiki.biligame.com/rocom/%E5%8C%96%E8%9D%B6%EF%BC%88%E5%B9%B3%E5%B8%B8%E7%9A%84%E6%A0%B7%E5%AD%90%EF%BC%89,https://patchwiki.biligame.com/images/rocom/3/3b/s9jxu0z2vcq9ywb7wkgoyyyivr8hvsd.png,
64,034,100341,化蝶,化蝶（幽冥眼的样子）,最终阶段,虫,萌,化茧,受到致命伤害时，获得1层萌化，并免疫此次伤害。,43,42,42,67,70,105,369,,,否,毛毛,幽冥眼的样子,,0.76~1.08,15.6~17.8,常见于果树下,0.6,https://wiki.biligame.com/rocom/%E5%8C%96%E8%9D%B6%EF%BC%88%E5%B9%BD%E5%86%A5%E7%9C%BC%E7%9A%84%E6%A0%B7%E5%AD%90%EF%BC%89,https://patchwiki.biligame.com/images/rocom/3/37/dquw6g29yuypnwprhvouq6yue9fkvw2.png,
65,035,100351,幻影荆棘,幻影荆棘,最终阶段,幽,草,大捞一笔,回合结束时，偷取所有敌方精灵2能量。,125,96,96,72,134,80,603,,,否,幽影树,,,1.01~1.45,55.7~72.7,行踪神秘,0.6,https://wiki.biligame.com/rocom/%E5%B9%BB%E5%BD%B1%E8%8D%86%E6%A3%98,https://patchwiki.biligame.com/images/rocom/1/1f/bqzxnwv4tgh97jvh40eh3mtgp5kt8h4.png,
66,035,10035,幽影树,幽影树,最终阶段,幽,草,小偷小摸,入场时偷取所有敌方精灵2能量。,111,96,96,65,123,80,571,3150,42,是,幽影树,,,0.64~0.92,29.5~37.5,行踪神秘,0.6,https://wiki.biligame.com/rocom/%E5%B9%BD%E5%BD%B1%E6%A0%91,https://patchwiki.biligame.com/images/rocom/4/42/h8x8d49z7tbq02dibjv2lgnvk344pb7.png,
67,036,10036,小鼠獭,小鼠獭,Ⅰ阶,普通,水,保守派,总技能能耗小于4时，自己获得双防+80%。,73,57,57,60,60,48,355,,,否,小鼠獭,,,0.37~0.53,6.7~7.5,常见于沙地,0.6,https://wiki.biligame.com/rocom/%E5%B0%8F%E9%BC%A0%E7%8D%AD,https://patchwiki.biligame.com/images/rocom/7/71/mhtudimorxc3o9un25icovvi9lahiza.png,
68,037,10037,燕尾獭,燕尾獭,Ⅱ阶,普通,水,保守派,总技能能耗小于4时，自己获得双防+80%。,97,77,77,81,81,64,477,,,否,小鼠獭,,,0.61~0.88,28.6~31.5,常见于沙地,0.6,https://wiki.biligame.com/rocom/%E7%87%95%E5%B0%BE%E7%8D%AD,https://patchwiki.biligame.com/images/rocom/e/ed/4k5p223a49bec7iscjj7m5ouqdxrufa.png,
69,038,10038,卷胡巨獭,卷胡巨獭,最终阶段,普通,水,保守派,总技能能耗小于4时，自己获得双防+80%。,121,96,96,101,101,80,595,,,否,小鼠獭,,,0.76~1.08,76.5~90,常见于沙地,0.6,https://wiki.biligame.com/rocom/%E5%8D%B7%E8%83%A1%E5%B7%A8%E7%8D%AD,https://patchwiki.biligame.com/images/rocom/4/4d/h1d1rubaklvrkodj1fr4j8jyiaqho8z.png,
70,039,10039,矿晶虫,矿晶虫,Ⅰ阶,光,地,偏振,受到自己携带技能系别的攻击伤害-40%。,79,77,81,102,75,52,466,,,否,矿晶虫,,,0.54~0.77,5.8~10.53,常见于矿石群旁,0.6,https://wiki.biligame.com/rocom/%E7%9F%BF%E6%99%B6%E8%99%AB,https://patchwiki.biligame.com/images/rocom/4/4b/rakgahc3c1vonzb7l1oypg0kwmhpi3z.png,
71,040,100402,晶石蜗,晶石蜗（星彩榴石的样子）,最终阶段,光,地,偏振,受到自己携带技能系别的攻击伤害-40%。,97,101,101,128,91,65,583,,,否,矿晶虫,星彩榴石的样子,撞击三次黄石榴石,1.03~1.35,59.1~71.05,行踪神秘,0.6,https://wiki.biligame.com/rocom/%E6%99%B6%E7%9F%B3%E8%9C%97%EF%BC%88%E6%98%9F%E5%BD%A9%E6%A6%B4%E7%9F%B3%E7%9A%84%E6%A0%B7%E5%AD%90%EF%BC%89,https://patchwiki.biligame.com/images/rocom/f/f2/g2azc3v4bx59fpph1k35rctwlyp21ha.png,
72,040,100403,晶石蜗,晶石蜗（火山琉璃的样子）,最终阶段,光,地,偏振,受到自己携带技能系别的攻击伤害-40%。,97,97,101,132,91,65,583,,,否,矿晶虫,火山琉璃的样子,撞击三次黑晶琉璃,1.03~1.35,59.1~71.05,行踪神秘,0.6,https://wiki.biligame.com/rocom/%E6%99%B6%E7%9F%B3%E8%9C%97%EF%BC%88%E7%81%AB%E5%B1%B1%E7%90%89%E7%92%83%E7%9A%84%E6%A0%B7%E5%AD%90%EF%BC%89,https://patchwiki.biligame.com/images/rocom/2/2c/ourzhfziethzzrj1p9oktg8dmrimyj2.png,
73,040,100405,晶石蜗,晶石蜗（烧蓝黄金的样子）,最终阶段,光,地,偏振,受到自己携带技能系别的攻击伤害-40%。,95,97,102,130,91,70,585,,,否,矿晶虫,烧蓝黄金的样子,撞击任意三种矿石各三次,1.03~1.35,59.1~71.05,行踪神秘,0.6,https://wiki.biligame.com/rocom/%E6%99%B6%E7%9F%B3%E8%9C%97%EF%BC%88%E7%83%A7%E8%93%9D%E9%BB%84%E9%87%91%E7%9A%84%E6%A0%B7%E5%AD%90%EF%BC%89,https://patchwiki.biligame.com/images/rocom/5/57/3oyv4lut7bhzug4lyjvrgmswvs1tq3r.png,
74,040,100401,晶石蜗,晶石蜗（莲花刚玉的样子）,最终阶段,光,地,偏振,受到自己携带技能系别的攻击伤害-40%。,94,97,101,137,91,65,585,,,否,矿晶虫,莲花刚玉的样子,撞击三次紫莲钢玉,1.03~1.35,59.1~71.05,行踪神秘,0.6,https://wiki.biligame.com/rocom/%E6%99%B6%E7%9F%B3%E8%9C%97%EF%BC%88%E8%8E%B2%E8%8A%B1%E5%88%9A%E7%8E%89%E7%9A%84%E6%A0%B7%E5%AD%90%EF%BC%89,https://patchwiki.biligame.com/images/rocom/3/34/hsgpczmg6133ymnyo8el4g4nylfmhrx.png,
75,040,100404,晶石蜗,晶石蜗（蓝锥矿的样子）,最终阶段,光,地,偏振,受到自己携带技能系别的攻击伤害-40%。,99,97,107,124,91,65,583,,,否,矿晶虫,蓝锥矿的样子,撞击两种矿石各三次,1.03~1.35,59.1~71.05,行踪神秘,0.6,https://wiki.biligame.com/rocom/%E6%99%B6%E7%9F%B3%E8%9C%97%EF%BC%88%E8%93%9D%E9%94%A5%E7%9F%BF%E7%9A%84%E6%A0%B7%E5%AD%90%EF%BC%89,https://patchwiki.biligame.com/images/rocom/c/cd/cyb7y777hcse9e1qe3qv9j11ed11s7i.png,
76,040,10040,晶石蜗,晶石蜗（西瓜碧玺的样子）,最终阶段,光,地,偏振,受到自己携带技能系别的攻击伤害-40%。,99,96,101,128,94,65,583,,,否,矿晶虫,西瓜碧玺的样子,撞击三次蓝晶碧玺,1.03~1.35,59.1~71.05,行踪神秘,0.6,https://wiki.biligame.com/rocom/%E6%99%B6%E7%9F%B3%E8%9C%97%EF%BC%88%E8%A5%BF%E7%93%9C%E7%A2%A7%E7%8E%BA%E7%9A%84%E6%A0%B7%E5%AD%90%EF%BC%89,https://patchwiki.biligame.com/images/rocom/a/a1/bllriabi2ywqr0cnc2au8wyehtcd21y.png,
77,040,100406,钻石蜗,钻石蜗,最终阶段,光,地,完全偏振,抵抗自己携带技能系别的攻击伤害。,93,96,101,124,91,65,570,,,否,矿晶虫,,,1.69~1.91,84.4~110.2,行踪神秘,0.6,https://wiki.biligame.com/rocom/%E9%92%BB%E7%9F%B3%E8%9C%97,https://patchwiki.biligame.com/images/rocom/c/c8/379ip1suh21uv2vx5tolxovf9q121a7.png,
78,041,10041,奇丽草,奇丽草,Ⅰ阶,草,,养分重吸收,回合结束时，回复3能量。,67,69,69,73,57,48,383,,,是,奇丽草,,,0.38~0.55,4.1~5.7,商店街周边,0.6,https://wiki.biligame.com/rocom/%E5%A5%87%E4%B8%BD%E8%8D%89,https://patchwiki.biligame.com/images/rocom/1/1f/kv2w95rommythz2es62viqib0edez2m.png,
79,042,10042,奇丽叶,奇丽叶,Ⅱ阶,草,,养分重吸收,回合结束时，回复3能量。,90,92,92,97,76,64,511,,,是,奇丽草,,,0.62~0.89,24~31,拾荒港口,0.6,https://wiki.biligame.com/rocom/%E5%A5%87%E4%B8%BD%E5%8F%B6,https://patchwiki.biligame.com/images/rocom/8/89/qe7mpeopll2by3im70dsqtesufqq62z.png,
80,043,100431,奇丽果,奇丽果,最终阶段,草,,养分内循环,回合结束时，回复6能量。,112,128,128,133,105,80,686,,,是,奇丽草,,,1.68~2.2,72.4~105,常见于山地、草地,0.6,https://wiki.biligame.com/rocom/%E5%A5%87%E4%B8%BD%E6%9E%9C,https://patchwiki.biligame.com/images/rocom/0/02/34mpv4ti9cwjytjgw6d8wt5q0vn5d86.png,
81,043,10043,奇丽花,奇丽花,最终阶段,草,,养分重吸收,回合结束时，回复3能量。,112,115,115,121,95,80,638,,,是,奇丽草,,,1.11~1.58,42~58,晨曦山,0.6,https://wiki.biligame.com/rocom/%E5%A5%87%E4%B8%BD%E8%8A%B1,https://patchwiki.biligame.com/images/rocom/8/8c/dbgfehb9vsrkwnn1jkxtibxciapkdur.png,
82,044,100441,丢丢,丢丢（沙地附近的样子）,最终阶段,草,地,诈死,自己力竭时，少损失1点魔力。,44,42,12,55,43,75,271,,,否,丢丢（沙地附近的样子）,沙地附近的样子,,0.35~0.51,4.3~6.1,常见于草地、沙地、雪山,0.6,https://wiki.biligame.com/rocom/%E4%B8%A2%E4%B8%A2%EF%BC%88%E6%B2%99%E5%9C%B0%E9%99%84%E8%BF%91%E7%9A%84%E6%A0%B7%E5%AD%90%EF%BC%89,https://patchwiki.biligame.com/images/rocom/2/27/fpekmwg71361gsh3ihs6hhznq4al7hx.png,
83,044,100443,丢丢,丢丢（火山附近的样子）,Ⅰ阶,草,火,诈死,自己力竭时，少损失1点魔力。,0,0,0,0,0,0,0,,,,丢丢（火山附近的样子）,火山附近的样子,,,,,0.2,https://wiki.biligame.com/rocom/%E4%B8%A2%E4%B8%A2%EF%BC%88%E7%81%AB%E5%B1%B1%E9%99%84%E8%BF%91%E7%9A%84%E6%A0%B7%E5%AD%90%EF%BC%89,https://patchwiki.biligame.com/images/rocom/0/0b/ruciu7ybhb244ff3iz2ukedib2ux4h0.png,
84,044,10044,丢丢,丢丢（草地附近的样子）,Ⅰ阶,草,,诈死,自己力竭时，少损失1点魔力。,44,45,12,49,40,78,268,,,否,丢丢（草地附近的样子）,草地附近的样子,,0.35~0.51,4.3~6.1,监管区,0.6,https://wiki.biligame.com/rocom/%E4%B8%A2%E4%B8%A2%EF%BC%88%E8%8D%89%E5%9C%B0%E9%99%84%E8%BF%91%E7%9A%84%E6%A0%B7%E5%AD%90%EF%BC%89,https://patchwiki.biligame.com/images/rocom/6/69/ncos20b0z39xr0ir1185rzav8cxd9vz.png,
85,044,100442,丢丢,丢丢（雪山附近的样子）,Ⅰ阶,草,冰,诈死,自己力竭时，少损失1点魔力。,46,41,8,48,44,81,268,,,否,丢丢（雪山附近的样子）,雪山附近的样子,,0.35~0.51,4.3~6.1,常见于草地、沙地、雪山,0.6,https://wiki.biligame.com/rocom/%E4%B8%A2%E4%B8%A2%EF%BC%88%E9%9B%AA%E5%B1%B1%E9%99%84%E8%BF%91%E7%9A%84%E6%A0%B7%E5%AD%90%EF%BC%89,https://patchwiki.biligame.com/images/rocom/3/3d/pjkgffd8z2wbmfnt3fc31oriz8d6ze1.png,
86,045,100451,卡卡虫,卡卡虫（沙地附近的样子）,最终阶段,草,地,诈死,自己力竭时，少损失1点魔力。,58,56,16,74,57,100,361,,,否,丢丢（沙地附近的样子）,沙地附近的样子,,0.53~0.76,18.5~21.6,常见于草地、沙地、雪山,0.6,https://wiki.biligame.com/rocom/%E5%8D%A1%E5%8D%A1%E8%99%AB%EF%BC%88%E6%B2%99%E5%9C%B0%E9%99%84%E8%BF%91%E7%9A%84%E6%A0%B7%E5%AD%90%EF%BC%89,https://patchwiki.biligame.com/images/rocom/4/4a/rrw2t6m6qe6bc7a8lhw6ob1wt4rtgmt.png,
87,045,100453,卡卡虫,卡卡虫（火山附近的样子）,Ⅱ阶,草,火,诈死,自己力竭时，少损失1点魔力。,0,0,0,0,0,0,0,,,,丢丢（火山附近的样子）,火山附近的样子,,,,,0.2,https://wiki.biligame.com/rocom/%E5%8D%A1%E5%8D%A1%E8%99%AB%EF%BC%88%E7%81%AB%E5%B1%B1%E9%99%84%E8%BF%91%E7%9A%84%E6%A0%B7%E5%AD%90%EF%BC%89,https://patchwiki.biligame.com/images/rocom/5/5e/rh4e9152el8uyukcseloj0f6fgvbmew.png,
88,045,10045,卡卡虫,卡卡虫（草地附近的样子）,Ⅱ阶,草,,诈死,自己力竭时，少损失1点魔力。,59,60,16,65,53,104,357,,,否,丢丢（草地附近的样子）,草地附近的样子,,0.53~0.76,18.5~21.6,月兔暗港,0.6,https://wiki.biligame.com/rocom/%E5%8D%A1%E5%8D%A1%E8%99%AB%EF%BC%88%E8%8D%89%E5%9C%B0%E9%99%84%E8%BF%91%E7%9A%84%E6%A0%B7%E5%AD%90%EF%BC%89,https://patchwiki.biligame.com/images/rocom/d/d7/bi5t0j12hzaiw6f43kjijgblr8les6s.png,
89,045,100452,卡卡虫,卡卡虫（雪山附近的样子）,Ⅱ阶,草,冰,诈死,自己力竭时，少损失1点魔力。,62,54,11,64,58,108,357,,,否,丢丢（雪山附近的样子）,雪山附近的样子,,0.53~0.76,18.5~21.6,常见于草地、沙地、雪山,0.6,https://wiki.biligame.com/rocom/%E5%8D%A1%E5%8D%A1%E8%99%AB%EF%BC%88%E9%9B%AA%E5%B1%B1%E9%99%84%E8%BF%91%E7%9A%84%E6%A0%B7%E5%AD%90%EF%BC%89,https://patchwiki.biligame.com/images/rocom/3/3a/o0ut8ep1y5dgqemmi95j7db9snv0zl5.png,
90,046,100461,卡瓦重,卡瓦重（沙地附近的样子）,最终阶段,草,地,诈死,自己力竭时，少损失1点魔力。,73,70,20,92,71,125,451,,,否,丢丢（沙地附近的样子）,沙地附近的样子,,0.76~1.09,29~35.85,常见于草地、沙地、雪山,0.6,https://wiki.biligame.com/rocom/%E5%8D%A1%E7%93%A6%E9%87%8D%EF%BC%88%E6%B2%99%E5%9C%B0%E9%99%84%E8%BF%91%E7%9A%84%E6%A0%B7%E5%AD%90%EF%BC%89,https://patchwiki.biligame.com/images/rocom/8/8a/1zehqpohxyoby4g73ehlkybfop2ybj2.png,
91,046,100463,卡瓦重,卡瓦重（火山附近的样子）,最终阶段,草,火,诈死,自己力竭时，少损失1点魔力。,0,0,0,0,0,0,0,,,,丢丢（火山附近的样子）,火山附近的样子,,,,暂无  暂无获取方式,0.2,https://wiki.biligame.com/rocom/%E5%8D%A1%E7%93%A6%E9%87%8D%EF%BC%88%E7%81%AB%E5%B1%B1%E9%99%84%E8%BF%91%E7%9A%84%E6%A0%B7%E5%AD%90%EF%BC%89,https://patchwiki.biligame.com/images/rocom/6/68/fxwlorh631lrm6lntyfez8gwemylpjn.png,
92,046,10046,卡瓦重,卡瓦重（草地附近的样子）,最终阶段,草,,诈死,自己力竭时，少损失1点魔力。,74,75,20,81,67,130,447,,,否,丢丢（草地附近的样子）,草地附近的样子,,0.76~1.09,29~35.85,望风半岛,0.6,https://wiki.biligame.com/rocom/%E5%8D%A1%E7%93%A6%E9%87%8D%EF%BC%88%E8%8D%89%E5%9C%B0%E9%99%84%E8%BF%91%E7%9A%84%E6%A0%B7%E5%AD%90%EF%BC%89,https://patchwiki.biligame.com/images/rocom/9/95/ofh2y3cjn996jnxvajei3j5m1jole74.png,
93,046,100462,卡瓦重,卡瓦重（雪山附近的样子）,最终阶段,草,冰,诈死,自己力竭时，少损失1点魔力。,77,68,14,79,73,135,446,,,否,丢丢（雪山附近的样子）,雪山附近的样子,,0.76~1.09,29~35.85,常见于草地、沙地、雪山,0.6,https://wiki.biligame.com/rocom/%E5%8D%A1%E7%93%A6%E9%87%8D%EF%BC%88%E9%9B%AA%E5%B1%B1%E9%99%84%E8%BF%91%E7%9A%84%E6%A0%B7%E5%AD%90%EF%BC%89,https://patchwiki.biligame.com/images/rocom/4/47/it101lv362eif65za2mmgzo83xbevhe.png,
94,047,10047,护主犬,护主犬,Ⅰ阶,火,,专注力,入场首回合，获得物攻+100%。,68,103,37,81,66,96,451,,,否,护主犬,,,0.64~0.92,13.6~17.5,常见于城镇、草地、雪山,0.6,https://wiki.biligame.com/rocom/%E6%8A%A4%E4%B8%BB%E7%8A%AC,https://patchwiki.biligame.com/images/rocom/6/64/t29c2r5ooabyzne8dt5uu9bzq10ibtz.png,
95,048,10048,音速犬,音速犬,最终阶段,火,,专注力,入场首回合，获得物攻+100%。,85,128,46,101,82,120,562,,,否,护主犬,,,1.13~1.62,39.5~51.5,常见于城镇、草地、雪山,0.6,https://wiki.biligame.com/rocom/%E9%9F%B3%E9%80%9F%E7%8A%AC,https://patchwiki.biligame.com/images/rocom/4/4e/8rkwz0k7qvejlxs78isa65ajn16o1qk.png,
96,048,100481,风暴战犬,风暴战犬,最终阶段,火,,全神贯注,入场时，获得物攻+100%，每次行动后-20%。,85,128,46,101,82,120,562,,,否,护主犬,,,1.75~1.91,61.03~79.06,常见于城镇、草地、雪山,0.6,https://wiki.biligame.com/rocom/%E9%A3%8E%E6%9A%B4%E6%88%98%E7%8A%AC,https://patchwiki.biligame.com/images/rocom/1/13/a4ia4bjbsmjsr1gjwdtyxhnbqm2w0ib.png,
97,049,10049,绿耳松鼠,绿耳松鼠,Ⅰ阶,普通,,囤积,每有1能量，获得双防+10%。,69,50,47,67,52,48,333,,,否,绿耳松鼠,,,0.47~0.68,3.5~6,常见于树林,0.6,https://wiki.biligame.com/rocom/%E7%BB%BF%E8%80%B3%E6%9D%BE%E9%BC%A0,https://patchwiki.biligame.com/images/rocom/b/b5/2foanarop7ik9wf1aqo37m7rdr3ug39.png,
98,050,10050,抱枕松鼠,抱枕松鼠,Ⅱ阶,普通,,囤积,每有1能量，获得双防+10%。,92,67,63,89,70,64,445,,,否,绿耳松鼠,,,0.6~0.84,21.05~27.08,常见于树林,0.6,https://wiki.biligame.com/rocom/%E6%8A%B1%E6%9E%95%E6%9D%BE%E9%BC%A0,https://patchwiki.biligame.com/images/rocom/3/3f/d7igqblvpoaio9o1ozoa2slcmskbzue.png,
99,051,10051,蹦床松鼠,蹦床松鼠,最终阶段,普通,,囤积,每有1能量，获得双防+10%。,114,84,79,111,87,80,555,,,否,绿耳松鼠,,,0.78~1.12,47.5~68.4,常见于树林,0.6,https://wiki.biligame.com/rocom/%E8%B9%A6%E5%BA%8A%E6%9D%BE%E9%BC%A0,https://patchwiki.biligame.com/images/rocom/5/5e/6lkej27f60uxygncdnl4oktj79t9da2.png,
100,052,10052,嘟嘟煲,嘟嘟煲,Ⅰ阶,毒,,复方汤剂,回合结束时，中毒效果触发次数+1。,110,29,82,71,83,84,459,,,是,嘟嘟煲,,,0.65~0.8,48.5~56,常见于炼金釜旁,0.6,https://wiki.biligame.com/rocom/%E5%98%9F%E5%98%9F%E7%85%B2,https://patchwiki.biligame.com/images/rocom/4/44/8gr1vgk1hjf59enrdxyhboe35g8rijd.png,
101,053,10053,嘟嘟锅,嘟嘟锅,最终阶段,毒,,复方汤剂,回合结束时，中毒效果触发次数+1。,137,36,102,89,104,105,573,,,是,嘟嘟煲,,,0.64~0.91,67.9~89.2,常见于炼金釜旁,0.6,https://wiki.biligame.com/rocom/%E5%98%9F%E5%98%9F%E9%94%85,https://patchwiki.biligame.com/images/rocom/2/2a/bn409ikm4m2ir8inziq4jgl12f1lk53.png,
102,054,10054,小灵面,小灵面,Ⅰ阶,幽,,惊吓,能量等于0的精灵，无法对自己造成伤害。,55,30,72,59,81,69,366,,,否,小灵面,,,0.38~0.55,0.1~0.55,常见于城镇周边,0.6,https://wiki.biligame.com/rocom/%E5%B0%8F%E7%81%B5%E9%9D%A2,https://patchwiki.biligame.com/images/rocom/c/ce/60arfjew3ryqzrh5dqh8mi6axn595h4.png,
103,055,10055,暗影灵面,暗影灵面（睁眼的样子）,Ⅱ阶,幽,,惊吓,能量等于0的精灵，无法对自己造成伤害。,74,40,96,78,108,92,488,,,否,小灵面,睁眼的样子,时间为夜晚进化,0.75~0.86,0.12~1.16,常见于城镇周边,0.6,https://wiki.biligame.com/rocom/%E6%9A%97%E5%BD%B1%E7%81%B5%E9%9D%A2%EF%BC%88%E7%9D%81%E7%9C%BC%E7%9A%84%E6%A0%B7%E5%AD%90%EF%BC%89,https://patchwiki.biligame.com/images/rocom/e/ee/8iz9eknhqvv3ntbw6r2ksojvp3dfekx.png,
104,055,100551,暗影灵面,暗影灵面（闭眼的样子）,最终阶段,幽,,惊吓,能量等于0的精灵，无法对自己造成伤害。,84,30,96,83,88,92,473,,,否,小灵面,闭眼的样子,时间为中午进化,0.75~0.86,0.12~1.16,常见于城镇周边,0.6,https://wiki.biligame.com/rocom/%E6%9A%97%E5%BD%B1%E7%81%B5%E9%9D%A2%EF%BC%88%E9%97%AD%E7%9C%BC%E7%9A%84%E6%A0%B7%E5%AD%90%EF%BC%89,https://patchwiki.biligame.com/images/rocom/8/89/0v03ulzo7ip90eum9xkyf9yzqaal5zu.png,
105,056,10056,幽冥眼,幽冥眼（睁眼的样子）,最终阶段,幽,,惊吓,能量等于0的精灵，无法对自己造成伤害。,92,50,120,98,135,115,610,,,否,小灵面,睁眼的样子,时间为夜晚进化,1.55~1.65,1.5~2.86,常见于城镇周边,0.6,https://wiki.biligame.com/rocom/%E5%B9%BD%E5%86%A5%E7%9C%BC%EF%BC%88%E7%9D%81%E7%9C%BC%E7%9A%84%E6%A0%B7%E5%AD%90%EF%BC%89,https://patchwiki.biligame.com/images/rocom/2/23/1y27uyj9zvo1gctws3g4ru9kgsg3thg.png,
106,056,100561,幽冥眼,幽冥眼（闭眼的样子）,最终阶段,幽,,惊吓,能量等于0的精灵，无法对自己造成伤害。,105,38,120,104,110,115,592,,,否,小灵面,闭眼的样子,时间为中午进化,1.55~1.65,1.5~2.86,常见于城镇周边,0.6,https://wiki.biligame.com/rocom/%E5%B9%BD%E5%86%A5%E7%9C%BC%EF%BC%88%E9%97%AD%E7%9C%BC%E7%9A%84%E6%A0%B7%E5%AD%90%EF%BC%89,https://patchwiki.biligame.com/images/rocom/b/b6/9gufmg61a81w9ewfe2gvv8acpbhr9vw.png,
107,057,10057,梦游,梦游（穿旧睡衣的样子）,Ⅰ阶,幽,,做噩梦,敌方精灵离场后，更换入场的精灵失去3能量。,90,40,106,60,74,92,462,,,否,梦游（穿旧睡衣的样子）,穿旧睡衣的样子,,0.5~0.6,0.6~1.87,常见于草地,0.6,https://wiki.biligame.com/rocom/%E6%A2%A6%E6%B8%B8%EF%BC%88%E7%A9%BF%E6%97%A7%E7%9D%A1%E8%A1%A3%E7%9A%84%E6%A0%B7%E5%AD%90%EF%BC%89,https://patchwiki.biligame.com/images/rocom/2/21/oaaweyscathn6oqa015bfb6o9w5cbsa.png,
108,057,100571,梦游,梦游（穿星星睡衣的样子）,最终阶段,幽,光,做噩梦,敌方精灵离场后，更换入场的精灵失去3能量。,0,0,0,0,0,0,0,,,,梦游（穿星星睡衣的样子）,穿星星睡衣的样子,,,,,0.2,https://wiki.biligame.com/rocom/%E6%A2%A6%E6%B8%B8%EF%BC%88%E7%A9%BF%E6%98%9F%E6%98%9F%E7%9D%A1%E8%A1%A3%E7%9A%84%E6%A0%B7%E5%AD%90%EF%BC%89,https://patchwiki.biligame.com/images/rocom/c/cb/mpbge4upayjqh87ry5g5yacuj1dkzxe.png,
109,058,10058,梦悠悠,梦悠悠（穿旧睡衣的样子）,最终阶段,幽,,做噩梦,敌方精灵离场后，更换入场的精灵失去3能量。,113,50,133,75,93,115,579,,,否,梦游（穿旧睡衣的样子）,穿旧睡衣的样子,,1~1.2,1.25~3.1,常见于草地,0.6,https://wiki.biligame.com/rocom/%E6%A2%A6%E6%82%A0%E6%82%A0%EF%BC%88%E7%A9%BF%E6%97%A7%E7%9D%A1%E8%A1%A3%E7%9A%84%E6%A0%B7%E5%AD%90%EF%BC%89,https://patchwiki.biligame.com/images/rocom/2/2b/glndghgzgkl35dw5l2jzm8m4cc3dv22.png,
110,058,100581,梦悠悠,梦悠悠（穿星星睡衣的样子）,最终阶段,幽,光,做噩梦,敌方精灵离场后，更换入场的精灵失去3能量。,0,0,0,0,0,0,0,,,,梦游（穿星星睡衣的样子）,穿星星睡衣的样子,,,,暂无  暂无获取方式,0.2,https://wiki.biligame.com/rocom/%E6%A2%A6%E6%82%A0%E6%82%A0%EF%BC%88%E7%A9%BF%E6%98%9F%E6%98%9F%E7%9D%A1%E8%A1%A3%E7%9A%84%E6%A0%B7%E5%AD%90%EF%BC%89,https://patchwiki.biligame.com/images/rocom/3/36/qdgt0km010092mc4x9hrypsz4evumt9.png,
111,059,10059,兽花蕾,兽花蕾,最终阶段,光,草,稀兽花宝,根据自己的血脉，入场时获得不同效果。,70,79,82,70,97,115,513,,,否,兽花蕾,,,0.38~0.45,4.25~6.5,行踪神秘,0.6,https://wiki.biligame.com/rocom/%E5%85%BD%E8%8A%B1%E8%95%BE,https://patchwiki.biligame.com/images/rocom/f/fb/40ew1mdy3j3km17nwkdvlit9es9y39b.png,
112,060,10060,伏地兽,伏地兽,Ⅰ阶,普通,,壮胆,队伍存在虫系精灵，自己获得双攻+50%。,95,56,25,70,41,51,338,,,否,伏地兽,,,0.52~0.74,12.4~15.8,行踪神秘,0.6,https://wiki.biligame.com/rocom/%E4%BC%8F%E5%9C%B0%E5%85%BD,https://patchwiki.biligame.com/images/rocom/5/5c/tspudx138x6hgz6dth0361r383pr0ha.png,
113,061,10061,贪食鼹,贪食鼹,Ⅱ阶,普通,,壮胆,队伍存在虫系精灵，自己获得双攻+50%。,126,74,33,94,54,68,449,,,否,伏地兽,,击败三只虫系精灵进化,0.84~1.21,21.6~35.84,行踪神秘,0.6,https://wiki.biligame.com/rocom/%E8%B4%AA%E9%A3%9F%E9%BC%B9,https://patchwiki.biligame.com/images/rocom/d/d1/ps5nra6q9tzlnl4s6tkz4g5eejsr497.png,
114,062,10062,巨噬针鼹,巨噬针鼹,最终阶段,普通,,壮胆,队伍存在虫系精灵，自己获得双攻+50%。,158,93,41,117,68,85,562,,,否,伏地兽,,击败三只虫系精灵进化,1.52~1.79,87.3~105,行踪神秘,0.6,https://wiki.biligame.com/rocom/%E5%B7%A8%E5%99%AC%E9%92%88%E9%BC%B9,https://patchwiki.biligame.com/images/rocom/b/bf/kh1j7ti0ytu5d4nvr4te6kqakcclvx6.png,
115,063,100631,蹦蹦种子,蹦蹦种子（彩玉球形态）,最终阶段,草,毒,生物碱,使用草系技能时，敌方获得2层中毒。,62,61,66,44,63,51,347,,,否,蹦蹦种子（彩玉球形态）,彩玉球形态,,0.46~0.67,4.3~5.6,常见于草地、平原,0.6,https://wiki.biligame.com/rocom/%E8%B9%A6%E8%B9%A6%E7%A7%8D%E5%AD%90%EF%BC%88%E5%BD%A9%E7%8E%89%E7%90%83%E5%BD%A2%E6%80%81%EF%BC%89,https://patchwiki.biligame.com/images/rocom/7/76/fx1jvla18i3kiop43eq5a9a6wqd72sa.png,
116,063,10063,蹦蹦种子,蹦蹦种子（海神球形态）,Ⅰ阶,草,毒,生物碱,使用草系技能时，敌方获得2层中毒。,60,64,66,44,63,51,348,,,否,蹦蹦种子（海神球形态）,海神球形态,,0.46~0.67,4.3~5.6,沉船漩涡,0.6,https://wiki.biligame.com/rocom/%E8%B9%A6%E8%B9%A6%E7%A7%8D%E5%AD%90%EF%BC%88%E6%B5%B7%E7%A5%9E%E7%90%83%E5%BD%A2%E6%80%81%EF%BC%89,https://patchwiki.biligame.com/images/rocom/3/33/5rqqxhxtsklncbih4ii40p13jkrbqby.png,
117,063,100632,蹦蹦种子,蹦蹦种子（短毛球形态）,Ⅰ阶,草,毒,生物碱,使用草系技能时，敌方获得2层中毒。,57,62,66,48,67,48,348,,,否,蹦蹦种子（短毛球形态）,短毛球形态,,0.46~0.67,4.3~5.6,常见于草地、平原,0.6,https://wiki.biligame.com/rocom/%E8%B9%A6%E8%B9%A6%E7%A7%8D%E5%AD%90%EF%BC%88%E7%9F%AD%E6%AF%9B%E7%90%83%E5%BD%A2%E6%80%81%EF%BC%89,https://patchwiki.biligame.com/images/rocom/c/c7/5wp4p8collnhnv5ljxo4rj2d2ooq1kb.png,
118,063,100633,蹦蹦种子,蹦蹦种子（象牙球形态）,Ⅰ阶,草,毒,生物碱,使用草系技能时，敌方获得2层中毒。,59,60,66,44,63,54,346,,,否,蹦蹦种子（象牙球形态）,象牙球形态,,0.46~0.67,4.3~5.6,常见于草地、平原,0.6,https://wiki.biligame.com/rocom/%E8%B9%A6%E8%B9%A6%E7%A7%8D%E5%AD%90%EF%BC%88%E8%B1%A1%E7%89%99%E7%90%83%E5%BD%A2%E6%80%81%EF%BC%89,https://patchwiki.biligame.com/images/rocom/4/4c/ga14flfwlo926jpppc3p9bujq19fab7.png,
119,064,100641,蹦蹦草,蹦蹦草（彩玉球形态）,最终阶段,草,毒,生物碱,使用草系技能时，敌方获得2层中毒。,83,81,87,59,84,68,462,,,否,蹦蹦种子（彩玉球形态）,彩玉球形态,,0.59~0.85,34.3~42.9,常见于草地、平原,0.6,https://wiki.biligame.com/rocom/%E8%B9%A6%E8%B9%A6%E8%8D%89%EF%BC%88%E5%BD%A9%E7%8E%89%E7%90%83%E5%BD%A2%E6%80%81%EF%BC%89,https://patchwiki.biligame.com/images/rocom/0/05/a7bm9vkkep9s7zwrjfdckd61jmqa5yl.png,
120,064,10064,蹦蹦草,蹦蹦草（海神球形态）,Ⅱ阶,草,毒,生物碱,使用草系技能时，敌方获得2层中毒。,80,85,88,59,84,68,464,,,否,蹦蹦种子（海神球形态）,海神球形态,,0.59~0.85,34.3~42.9,彼得大道,0.6,https://wiki.biligame.com/rocom/%E8%B9%A6%E8%B9%A6%E8%8D%89%EF%BC%88%E6%B5%B7%E7%A5%9E%E7%90%83%E5%BD%A2%E6%80%81%EF%BC%89,https://patchwiki.biligame.com/images/rocom/6/62/sdazex9mreedpinwxklyhfu4k9xi8h9.png,
121,064,100642,蹦蹦草,蹦蹦草（短毛球形态）,Ⅱ阶,草,毒,生物碱,使用草系技能时，敌方获得2层中毒。,76,82,87,64,90,64,463,,,否,蹦蹦种子（短毛球形态）,短毛球形态,,0.59~0.85,34.3~42.9,常见于草地、平原,0.6,https://wiki.biligame.com/rocom/%E8%B9%A6%E8%B9%A6%E8%8D%89%EF%BC%88%E7%9F%AD%E6%AF%9B%E7%90%83%E5%BD%A2%E6%80%81%EF%BC%89,https://patchwiki.biligame.com/images/rocom/4/4c/b89cg2rtmz5u2es2m41sc18ythoghc5.png,
122,064,100643,蹦蹦草,蹦蹦草（象牙球形态）,Ⅱ阶,草,毒,生物碱,使用草系技能时，敌方获得2层中毒。,79,80,88,59,84,72,462,,,否,蹦蹦种子（象牙球形态）,象牙球形态,,0.59~0.85,34.3~42.9,常见于草地、平原,0.6,https://wiki.biligame.com/rocom/%E8%B9%A6%E8%B9%A6%E8%8D%89%EF%BC%88%E8%B1%A1%E7%89%99%E7%90%83%E5%BD%A2%E6%80%81%EF%BC%89,https://patchwiki.biligame.com/images/rocom/0/02/gq7dces9jbrr9d8mnh0jey6apcxy918.png,
123,065,100654,蹦蹦果,蹦蹦果,最终阶段,草,毒,高浓生物碱,使用技能时，敌方获得2层中毒。,100,87,90,73,105,85,540,,,否,蹦蹦种子（海神球形态）,,,1.94~2.51,167~191,常见于草地、平原,0.6,https://wiki.biligame.com/rocom/%E8%B9%A6%E8%B9%A6%E6%9E%9C,https://patchwiki.biligame.com/images/rocom/b/b5/527olq8iiip448chxc6gn3zlzzrso1x.png,
124,065,100651,蹦蹦花,蹦蹦花（彩玉球形态）,最终阶段,草,毒,生物碱,使用草系技能时，敌方获得2层中毒。,103,101,109,73,105,85,576,,,否,蹦蹦种子（彩玉球形态）,彩玉球形态,,1.33~1.9,75~86,常见于草地、平原,0.6,https://wiki.biligame.com/rocom/%E8%B9%A6%E8%B9%A6%E8%8A%B1%EF%BC%88%E5%BD%A9%E7%8E%89%E7%90%83%E5%BD%A2%E6%80%81%EF%BC%89,https://patchwiki.biligame.com/images/rocom/1/16/i4vw04mpnvyped0gvbm7tpbtz0venve.png,
125,065,10065,蹦蹦花,蹦蹦花（海神球形态）,最终阶段,草,毒,生物碱,使用草系技能时，敌方获得2层中毒。,100,107,110,73,105,85,580,,,否,蹦蹦种子（海神球形态）,海神球形态,,1.33~1.9,75~86,彼得大道,0.6,https://wiki.biligame.com/rocom/%E8%B9%A6%E8%B9%A6%E8%8A%B1%EF%BC%88%E6%B5%B7%E7%A5%9E%E7%90%83%E5%BD%A2%E6%80%81%EF%BC%89,https://patchwiki.biligame.com/images/rocom/b/b4/jpdd60oi1k87a3tjhtdhl6n7uf6zn7x.png,
126,065,100652,蹦蹦花,蹦蹦花（短毛球形态）,最终阶段,草,毒,生物碱,使用草系技能时，敌方获得2层中毒。,95,103,109,80,112,80,579,,,否,蹦蹦种子（短毛球形态）,短毛球形态,,1.33~1.9,75~86,常见于草地、平原,0.6,https://wiki.biligame.com/rocom/%E8%B9%A6%E8%B9%A6%E8%8A%B1%EF%BC%88%E7%9F%AD%E6%AF%9B%E7%90%83%E5%BD%A2%E6%80%81%EF%BC%89,https://patchwiki.biligame.com/images/rocom/f/f8/m4negu4egvnb6beuqppdej76ylqf5gb.png,
127,065,100653,蹦蹦花,蹦蹦花（象牙球形态）,最终阶段,草,毒,生物碱,使用草系技能时，敌方获得2层中毒。,99,100,110,73,106,90,578,,,否,蹦蹦种子（象牙球形态）,象牙球形态,,1.33~1.9,75~86,常见于草地、平原,0.6,https://wiki.biligame.com/rocom/%E8%B9%A6%E8%B9%A6%E8%8A%B1%EF%BC%88%E8%B1%A1%E7%89%99%E7%90%83%E5%BD%A2%E6%80%81%EF%BC%89,https://patchwiki.biligame.com/images/rocom/7/78/3fv63xiv5fo42y0t80czcqq6f3m0r9b.png,
128,066,10066,电咩咩,电咩咩,Ⅰ阶,电,,快充,离场时回复10能量。,47,49,49,55,57,75,332,,,否,电咩咩,,,0.58~0.83,7.17~9.1,常见于草地,0.6,https://wiki.biligame.com/rocom/%E7%94%B5%E5%92%A9%E5%92%A9,https://patchwiki.biligame.com/images/rocom/5/57/rrzi4lxo68m4mmhokly3l8z4t2ti2r7.png,
129,067,10067,粉咩咩,粉咩咩,Ⅱ阶,电,,快充,离场时回复10能量。,62,66,66,73,76,100,443,,,否,电咩咩,,,0.8~1.14,15.3~18.6,常见于草地,0.6,https://wiki.biligame.com/rocom/%E7%B2%89%E5%92%A9%E5%92%A9,https://patchwiki.biligame.com/images/rocom/d/d4/90spmq5ikabu64yf2g3l5lk8z3vvdpn.png,
130,068,10068,电球咩咩,电球咩咩,最终阶段,电,,快充,离场时回复10能量。,78,82,82,91,95,125,553,,,否,电咩咩,,,1.13~1.62,48.6~58,常见于草地,0.6,https://wiki.biligame.com/rocom/%E7%94%B5%E7%90%83%E5%92%A9%E5%92%A9,https://patchwiki.biligame.com/images/rocom/0/01/4sz6qymt56rlm9ybuobr7s76qonzxvu.png,
131,069,10069,蒲公英,蒲公英,Ⅰ阶,草,萌,勇敢,携带的能耗大于3的技能，威力+40%。,89,99,94,103,78,52,515,,,否,蒲公英,,,0.3~0.5,0.1~0.6,咕嘟咕嘟浅滩,0.6,https://wiki.biligame.com/rocom/%E8%92%B2%E5%85%AC%E8%8B%B1,https://patchwiki.biligame.com/images/rocom/1/1d/87el3plwkuzm4wsb0l6s3ffqowsbiwl.png,
132,070,10070,蒲公英娃娃,蒲公英娃娃,最终阶段,草,萌,勇敢,携带的能耗大于3的技能，威力+40%。,111,123,117,129,97,65,642,,,否,蒲公英,,,0.7~1,0.3~1.35,咸水湾,0.6,https://wiki.biligame.com/rocom/%E8%92%B2%E5%85%AC%E8%8B%B1%E5%A8%83%E5%A8%83,https://patchwiki.biligame.com/images/rocom/e/eb/8np4gxq8dybdydnv77kwoc300to6ont.png,
133,071,10071,伊贝儿,伊贝儿,Ⅰ阶,草,,腐植循环,每回复1能量，同时回复5%生命。,85,73,71,76,76,72,453,,,否,伊贝儿,,,0.44~0.62,3.3~4.2,望风半岛,0.6,https://wiki.biligame.com/rocom/%E4%BC%8A%E8%B4%9D%E5%84%BF,https://patchwiki.biligame.com/images/rocom/b/b2/3x1hdgzmc2cyjh9zkfdyw1smgck9o3r.png,
134,072,10072,伊贝粉粉,伊贝粉粉,最终阶段,草,,腐植循环,每回复1能量，同时回复5%生命。,106,91,89,95,95,90,566,,,否,伊贝儿,,,1.03~1.47,9.3~12.5,望风半岛,0.6,https://wiki.biligame.com/rocom/%E4%BC%8A%E8%B4%9D%E7%B2%89%E7%B2%89,https://patchwiki.biligame.com/images/rocom/9/9e/ld012t25twk5oisvs10ok7g2t7apki1.png,
135,073,10073,白发懒人,白发懒人,Ⅰ阶,普通,,慢热型,初始能量为0，入场前己方精灵每成功应对1次，回复5能量。,86,94,38,81,66,45,410,,,否,白发懒人,,,0.72~1.03,19.5~23.5,金叶原,0.6,https://wiki.biligame.com/rocom/%E7%99%BD%E5%8F%91%E6%87%92%E4%BA%BA,https://patchwiki.biligame.com/images/rocom/4/46/06pz2jvhh5k0ukbgj30jmdfyz4nic06.png,
136,074,10074,动力猿,动力猿,Ⅱ阶,普通,武,慢热型,初始能量为0，入场前己方精灵每成功应对1次，回复5能量。,115,125,51,108,88,60,547,,,否,白发懒人,,,1.2~1.71,46.5~63.5,偶见于城镇周边、山地,0.6,https://wiki.biligame.com/rocom/%E5%8A%A8%E5%8A%9B%E7%8C%BF,https://patchwiki.biligame.com/images/rocom/9/98/okpl88mwskdjsdfwxwln1kbpwxxly69.png,
137,075,10075,瞌睡王,瞌睡王,最终阶段,普通,武,慢热型,初始能量为0，入场前己方精灵每成功应对1次，回复5能量。,144,157,64,135,110,75,685,,,否,白发懒人,,,1.61~2.31,124.5~136.5,月牙湖岸 / 风息山口,0.6,https://wiki.biligame.com/rocom/%E7%9E%8C%E7%9D%A1%E7%8E%8B,https://patchwiki.biligame.com/images/rocom/a/a2/64947rnxu8ncihl37rqldr3653bg57n.png,
138,076,10076,海盔虫,海盔虫（本来的样子）,Ⅰ阶,水,毒,溶解扩散,每携带1个毒系技能进入战斗，水系技能使敌方获得1层中毒。,71,25,59,46,66,60,327,,,否,海盔虫（本来的样子）,本来的样子,,0.55~0.7,7.4~8.6,常见于海洋,0.6,https://wiki.biligame.com/rocom/%E6%B5%B7%E7%9B%94%E8%99%AB%EF%BC%88%E6%9C%AC%E6%9D%A5%E7%9A%84%E6%A0%B7%E5%AD%90%EF%BC%89,https://patchwiki.biligame.com/images/rocom/c/c5/hyqqzb0xxpt4zjthslvr4y25bvsbkvg.png,
139,076,100761,海盔虫,海盔虫（磨损的样子）,最终阶段,水,毒,溶解扩散,每携带1个毒系技能进入战斗，水系技能使敌方获得1层中毒。,70,25,60,44,64,63,326,,,否,海盔虫（磨损的样子）,磨损的样子,,0.55~0.7,7.4~8.6,常见于海洋,0.6,https://wiki.biligame.com/rocom/%E6%B5%B7%E7%9B%94%E8%99%AB%EF%BC%88%E7%A3%A8%E6%8D%9F%E7%9A%84%E6%A0%B7%E5%AD%90%EF%BC%89,https://patchwiki.biligame.com/images/rocom/f/f2/sb32j6sfylxtbiqts0q9qc8zazyhzlh.png,
140,077,10077,刺盔虫,刺盔虫（本来的样子）,Ⅱ阶,水,毒,溶解扩散,每携带1个毒系技能进入战斗，水系技能使敌方获得1层中毒。,94,33,79,61,88,80,435,,,否,海盔虫（本来的样子）,本来的样子,,0.83~1.19,22.5~29.8,常见于海洋,0.6,https://wiki.biligame.com/rocom/%E5%88%BA%E7%9B%94%E8%99%AB%EF%BC%88%E6%9C%AC%E6%9D%A5%E7%9A%84%E6%A0%B7%E5%AD%90%EF%BC%89,https://patchwiki.biligame.com/images/rocom/d/d9/4p1drrucxykr3h3aaxf4xxk9l59554s.png,
141,077,100771,刺盔虫,刺盔虫（磨损的样子）,最终阶段,水,毒,溶解扩散,每携带1个毒系技能进入战斗，水系技能使敌方获得1层中毒。,94,33,80,59,85,84,435,,,否,海盔虫（磨损的样子）,磨损的样子,,0.83~1.19,22.5~29.8,常见于海洋,0.6,https://wiki.biligame.com/rocom/%E5%88%BA%E7%9B%94%E8%99%AB%EF%BC%88%E7%A3%A8%E6%8D%9F%E7%9A%84%E6%A0%B7%E5%AD%90%EF%BC%89,https://patchwiki.biligame.com/images/rocom/5/5e/oi5u73v5e5mrkgn0m8avn1tsmfpyvo7.png,
142,078,100782,千棘海针,千棘海针,最终阶段,水,毒,溶解腐蚀,每携带1个毒系技能进入战斗，水系技能使敌方获得2层中毒。,118,32,85,94,133,100,562,,,否,海盔虫（本来的样子）,,,1.73~2.14,192.5~252,常见于海洋,0.6,https://wiki.biligame.com/rocom/%E5%8D%83%E6%A3%98%E6%B5%B7%E9%92%88,https://patchwiki.biligame.com/images/rocom/f/f9/pudem6kzv2b7u499vy533jbzhcfis8g.png,
143,078,10078,千棘盔,千棘盔（本来的样子）,最终阶段,水,毒,溶解扩散,每携带1个毒系技能进入战斗，水系技能使敌方获得1层中毒。,118,41,99,76,111,100,545,,,否,海盔虫（本来的样子）,本来的样子,,1.11~1.33,98.6~115,常见于海洋,0.6,https://wiki.biligame.com/rocom/%E5%8D%83%E6%A3%98%E7%9B%94%EF%BC%88%E6%9C%AC%E6%9D%A5%E7%9A%84%E6%A0%B7%E5%AD%90%EF%BC%89,https://patchwiki.biligame.com/images/rocom/d/d3/m619bkrakzm4rsb834fgl8s3tuleqzw.png,
144,078,100781,千棘盔,千棘盔（磨损的样子）,最终阶段,水,毒,溶解扩散,每携带1个毒系技能进入战斗，水系技能使敌方获得1层中毒。,117,41,100,74,107,105,544,,,否,海盔虫（磨损的样子）,磨损的样子,,1.11~1.33,98.6~115,常见于海洋,0.6,https://wiki.biligame.com/rocom/%E5%8D%83%E6%A3%98%E7%9B%94%EF%BC%88%E7%A3%A8%E6%8D%9F%E7%9A%84%E6%A0%B7%E5%AD%90%EF%BC%89,https://patchwiki.biligame.com/images/rocom/0/02/6oldm5ijvf1cvinze5y0mulbdf82kvk.png,
145,079,10079,菊花梨,菊花梨,最终阶段,萌,,无忧无虑,可获得的萌化层数不受限制。,106,49,116,77,115,60,523,,,是,菊花梨,,,0.63~0.9,4.2~5.8,常见于山林,0.6,https://wiki.biligame.com/rocom/%E8%8F%8A%E8%8A%B1%E6%A2%A8,https://patchwiki.biligame.com/images/rocom/d/db/qitqnhdvjw8gwhnvvapfuqv6g0qgaef.png,
146,080,10080,小星光,小星光（星光能量的样子）,Ⅰ阶,电,,电流刺激,携带的攻击技能获得迸发：威力+40。,60,81,85,72,88,108,494,,,否,小星光（星光能量的样子）,星光能量的样子,,0.78~1.12,27.5~36.2,常见于草地、山地,0.6,https://wiki.biligame.com/rocom/%E5%B0%8F%E6%98%9F%E5%85%89%EF%BC%88%E6%98%9F%E5%85%89%E8%83%BD%E9%87%8F%E7%9A%84%E6%A0%B7%E5%AD%90%EF%BC%89,https://patchwiki.biligame.com/images/rocom/b/b1/o9j051uk3ed7na8hgl6lyic6xv38mjb.png,
147,080,100801,小星光,小星光（月光能量的样子）,最终阶段,电,光,电流刺激,携带的攻击技能获得迸发：威力+40。,64,76,85,72,96,100,493,,,否,小星光（月光能量的样子）,月光能量的样子,,0.78~1.12,27.5~36.2,常见于草地、山地,0.6,https://wiki.biligame.com/rocom/%E5%B0%8F%E6%98%9F%E5%85%89%EF%BC%88%E6%9C%88%E5%85%89%E8%83%BD%E9%87%8F%E7%9A%84%E6%A0%B7%E5%AD%90%EF%BC%89,https://patchwiki.biligame.com/images/rocom/a/a3/mo9n9kgl3adm9nrgwxxw594uddgkzom.png,
148,081,10081,星光狮,星光狮（星光能量的样子）,最终阶段,电,,电流刺激,携带的攻击技能获得迸发：威力+40。,75,101,106,90,110,135,617,,,否,小星光（星光能量的样子）,星光能量的样子,,1.08~1.54,49.5~58.1,常见于草地、山地,0.6,https://wiki.biligame.com/rocom/%E6%98%9F%E5%85%89%E7%8B%AE%EF%BC%88%E6%98%9F%E5%85%89%E8%83%BD%E9%87%8F%E7%9A%84%E6%A0%B7%E5%AD%90%EF%BC%89,https://patchwiki.biligame.com/images/rocom/7/75/cjjrzihw6bz4uzfdn1npim98tas9p21.png,
149,081,100811,星光狮,星光狮（月光能量的样子）,最终阶段,电,光,电流刺激,携带的攻击技能获得迸发：威力+40。,80,95,107,90,120,125,617,,,否,小星光（月光能量的样子）,月光能量的样子,,1.08~1.54,49.5~58.1,常见于草地、山地,0.6,https://wiki.biligame.com/rocom/%E6%98%9F%E5%85%89%E7%8B%AE%EF%BC%88%E6%9C%88%E5%85%89%E8%83%BD%E9%87%8F%E7%9A%84%E6%A0%B7%E5%AD%90%EF%BC%89,https://patchwiki.biligame.com/images/rocom/d/d6/iixbxn3wupmru7y4ms0r4u8gk6g6ais.png,
150,082,10082,一窝蜂,一窝蜂,Ⅰ阶,虫,翼,虫群鼓舞,队伍中每有1只其他的虫系精灵，自己入场时获得攻防速+10%。,87,32,29,27,27,26,228,,,否,一窝蜂,,,0.37~0.52,4~5.5,常见于草地、山林,0.6,https://wiki.biligame.com/rocom/%E4%B8%80%E7%AA%9D%E8%9C%82,https://patchwiki.biligame.com/images/rocom/d/de/drnf14ybuu1j1ulcxyktvpr52tlw89x.png,
151,083,10083,黄蜂后,黄蜂后,Ⅱ阶,虫,翼,虫群鼓舞,队伍中每有1只其他的虫系精灵，自己入场时获得攻防速+10%。,116,43,39,36,36,35,305,,,否,一窝蜂,,,0.81~1.16,31.7~39.21,常见于草地、山林,0.6,https://wiki.biligame.com/rocom/%E9%BB%84%E8%9C%82%E5%90%8E,https://patchwiki.biligame.com/images/rocom/c/cc/81ny58tuiqt9xd2e6tsi79lf7yigchq.png,
152,084,100841,女王蜂,女王蜂,最终阶段,虫,翼,虫群鼓舞,队伍中每有1只其他的虫系精灵，自己入场时获得攻防速+15%。,145,50,45,42,42,40,364,,,否,一窝蜂,,,1.54~2.12,98.5~137,常见于草地、山林,0.6,https://wiki.biligame.com/rocom/%E5%A5%B3%E7%8E%8B%E8%9C%82,https://patchwiki.biligame.com/images/rocom/b/b9/ld17fiy8lz2xf36dr203adnux051q7i.png,
153,084,10084,花魁蜂后,花魁蜂后,最终阶段,虫,翼,虫群突袭,队伍中每有1只其他的虫系精灵，自己入场时获得攻防速+15%。,145,54,49,45,45,44,382,,,否,一窝蜂,,,0.83~1.19,61.5~78.4,常见于草地、山林,0.6,https://wiki.biligame.com/rocom/%E8%8A%B1%E9%AD%81%E8%9C%82%E5%90%8E,https://patchwiki.biligame.com/images/rocom/7/7c/la0ecwe4eufml69boq4366g7gbnfra1.png,
154,085,10085,小夜,小夜,Ⅰ阶,恶,,嫁祸,自己每失去25%生命，连击数+2。,60,69,63,62,51,69,374,,,是,小夜,,,0.51~0.73,4.5~7.6,行踪神秘,0.6,https://wiki.biligame.com/rocom/%E5%B0%8F%E5%A4%9C,https://patchwiki.biligame.com/images/rocom/7/72/482iqm8394vdtee3ylwiwyndj9tr8vq.png,
155,086,10086,紫夜,紫夜,Ⅱ阶,恶,,嫁祸,自己每失去25%生命，连击数+2。,80,92,84,83,68,92,499,,,是,小夜,,,0.72~1.03,17.6~22.5,行踪神秘,0.6,https://wiki.biligame.com/rocom/%E7%B4%AB%E5%A4%9C,https://patchwiki.biligame.com/images/rocom/1/14/ev4kpmwhjhjkpbr8fkexil8olnj0qd5.png,
156,087,10087,朔夜伊芙,朔夜伊芙,最终阶段,恶,,嫁祸,自己每失去25%生命，连击数+2。,100,115,105,104,85,115,624,,,是,小夜,,,1.06~1.51,46.2~57.5,行踪神秘,0.6,https://wiki.biligame.com/rocom/%E6%9C%94%E5%A4%9C%E4%BC%8A%E8%8A%99,https://patchwiki.biligame.com/images/rocom/4/47/iefezmj355h7aifobba452t5fax5sup.png,
157,088,10088,乖乖鹄,乖乖鹄,Ⅰ阶,翼,水,洁癖,离场后，自己的增益和减益会被更换入场的精灵继承。,75,57,52,83,58,69,394,,,否,乖乖鹄,,,0.46~0.67,4.2~5.5,常见于湖泊,0.6,https://wiki.biligame.com/rocom/%E4%B9%96%E4%B9%96%E9%B9%84,https://patchwiki.biligame.com/images/rocom/5/5a/t2rdnue1b6xwisya3nw5oyti9t2wdur.png,
158,089,10089,蓝珠天鹅,蓝珠天鹅,Ⅱ阶,翼,水,洁癖,离场后，自己的增益和减益会被更换入场的精灵继承。,100,76,69,110,78,92,525,,,否,乖乖鹄,,,0.88~1.03,14.08~18.1,常见于湖泊,0.6,https://wiki.biligame.com/rocom/%E8%93%9D%E7%8F%A0%E5%A4%A9%E9%B9%85,https://patchwiki.biligame.com/images/rocom/5/5b/qho9vlfx1c2x6kn2a6hrbjx6b7ldqs8.png,
159,090,10090,翠顶夫人,翠顶夫人,最终阶段,翼,水,洁癖,离场后，自己的增益和减益会被更换入场的精灵继承。,125,95,86,138,97,115,656,,,否,乖乖鹄,,,1.2~1.34,19.05~25.04,常见于湖泊,0.6,https://wiki.biligame.com/rocom/%E7%BF%A0%E9%A1%B6%E5%A4%AB%E4%BA%BA,https://patchwiki.biligame.com/images/rocom/8/8d/0mse3bf6b98dflfbq9bwjeofgi8lo24.png,
160,091,10091,黑羽夫人,黑羽夫人,最终阶段,翼,恶,孤傲,敌方精灵离场后，其增益和减益会被更换入场的精灵继承。,132,93,87,130,90,120,652,,,否,乖乖鹄,,血脉为恶系血脉进化,1.25~1.4,20.5~28.06,行踪神秘,0.6,https://wiki.biligame.com/rocom/%E9%BB%91%E7%BE%BD%E5%A4%AB%E4%BA%BA,https://patchwiki.biligame.com/images/rocom/6/63/6f0vzmzh3c2vr7vu4cli5ppzwcf18di.png,
161,092,10092,锤头鹳,锤头鹳,最终阶段,翼,水,快锤,携带的能耗小于3的技能，获得迅捷。,111,67,65,91,72,105,511,,,否,锤头鹳,,,1.09~1.56,51.3~65.8,常见于浅滩,0.6,https://wiki.biligame.com/rocom/%E9%94%A4%E5%A4%B4%E9%B9%B3,https://patchwiki.biligame.com/images/rocom/c/c8/0kv8ab3s5umo3dbcwsthu9xnpo9y1fc.png,
162,093,10093,绿草精灵,绿草精灵,Ⅰ阶,草,幻,木桶戏法,离场后，更换入场的精灵以木桶状态登场。,79,35,89,87,111,72,473,,,否,绿草精灵,,,0.71~1.01,9.3~10.3,咸水湾,0.6,https://wiki.biligame.com/rocom/%E7%BB%BF%E8%8D%89%E7%B2%BE%E7%81%B5,https://patchwiki.biligame.com/images/rocom/1/17/i57n7v6fkt96if840ri0w2jwf07rsgr.png,
163,094,10094,魔草巫灵,魔草巫灵,最终阶段,草,幻,木桶戏法,离场后，更换入场的精灵以木桶状态登场。,99,43,112,109,139,90,592,,,否,绿草精灵,,,0.74~1.05,29~34,银蛇河口,0.6,https://wiki.biligame.com/rocom/%E9%AD%94%E8%8D%89%E5%B7%AB%E7%81%B5,https://patchwiki.biligame.com/images/rocom/5/59/1efyfsgz5qsbi73ldyaoxlziimgv58k.png,
164,095,10095,记忆石,记忆石,最终阶段,地,,不移,携带的无额外效果的攻击技能，威力+30%。,112,108,97,141,79,70,607,,,否,记忆石,,,0.97~1.39,90.2~112,金叶原,0.6,https://wiki.biligame.com/rocom/%E8%AE%B0%E5%BF%86%E7%9F%B3,https://patchwiki.biligame.com/images/rocom/0/0a/q6hhh7atr12ne3qx79r3q311a3pcmo9.png,
165,096,10096,咔咔羽毛,咔咔羽毛,Ⅰ阶,翼,普通,咔咔冲刺,若先于敌方行动，行动后获得连击数+1。,58,68,66,61,53,72,378,,,否,咔咔羽毛,,,0.62~0.89,2.62~3.9,行踪神秘,0.6,https://wiki.biligame.com/rocom/%E5%92%94%E5%92%94%E7%BE%BD%E6%AF%9B,https://patchwiki.biligame.com/images/rocom/e/ed/ob21aol2viw67k7tp5830dj3rzphp66.png,
166,097,10097,咔咔雀,咔咔雀,Ⅱ阶,翼,普通,咔咔冲刺,若先于敌方行动，行动后获得连击数+1。,78,91,88,81,71,96,505,,,否,咔咔羽毛,,,0.66~0.95,13.8~18.5,行踪神秘,0.6,https://wiki.biligame.com/rocom/%E5%92%94%E5%92%94%E9%9B%80,https://patchwiki.biligame.com/images/rocom/9/9a/ap3uj4ncl7ems9nor7p2eekc040rowl.png,
167,098,10098,咔咔鸟,咔咔鸟,最终阶段,翼,普通,咔咔冲刺,若先于敌方行动，行动后获得连击数+1。,97,114,110,101,89,120,631,,,否,咔咔羽毛,,,0.7~1,27.5~33.72,行踪神秘,0.6,https://wiki.biligame.com/rocom/%E5%92%94%E5%92%94%E9%B8%9F,https://patchwiki.biligame.com/images/rocom/f/fa/9xi3n8libbst7y2xe4bja79hfbmcmmn.png,
168,099,10099,小草虫,小草虫,Ⅰ阶,虫,草,花精灵,回合结束时，己方队伍获得1次随机奉献。,73,40,43,50,57,60,323,,,否,小草虫,,,0.47~0.67,2.1~3.4,常见于草丛,0.6,https://wiki.biligame.com/rocom/%E5%B0%8F%E8%8D%89%E8%99%AB,https://patchwiki.biligame.com/images/rocom/a/a3/4wnznw67s6p9vg2jru046cjq7q8qs8w.png,
169,100,10100,草衣虫,草衣虫,Ⅱ阶,虫,草,花精灵,回合结束时，己方队伍获得1次随机奉献。,97,53,57,67,75,80,429,,,否,小草虫,,,0.6~0.87,7.2~8.6,常见于草丛,0.6,https://wiki.biligame.com/rocom/%E8%8D%89%E8%A1%A3%E8%99%AB,https://patchwiki.biligame.com/images/rocom/9/92/cxu0820j279llw3cmwkhmhqa0cac6ui.png,
170,101,10101,花衣蝶,花衣蝶,最终阶段,虫,草,花精灵,回合结束时，己方队伍获得1次随机奉献。,122,67,72,84,94,100,539,,,否,小草虫,,,0.92~1.32,19.6~23.4,常见于草丛,0.6,https://wiki.biligame.com/rocom/%E8%8A%B1%E8%A1%A3%E8%9D%B6,https://patchwiki.biligame.com/images/rocom/c/ca/ssjrnqrtjz4ftobafu4guizlkdpye0f.png,
171,102,10102,绿翼鸟,绿翼鸟,Ⅰ阶,萌,翼,自由飘,自己每有1层萌化，获得连击数+2。,52,68,20,56,53,81,330,,,否,绿翼鸟,,,0.49~0.61,3.6~4.8,常见于山林,0.6,https://wiki.biligame.com/rocom/%E7%BB%BF%E7%BF%BC%E9%B8%9F,https://patchwiki.biligame.com/images/rocom/6/64/6legu9g43vllzz0bwdewrpp0f6zmwdu.png,
172,103,10103,魔翼鸟,魔翼鸟,Ⅱ阶,萌,翼,自由飘,自己每有1层萌化，获得连击数+2。,70,91,27,75,70,108,441,,,否,绿翼鸟,,,0.78~1.12,8.85~13.8,常见于山林,0.6,https://wiki.biligame.com/rocom/%E9%AD%94%E7%BF%BC%E9%B8%9F,https://patchwiki.biligame.com/images/rocom/4/4d/di46fdrniv7kdxjfmi5kym1373p4xme.png,
173,104,10104,魔眷鸟,魔眷鸟,最终阶段,萌,翼,自由飘,自己每有1层萌化，获得连击数+2。,87,113,34,94,88,135,551,,,否,绿翼鸟,,,0.91~1.31,19.8~24.5,奥贝斯坦湖,0.6,https://wiki.biligame.com/rocom/%E9%AD%94%E7%9C%B7%E9%B8%9F,https://patchwiki.biligame.com/images/rocom/7/76/qdoq3s6blcshbk7z6iki63glfphv1ap.png,
174,105,10105,阿米亚特,阿米亚特,Ⅰ阶,地,,石头大餐,能量不足时，消耗5%生命，代替1能量。,64,95,47,67,42,45,360,,,否,阿米亚特,,,0.57~0.79,38.5~49.2,乌黑巷 / 叽叽喳喳台地 / 商店街周边 / 奥贝斯坦湖 / 学院驻地 / 岚语峰 / 挽风屏障 / 月牙湖岸 / 月牙镇 / 皇家办事处 / 聆风塔地 / 聆风镇 / 轻风山 / 风眠圣所,0.6,https://wiki.biligame.com/rocom/%E9%98%BF%E7%B1%B3%E4%BA%9A%E7%89%B9,https://patchwiki.biligame.com/images/rocom/0/01/qzl2l4nltxeu187qw1a2ybgfe5qj2tf.png,
175,106,10106,阿米樱,阿米樱,Ⅱ阶,地,,石头大餐,能量不足时，消耗5%生命，代替1能量。,86,127,62,89,56,60,480,,,否,阿米亚特,,,0.78~1.12,94.2~143,乌黑巷 / 叽叽喳喳台地 / 商店街周边 / 奥贝斯坦湖 / 学院驻地 / 岚语峰 / 挽风屏障 / 月牙湖岸 / 月牙镇 / 皇家办事处 / 聆风塔地 / 聆风镇 / 轻风山 / 风眠圣所,0.6,https://wiki.biligame.com/rocom/%E9%98%BF%E7%B1%B3%E6%A8%B1,https://patchwiki.biligame.com/images/rocom/c/c6/mlsnrq1x6vea9vvb932aajlqpafb72q.png,
176,107,10107,罗隐,罗隐,最终阶段,地,恶,石头大餐,能量不足时，消耗5%生命，代替1能量。,107,159,78,112,70,75,601,,,否,阿米亚特,,,1.48~2.12,290~305,奥贝斯坦湖 / 乌黑巷 / 叽叽喳喳台地 / 商店街周边 / 学院驻地 / 岚语峰 / 挽风屏障 / 月牙湖岸 / 月牙镇 / 皇家办事处 / 聆风塔地 / 聆风镇 / 轻风山 / 风眠圣所,0.6,https://wiki.biligame.com/rocom/%E7%BD%97%E9%9A%90,https://patchwiki.biligame.com/images/rocom/3/38/495925un1xk6eioymvva969ahadlk3m.png,
177,108,10108,风铃鲨,风铃鲨,Ⅰ阶,水,翼,水翼推进,己方精灵每使用1次水系技能，自己入场时获得全技能能耗-1。,54,46,46,63,63,75,347,,,否,风铃鲨,,,0.41~0.59,13.07~16.8,常见于湖泊,0.6,https://wiki.biligame.com/rocom/%E9%A3%8E%E9%93%83%E9%B2%A8,https://patchwiki.biligame.com/images/rocom/f/fe/88nqs9bcxmqlj6ad7xoyz36k5fxw4qe.png,
178,109,10109,蓝蝶鲨,蓝蝶鲨,Ⅱ阶,水,翼,水翼推进,己方精灵每使用1次水系技能，自己入场时获得全技能能耗-1。,72,61,61,84,84,100,462,,,否,风铃鲨,,,0.81~1.16,34.82~48.6,常见于湖泊,0.6,https://wiki.biligame.com/rocom/%E8%93%9D%E8%9D%B6%E9%B2%A8,https://patchwiki.biligame.com/images/rocom/0/0a/ti363dbka1pfizpes11yhv112jlt4j5.png,
179,110,10110,彩蝶鲨,彩蝶鲨,最终阶段,水,翼,水翼推进,己方精灵每使用1次水系技能，自己入场时获得全技能能耗-1。,90,77,77,105,105,125,579,,,否,风铃鲨,,,1.18~1.68,80.5~96.5,常见于湖泊,0.6,https://wiki.biligame.com/rocom/%E5%BD%A9%E8%9D%B6%E9%B2%A8,https://patchwiki.biligame.com/images/rocom/5/51/eeqyrw3rswylx1c4sc3kxpzfgu5yqgm.png,
180,110,101101,神谕鲨,神谕鲨,最终阶段,水,翼,水翼飞升,己方精灵每使用1次水系技能，自己入场时获得全技能能耗-1，且能耗为0的技能威力+30%。,90,77,77,105,105,125,579,,,否,风铃鲨,,,1.79~2.26,107.6~165.5,常见于湖泊,0.6,https://wiki.biligame.com/rocom/%E7%A5%9E%E8%B0%95%E9%B2%A8,https://patchwiki.biligame.com/images/rocom/8/87/5os1votqyvev5zau69526mk128ggh29.png,
181,111,10111,石石,石石,Ⅰ阶,地,,石天平,若使用技能能耗高于敌方，回合结束敌方失去能耗之差的能量。,76,79,79,101,56,76,467,,,否,石石,,,0.35~0.5,61~75,常见于山地,0.6,https://wiki.biligame.com/rocom/%E7%9F%B3%E7%9F%B3,https://patchwiki.biligame.com/images/rocom/c/c6/ozlttesinkk43ayc3sv3tbab5ckbshi.png,
182,112,10112,巨灵石,巨灵石,最终阶段,地,幽,石天平,若使用技能能耗高于敌方，回合结束敌方失去能耗之差的能量。,95,99,99,126,70,95,584,,,否,石石,,,1.95~2.3,205~240,常见于山地,0.6,https://wiki.biligame.com/rocom/%E5%B7%A8%E7%81%B5%E7%9F%B3,https://patchwiki.biligame.com/images/rocom/c/c1/c0lw5946cwte5stco3xurz3c0d98x2t.png,
183,113,10113,仪使者,仪使者,Ⅰ阶,地,幻,观星,敌方每有1层星陨印记，自己的地系技能威力+15%。,64,54,57,69,71,51,366,,,否,仪使者,,,0.45~0.58,19.05~35.05,行踪神秘,0.6,https://wiki.biligame.com/rocom/%E4%BB%AA%E4%BD%BF%E8%80%85,https://patchwiki.biligame.com/images/rocom/9/98/a4s6v19kpxbuk9cprtbjxwgs2xwxi70.png,
184,114,10114,仪式之星,仪式之星,Ⅱ阶,地,幻,观星,敌方每有1层星陨印记，自己的地系技能威力+15%。,85,72,76,92,95,68,488,,,否,仪使者,,,0.84~1.21,72~87.5,行踪神秘,0.6,https://wiki.biligame.com/rocom/%E4%BB%AA%E5%BC%8F%E4%B9%8B%E6%98%9F,https://patchwiki.biligame.com/images/rocom/a/a3/oomva04tf8o7qrqqakm0jxwilzw3c8o.png,
185,115,10115,仪式巨像,仪式巨像,最终阶段,地,幻,观星,敌方每有1层星陨印记，自己的地系技能威力+15%。,106,90,95,115,119,85,610,,,否,仪使者,,,1.44~1.79,198.05~253.07,行踪神秘,0.6,https://wiki.biligame.com/rocom/%E4%BB%AA%E5%BC%8F%E5%B7%A8%E5%83%8F,https://patchwiki.biligame.com/images/rocom/6/6d/5ye4a7k1u4q5lzf6ibnmwb1d3vtzlld.png,
186,115,101151,祭礼巨像,祭礼巨像,最终阶段,地,幻,坠星,敌方每有1层星陨印记，自己的技能威力+15%。,106,105,111,115,119,85,641,,,否,仪使者,,,1.91~2.37,468~694,行踪神秘,0.6,https://wiki.biligame.com/rocom/%E7%A5%AD%E7%A4%BC%E5%B7%A8%E5%83%8F,https://patchwiki.biligame.com/images/rocom/2/20/2ueygm0fuopiton03rnnqvbe48fv65b.png,
187,116,10116,小独角兽,小独角兽,Ⅰ阶,光,,目空,携带的非光系技能，威力+25%。,79,48,129,62,74,84,476,,,是,小独角兽,,,0.98~1.41,41.5~55.6,常见于草地、山林,0.6,https://wiki.biligame.com/rocom/%E5%B0%8F%E7%8B%AC%E8%A7%92%E5%85%BD,https://patchwiki.biligame.com/images/rocom/e/ec/qdyvecckyuhnazeotxq9wkxwzb4ws8o.png,
188,117,101171,彩虹独角兽,彩虹独角兽,最终阶段,光,,夺目,额外获得三个未携带的随机技能，且非光系技能威力+25%。,99,78,192,77,92,105,643,,,否,小独角兽,,,2.72~3.04,160.5~211.08,常见于草地、山林,0.6,https://wiki.biligame.com/rocom/%E5%BD%A9%E8%99%B9%E7%8B%AC%E8%A7%92%E5%85%BD,https://patchwiki.biligame.com/images/rocom/f/fe/bpf3jqzgjp0t47cqro78txddkoh70b4.png,
189,117,10117,白金独角兽,白金独角兽,最终阶段,光,,目空,携带的非光系技能，威力+25%。,99,61,161,77,92,105,595,,,是,小独角兽,,,1.35~1.93,94.5~105,常见于草地、山林,0.6,https://wiki.biligame.com/rocom/%E7%99%BD%E9%87%91%E7%8B%AC%E8%A7%92%E5%85%BD,https://patchwiki.biligame.com/images/rocom/b/b0/6mn7g1bmit3kop684uwf2ns9tg4rsed.png,
190,118,101181,旋叶虫,旋叶虫（枯叶的样子）,最终阶段,普通,虫,共鸣,携带的【虫鸣】技能威力+20。,57,15,67,61,52,72,324,,,否,旋叶虫（枯叶的样子）,枯叶的样子,,0.1~0.15,0.1~0.85,常见于树林,0.6,https://wiki.biligame.com/rocom/%E6%97%8B%E5%8F%B6%E8%99%AB%EF%BC%88%E6%9E%AF%E5%8F%B6%E7%9A%84%E6%A0%B7%E5%AD%90%EF%BC%89,https://patchwiki.biligame.com/images/rocom/5/50/5sdfgyib9xd38jnyswjz8fefm9h8su3.png,
191,118,10118,旋叶虫,旋叶虫（金黄的样子）,Ⅰ阶,普通,虫,共鸣,携带的【虫鸣】技能威力+20。,56,15,65,63,55,72,326,,,否,旋叶虫（金黄的样子）,金黄的样子,,0.1~0.15,0.1~0.85,常见于树林,0.6,https://wiki.biligame.com/rocom/%E6%97%8B%E5%8F%B6%E8%99%AB%EF%BC%88%E9%87%91%E9%BB%84%E7%9A%84%E6%A0%B7%E5%AD%90%EF%BC%89,https://patchwiki.biligame.com/images/rocom/d/d6/jparkpdxm8e8qe6r164oni4tduf4qsq.png,
192,119,101191,蓬叶虫,蓬叶虫（枯叶的样子）,最终阶段,普通,虫,共鸣,携带的【虫鸣】技能威力+20。,76,20,89,82,70,96,433,,,否,旋叶虫（枯叶的样子）,枯叶的样子,,0.53~0.76,0.65~1.68,常见于树林,0.6,https://wiki.biligame.com/rocom/%E8%93%AC%E5%8F%B6%E8%99%AB%EF%BC%88%E6%9E%AF%E5%8F%B6%E7%9A%84%E6%A0%B7%E5%AD%90%EF%BC%89,https://patchwiki.biligame.com/images/rocom/6/69/3u9u30vxoygg6q3okswrz5nwim5qfa8.png,
193,119,10119,蓬叶虫,蓬叶虫（金黄的样子）,Ⅱ阶,普通,虫,共鸣,携带的【虫鸣】技能威力+20。,74,19,87,84,73,96,433,,,否,旋叶虫（金黄的样子）,金黄的样子,,0.53~0.76,0.65~1.68,常见于树林,0.6,https://wiki.biligame.com/rocom/%E8%93%AC%E5%8F%B6%E8%99%AB%EF%BC%88%E9%87%91%E9%BB%84%E7%9A%84%E6%A0%B7%E5%AD%90%EF%BC%89,https://patchwiki.biligame.com/images/rocom/b/ba/p11mh7sopmm5wvvo4b0maw1j31n6vav.png,
194,120,101201,风滚暮虫,风滚暮虫（枯叶的样子）,最终阶段,普通,虫,共鸣,携带的【虫鸣】技能威力+20。,95,25,111,102,87,120,540,,,否,旋叶虫（枯叶的样子）,枯叶的样子,,0.6~0.7,1.45~3.43,常见于树林,0.6,https://wiki.biligame.com/rocom/%E9%A3%8E%E6%BB%9A%E6%9A%AE%E8%99%AB%EF%BC%88%E6%9E%AF%E5%8F%B6%E7%9A%84%E6%A0%B7%E5%AD%90%EF%BC%89,https://patchwiki.biligame.com/images/rocom/a/a8/23lz5nyrkultfyy2c4dwgqboh21zmuq.png,
195,120,10120,风滚暮虫,风滚暮虫（金黄的样子）,最终阶段,普通,虫,共鸣,携带的【虫鸣】技能威力+20。,93,24,109,105,91,120,542,,,否,旋叶虫（金黄的样子）,金黄的样子,,0.6~0.7,1.45~3.43,常见于树林,0.6,https://wiki.biligame.com/rocom/%E9%A3%8E%E6%BB%9A%E6%9A%AE%E8%99%AB%EF%BC%88%E9%87%91%E9%BB%84%E7%9A%84%E6%A0%B7%E5%AD%90%EF%BC%89,https://patchwiki.biligame.com/images/rocom/5/53/i7jmthl2o8l116rbhkn2fyjmhtf57s5.png,
196,121,10121,小黑猫,小黑猫,Ⅰ阶,普通,,预警,若敌方技能足够击败自己，回合开始时自己获得速度+50。,121,72,130,54,95,56,528,,,否,小黑猫,,,0.55~0.65,3.1~4.5,行踪神秘,0.6,https://wiki.biligame.com/rocom/%E5%B0%8F%E9%BB%91%E7%8C%AB,https://patchwiki.biligame.com/images/rocom/c/c9/8rrqybxt78i08ws9ztf6iqrhpbf61fi.png,
197,122,101221,黑猫密探,黑猫密探,最终阶段,普通,,先知,若敌方技能足够击败自己，回合开始时自己获得速度+50，双攻+50%。,152,107,186,67,119,70,701,,,否,小黑猫,,,0.94~1.08,11.07~15.06,行踪神秘,0.6,https://wiki.biligame.com/rocom/%E9%BB%91%E7%8C%AB%E5%AF%86%E6%8E%A2,https://patchwiki.biligame.com/images/rocom/5/50/bpobcq4lgfb7e4m0wy3dy5esbqn8hmt.png,
198,122,10122,黑猫巫师,黑猫巫师,最终阶段,普通,,预警,若敌方技能足够击败自己，回合开始时自己获得速度+50。,152,91,163,67,119,70,662,,,否,小黑猫,,,0.85~0.97,8.1~9.5,行踪神秘,0.6,https://wiki.biligame.com/rocom/%E9%BB%91%E7%8C%AB%E5%B7%AB%E5%B8%88,https://patchwiki.biligame.com/images/rocom/c/cb/9uippciulkrlx979x5xnv9aqoprjcek.png,
199,123,10123,忽幽狸,忽幽狸,Ⅰ阶,幽,毒,下黑手,敌方精灵离场后，更换入场的精灵获得5层中毒。,78,87,84,84,56,104,493,,,否,忽幽狸,,,0.76~1.09,8.3~9.8,行踪神秘,0.6,https://wiki.biligame.com/rocom/%E5%BF%BD%E5%B9%BD%E7%8B%B8,https://patchwiki.biligame.com/images/rocom/7/78/2jxh0kfsg1lzfa640r2nyaz03bcr97j.png,
200,124,10124,影狸,影狸,最终阶段,幽,毒,下黑手,敌方精灵离场后，更换入场的精灵获得5层中毒。,97,109,105,105,70,130,616,,,否,忽幽狸,,,1.11~1.59,23.5~37.5,行踪神秘,0.6,https://wiki.biligame.com/rocom/%E5%BD%B1%E7%8B%B8,https://patchwiki.biligame.com/images/rocom/5/50/cwmitfohkag0d2t5zfu055dhwrm4vxk.png,
201,125,10125,多多,多多,Ⅰ阶,毒,地,毒牙,使敌方获得中毒时，也会使其获得魔攻和魔防-40%。,47,53,53,82,66,54,355,,,否,多多,,,0.45~0.65,14.6~18.6,常见于山林,0.6,https://wiki.biligame.com/rocom/%E5%A4%9A%E5%A4%9A,https://patchwiki.biligame.com/images/rocom/c/ce/616cnqj5bbxqzen5zwhzqhst14lpua9.png,
202,126,10126,多啦多,多啦多,Ⅱ阶,毒,地,毒牙,使敌方获得中毒时，也会使其获得魔攻和魔防-40%。,63,70,70,109,88,72,472,,,否,多多,,,0.58~0.83,28.5~34.6,常见于山林,0.6,https://wiki.biligame.com/rocom/%E5%A4%9A%E5%95%A6%E5%A4%9A,https://patchwiki.biligame.com/images/rocom/c/ce/aewpz1647wrfl4r6fzxzem25ia6w3z8.png,
203,127,10127,古啦多,古啦多,最终阶段,毒,地,毒牙,使敌方获得中毒时，也会使其获得魔攻和魔防-40%。,79,88,88,136,110,90,591,,,否,多多,,,0.69~0.99,43.5~58.6,常见于山林,0.6,https://wiki.biligame.com/rocom/%E5%8F%A4%E5%95%A6%E5%A4%9A,https://patchwiki.biligame.com/images/rocom/d/d8/nauiiyi051f6jwn5tuy0mrao8j1z1hn.png,
204,128,10128,哭哭菇,哭哭菇,Ⅰ阶,幻,,吸积盘,回合结束时，敌方获得2层星陨印记。,74,38,41,30,60,36,279,,,否,哭哭菇,,,0.33~0.47,1.8~3.2,常见于山地、河岸,0.6,https://wiki.biligame.com/rocom/%E5%93%AD%E5%93%AD%E8%8F%87,https://patchwiki.biligame.com/images/rocom/e/ee/r5ob8gjuzspmnvdafl5zf5836e6bf6g.png,
205,129,10129,怖须菇,怖须菇,Ⅱ阶,幻,,吸积盘,回合结束时，敌方获得2层星陨印记。,99,50,55,40,80,48,372,,,否,哭哭菇,,,0.69~0.99,8.72~15.6,常见于山地、河岸,0.6,https://wiki.biligame.com/rocom/%E6%80%96%E9%A1%BB%E8%8F%87,https://patchwiki.biligame.com/images/rocom/a/a5/bh34wp7r6rvgj50zw0rz9uh7w1onmvl.png,
206,130,10130,怖哭菇,怖哭菇,最终阶段,幻,,吸积盘,回合结束时，敌方获得2层星陨印记。,124,63,69,50,100,60,466,,,否,哭哭菇,,,1.23~1.76,22.5~28.6,常见于山地、河岸,0.6,https://wiki.biligame.com/rocom/%E6%80%96%E5%93%AD%E8%8F%87,https://patchwiki.biligame.com/images/rocom/7/77/0vwsiij65kn8tbfm24x0zxekycspl5d.png,
207,131,10131,恶魔狼,恶魔狼,最终阶段,恶,,悲悯,己方队伍中每有1只力竭的精灵，自己获得双攻+30%。,115,114,45,91,63,120,548,,,是,恶魔狼,,,1.23~1.76,74~92,月牙湖岸,0.6,https://wiki.biligame.com/rocom/%E6%81%B6%E9%AD%94%E7%8B%BC,https://patchwiki.biligame.com/images/rocom/6/6a/8rz167blfbrzzs44u5mq8a0k7im6ap8.png,
208,131,101311,恶魔狼王,恶魔狼王,最终阶段,恶,,悼亡,双方队伍中每有1只力竭的精灵，自己获得双攻+30%。,115,121,50,91,63,120,560,,,是,恶魔狼,,,2.04~2.6,168~227.5,偶见于山地,0.6,https://wiki.biligame.com/rocom/%E6%81%B6%E9%AD%94%E7%8B%BC%E7%8E%8B,https://patchwiki.biligame.com/images/rocom/c/cd/1qfkgvqe3ah6vtttso6rmj8eeddxh6u.png,
209,132,10132,小电企鹅,小电企鹅,Ⅰ阶,冰,电,超负荷,攻击技能获得迸发：敌方获得全技能能耗+1。,75,45,101,59,87,100,467,,,否,小电企鹅,,,0.44~0.56,3.82~5.39,常见于雪山,0.6,https://wiki.biligame.com/rocom/%E5%B0%8F%E7%94%B5%E4%BC%81%E9%B9%85,https://patchwiki.biligame.com/images/rocom/d/d6/4seo2uqqap8978sndkvqzoez1nc8nwy.png,
210,133,10133,电企鹅,电企鹅,最终阶段,冰,电,超负荷,攻击技能获得迸发：敌方获得全技能能耗+1。,94,56,126,73,109,125,583,,,否,小电企鹅,,,0.9~1.14,14.6~26.9,常见于雪山,0.6,https://wiki.biligame.com/rocom/%E7%94%B5%E4%BC%81%E9%B9%85,https://patchwiki.biligame.com/images/rocom/b/be/9br0yfxnfz0dsnrtgc7tlt75qtwxycl.png,
211,134,10134,雪豆丁,雪豆丁,Ⅰ阶,冰,,打雪仗,初始能量为0，入场前己方精灵每放1次冰系技能，回复3能量。,97,104,47,83,62,36,429,,,否,雪豆丁,,,0.86~1.23,9.5~12.5,常见于雪山,0.6,https://wiki.biligame.com/rocom/%E9%9B%AA%E8%B1%86%E4%B8%81,https://patchwiki.biligame.com/images/rocom/d/d8/2thy3gt4khhs6gza0pb6ke0da94ajq8.png,
212,135,10135,雪蛮人,雪蛮人,Ⅱ阶,冰,,打雪仗,初始能量为0，入场前己方精灵每放1次冰系技能，回复3能量。,130,139,63,111,83,48,574,,,否,雪豆丁,,,1.11~1.59,59~76,常见于雪山,0.6,https://wiki.biligame.com/rocom/%E9%9B%AA%E8%9B%AE%E4%BA%BA,https://patchwiki.biligame.com/images/rocom/e/e4/5jcbqvkc428abblnglyk3ok9nppvy4z.png,
213,136,10136,雪巨人,雪巨人,最终阶段,冰,,打雪仗,初始能量为0，入场前己方精灵每放1次冰系技能，回复3能量。,162,174,79,139,104,60,718,,,否,雪豆丁,,,1.61~2.31,156~187,常见于雪山,0.6,https://wiki.biligame.com/rocom/%E9%9B%AA%E5%B7%A8%E4%BA%BA,https://patchwiki.biligame.com/images/rocom/a/ae/jppthxewnslz9d16550t3owv0hf3emx.png,
214,137,10137,呼呼猪,呼呼猪,Ⅰ阶,冰,地,冻土,每携带1个冰系技能进入战斗，地系技能威力+10%。,98,95,33,88,81,68,463,,,是,呼呼猪,,,0.52~0.75,6.8~8.9,常见于雪山,0.6,https://wiki.biligame.com/rocom/%E5%91%BC%E5%91%BC%E7%8C%AA,https://patchwiki.biligame.com/images/rocom/e/e8/8vuqx5j838k85ddgjcl56zhh42wtfqa.png,
215,138,10138,獠牙猪,獠牙猪,最终阶段,冰,地,冻土,每携带1个冰系技能进入战斗，地系技能威力+10%。,123,119,41,110,101,85,579,,,是,呼呼猪,,,0.77~1.1,52.8~67.4,常见于雪山,0.6,https://wiki.biligame.com/rocom/%E7%8D%A0%E7%89%99%E7%8C%AA,https://patchwiki.biligame.com/images/rocom/e/e7/9k7bizwcoun5u7cvgvqgchfd9dmyxou.png,
216,139,10139,雪娃娃,雪娃娃,Ⅰ阶,冰,,冰封,在场时，敌方全技能能耗+1。,56,67,67,63,63,69,385,,,否,雪娃娃,,,0.29~0.42,6.8~8.16,常见于雪山,0.6,https://wiki.biligame.com/rocom/%E9%9B%AA%E5%A8%83%E5%A8%83,https://patchwiki.biligame.com/images/rocom/2/2f/e14xbg7hrv1sv43e1qqhk145dsjcd3x.png,
217,140,10140,冰封怨灵,冰封怨灵,Ⅱ阶,冰,,冰封,在场时，敌方全技能能耗+1。,75,90,90,84,84,92,515,,,否,雪娃娃,,,0.96~1.37,24.5~31.6,常见于雪山,0.6,https://wiki.biligame.com/rocom/%E5%86%B0%E5%B0%81%E6%80%A8%E7%81%B5,https://patchwiki.biligame.com/images/rocom/2/20/kgz0l0h5v268zpumgfbqz7nhqtvgyey.png,
218,141,10141,雪灵,雪灵,最终阶段,冰,,冰封,在场时，敌方全技能能耗+1。,94,112,112,105,105,115,643,,,否,雪娃娃,,,1.09~1.56,56.4~68.4,常见于雪山,0.6,https://wiki.biligame.com/rocom/%E9%9B%AA%E7%81%B5,https://patchwiki.biligame.com/images/rocom/2/20/s8u199aia0fr684sn42zevm9y7jblmz.png,
219,142,10142,大耳帽兜,大耳帽兜,Ⅰ阶,冰,萌,捉迷藏,使敌方获得冻结时，也会使其获得全技能能耗+1。,78,62,59,39,78,54,370,,,是,大耳帽兜,,,0.39~0.42,8.39~10.7,行踪神秘,0.6,https://wiki.biligame.com/rocom/%E5%A4%A7%E8%80%B3%E5%B8%BD%E5%85%9C,https://patchwiki.biligame.com/images/rocom/9/90/5nj4in6eecm1rhiqat7avfogm5l3cx0.png,
220,143,10143,帽兜娃娃,帽兜娃娃,Ⅱ阶,冰,萌,捉迷藏,使敌方获得冻结时，也会使其获得全技能能耗+1。,104,83,78,52,104,72,493,,,是,大耳帽兜,,,0.4~0.57,19.05~26.8,行踪神秘,0.6,https://wiki.biligame.com/rocom/%E5%B8%BD%E5%85%9C%E5%A8%83%E5%A8%83,https://patchwiki.biligame.com/images/rocom/5/5a/q7sirjhoajj2l6afronw9k5u8w84ibs.png,
221,144,101441,雪影冰灵,雪影冰灵,最终阶段,冰,萌,抓到你了,自己入场时敌方获得2层冻结，使敌方获得冻结时，也会使其获得全技能能耗+1。,130,120,114,66,130,90,650,,,是,大耳帽兜,,,1.85~2.04,58.06~76.02,行踪神秘,0.6,https://wiki.biligame.com/rocom/%E9%9B%AA%E5%BD%B1%E5%86%B0%E7%81%B5,https://patchwiki.biligame.com/images/rocom/b/b5/q1m8ksutjvlfrfkjqd3o4hda5mac1es.png,
222,144,10144,雪影娃娃,雪影娃娃,最终阶段,冰,萌,捉迷藏,使敌方获得冻结时，也会使其获得全技能能耗+1。,130,103,98,66,130,90,617,,,是,大耳帽兜,,,0.64~0.92,31.8~36.6,行踪神秘,0.6,https://wiki.biligame.com/rocom/%E9%9B%AA%E5%BD%B1%E5%A8%83%E5%A8%83,https://patchwiki.biligame.com/images/rocom/1/12/ixakouy2o2kjsl0ytlhtdzhoukgoq3o.png,
223,145,10145,权杖-Ⅱ,权杖-Ⅱ,Ⅰ阶,机械,,机械变式,自己携带的技能每回合位置变化时，该技能能耗-1。,82,84,78,109,109,60,522,,,否,权杖-Ⅱ,,,0.45~0.55,28.5~35.7,常见于遗迹周边,0.6,https://wiki.biligame.com/rocom/%E6%9D%83%E6%9D%96-%E2%85%A1,https://patchwiki.biligame.com/images/rocom/2/29/36ojm8e9bg86sdwvq2lru4guexscjpm.png,
224,146,10146,权杖-Ⅴ,权杖-Ⅴ,最终阶段,机械,,机械变式,自己携带的技能每回合位置变化时，该技能能耗-1。,103,105,97,136,136,75,652,,,否,权杖-Ⅱ,,,0.95~1.05,98~108,常见于遗迹周边,0.6,https://wiki.biligame.com/rocom/%E6%9D%83%E6%9D%96-%E2%85%A4,https://patchwiki.biligame.com/images/rocom/1/13/t0s6mddc58b2nr8ezmolme9pn86uty5.png,
225,147,10147,灵狐,灵狐,Ⅰ阶,火,冰,灵魂灼伤,冰系技能使敌方获得4层灼烧，火系技能使敌方获得2层冻结。,69,52,52,50,64,60,347,,,是,灵狐,,,0.56~0.8,7.4~8.9,偶见于雪山,0.6,https://wiki.biligame.com/rocom/%E7%81%B5%E7%8B%90,https://patchwiki.biligame.com/images/rocom/0/0a/nmkg7ux0y9xb2o2q92ircdz5t11die4.png,
226,148,10148,九尾狐,九尾狐,Ⅱ阶,火,冰,灵魂灼伤,冰系技能使敌方获得4层灼烧，火系技能使敌方获得2层冻结。,92,70,70,67,86,80,465,,,是,灵狐,,,0.77~1.11,13.08~21.05,偶见于雪山,0.6,https://wiki.biligame.com/rocom/%E4%B9%9D%E5%B0%BE%E7%8B%90,https://patchwiki.biligame.com/images/rocom/0/04/6aatpzw69pbptt2uju04hv2tod4ypc9.png,
227,149,10149,尖嘴狐仙,尖嘴狐仙,最终阶段,火,冰,灵魂灼伤,冰系技能使敌方获得4层灼烧，火系技能使敌方获得2层冻结。,115,87,87,84,107,100,580,,,是,灵狐,,,1.34~1.92,69.5~78.5,偶见于雪山,0.6,https://wiki.biligame.com/rocom/%E5%B0%96%E5%98%B4%E7%8B%90%E4%BB%99,https://patchwiki.biligame.com/images/rocom/b/b1/gqbvamoe1ljcd3be988hlopoxdo44ak.png,
228,150,10150,里奥,里奥,Ⅰ阶,翼,,飓风,对本精灵的技能，若其他翼系精灵携带相同技能，则获得迅捷。被敌方精灵击败时，自己额外损失1点魔力。,79,65,65,77,50,75,411,,,否,里奥,,,0.35~0.45,4.8~5.9,行踪神秘,0.6,https://wiki.biligame.com/rocom/%E9%87%8C%E5%A5%A5,https://patchwiki.biligame.com/images/rocom/6/62/mwlzc3o7mx5a5oo646nljqm8jsuhypa.png,
229,151,10151,灵羽勇士,灵羽勇士,Ⅱ阶,翼,,飓风,对本精灵的技能，若其他翼系精灵携带相同技能，则获得迅捷。被敌方精灵击败时，自己额外损失1点魔力。,105,87,87,102,66,100,547,,,否,里奥,,成长为1星,0.55~0.65,11.5~14.2,行踪神秘,0.6,https://wiki.biligame.com/rocom/%E7%81%B5%E7%BE%BD%E5%8B%87%E5%A3%AB,https://patchwiki.biligame.com/images/rocom/4/44/tmhilmz97pggub3yrsredfnuv5e2jd2.png,
230,152,10152,圣羽翼王,圣羽翼王,最终阶段,翼,,飓风,对本精灵的技能，若其他翼系精灵携带相同技能，则获得迅捷。被敌方精灵击败时，自己额外损失1点魔力。,132,109,109,128,83,125,686,,,否,里奥,,成长为2星,2.1~2.55,195~296,行踪神秘,0.6,https://wiki.biligame.com/rocom/%E5%9C%A3%E7%BE%BD%E7%BF%BC%E7%8E%8B,https://patchwiki.biligame.com/images/rocom/4/40/lbxi6r2yicliuipn8dp7n5pk90xfjo4.png,
231,152,,圣羽翼王,圣羽翼王（被噩梦侵蚀的样子）,最终阶段,翼,,,,,,,,,,,,,,,被噩梦侵蚀的样子,,,,,0.1,https://wiki.biligame.com/rocom/%E5%9C%A3%E7%BE%BD%E7%BF%BC%E7%8E%8B%EF%BC%88%E8%A2%AB%E5%99%A9%E6%A2%A6%E4%BE%B5%E8%9A%80%E7%9A%84%E6%A0%B7%E5%AD%90%EF%BC%89,https://patchwiki.biligame.com/images/rocom/4/40/lbxi6r2yicliuipn8dp7n5pk90xfjo4.png,
232,153,10153,松仔,松仔,Ⅰ阶,草,武,野性感官,应对成功后，下次行动先手+1。,63,83,34,77,60,63,380,,,否,松仔,,,0.52~0.68,6.25~7.85,行踪神秘,0.6,https://wiki.biligame.com/rocom/%E6%9D%BE%E4%BB%94,https://patchwiki.biligame.com/images/rocom/c/ce/mx2ffpj0hb4meeslt3zqap12rr2empf.png,
233,153,,松仔,松仔（悲鸣的样子）,Ⅰ阶,草,,,,,,,,,,,,,,,悲鸣的样子,,,,,0.1,https://wiki.biligame.com/rocom/%E6%9D%BE%E4%BB%94%EF%BC%88%E6%82%B2%E9%B8%A3%E7%9A%84%E6%A0%B7%E5%AD%90%EF%BC%89,https://patchwiki.biligame.com/images/rocom/c/ce/mx2ffpj0hb4meeslt3zqap12rr2empf.png,
234,154,10154,松叶羊,松叶羊,Ⅱ阶,草,武,野性感官,应对成功后，下次行动先手+1。,84,111,46,102,80,84,507,,,否,松仔,,,1.08~1.33,19.09~28.06,行踪神秘,0.6,https://wiki.biligame.com/rocom/%E6%9D%BE%E5%8F%B6%E7%BE%8A,https://patchwiki.biligame.com/images/rocom/1/10/jyqtkp0noekyg69k59jbsmgjv6gjwmz.png,
235,154,,松叶羊,松叶羊（悲鸣的样子）,Ⅱ阶,草,,,,,,,,,,,,,,,悲鸣的样子,,,,,0.1,https://wiki.biligame.com/rocom/%E6%9D%BE%E5%8F%B6%E7%BE%8A%EF%BC%88%E6%82%B2%E9%B8%A3%E7%9A%84%E6%A0%B7%E5%AD%90%EF%BC%89,https://patchwiki.biligame.com/images/rocom/1/10/jyqtkp0noekyg69k59jbsmgjv6gjwmz.png,
236,155,10155,针叶巡林,针叶巡林,最终阶段,草,武,野性感官,应对成功后，下次行动先手+1。,105,139,57,128,100,105,634,,,否,松仔,,,1.86~2.14,56.8~69.02,行踪神秘,0.6,https://wiki.biligame.com/rocom/%E9%92%88%E5%8F%B6%E5%B7%A1%E6%9E%97,https://patchwiki.biligame.com/images/rocom/e/ea/3rpguccru3cfly322suefeqa3oy62vv.png,
237,155,,针叶巡林,针叶巡林（悲鸣的样子）,最终阶段,草,,,,,,,,,,,,,,,悲鸣的样子,,,,,0.1,https://wiki.biligame.com/rocom/%E9%92%88%E5%8F%B6%E5%B7%A1%E6%9E%97%EF%BC%88%E6%82%B2%E9%B8%A3%E7%9A%84%E6%A0%B7%E5%AD%90%EF%BC%89,https://patchwiki.biligame.com/images/rocom/e/ea/3rpguccru3cfly322suefeqa3oy62vv.png,
238,156,10156,小勇狮,小勇狮,Ⅰ阶,火,武,圣火骑士,应对成功后，下次攻击威力翻倍。,82,31,66,53,78,48,358,,,否,小勇狮,,,0.67~0.81,8.5~12.05,行踪神秘,0.6,https://wiki.biligame.com/rocom/%E5%B0%8F%E5%8B%87%E7%8B%AE,https://patchwiki.biligame.com/images/rocom/a/ae/h52qsm9zkr20bazu590ccljhin1f5ci.png,
239,156,,小勇狮,小勇狮（悲鸣的样子）,Ⅰ阶,火,,,,,,,,,,,,,,,悲鸣的样子,,,,,0.1,https://wiki.biligame.com/rocom/%E5%B0%8F%E5%8B%87%E7%8B%AE%EF%BC%88%E6%82%B2%E9%B8%A3%E7%9A%84%E6%A0%B7%E5%AD%90%EF%BC%89,https://patchwiki.biligame.com/images/rocom/a/ae/h52qsm9zkr20bazu590ccljhin1f5ci.png,
240,157,10157,炽焰狮,炽焰狮,Ⅱ阶,火,武,圣火骑士,应对成功后，下次攻击威力翻倍。,110,41,89,70,104,64,478,,,否,小勇狮,,,1.12~1.45,46.02~67.05,行踪神秘,0.6,https://wiki.biligame.com/rocom/%E7%82%BD%E7%84%B0%E7%8B%AE,https://patchwiki.biligame.com/images/rocom/f/f0/rxu5mpa797fea42tmp0o0prbnkfl9ke.png,
241,157,,炽焰狮,炽焰狮（悲鸣的样子）,Ⅱ阶,火,,,,,,,,,,,,,,,悲鸣的样子,,,,,0.1,https://wiki.biligame.com/rocom/%E7%82%BD%E7%84%B0%E7%8B%AE%EF%BC%88%E6%82%B2%E9%B8%A3%E7%9A%84%E6%A0%B7%E5%AD%90%EF%BC%89,https://patchwiki.biligame.com/images/rocom/f/f0/rxu5mpa797fea42tmp0o0prbnkfl9ke.png,
242,158,10158,炽心勇狮,炽心勇狮,最终阶段,火,武,圣火骑士,应对成功后，下次攻击威力翻倍。,137,51,111,88,130,80,597,,,否,小勇狮,,,1.78~1.97,94.7~118.05,行踪神秘,0.6,https://wiki.biligame.com/rocom/%E7%82%BD%E5%BF%83%E5%8B%87%E7%8B%AE,https://patchwiki.biligame.com/images/rocom/9/98/1jj3iwg4l6yjpl6zfizm3jz7rmbqe7q.png,
243,158,,炽心勇狮,炽心勇狮（悲鸣的样子）,最终阶段,火,,,,,,,,,,,,,,,悲鸣的样子,,,,,0.1,https://wiki.biligame.com/rocom/%E7%82%BD%E5%BF%83%E5%8B%87%E7%8B%AE%EF%BC%88%E6%82%B2%E9%B8%A3%E7%9A%84%E6%A0%B7%E5%AD%90%EF%BC%89,https://patchwiki.biligame.com/images/rocom/9/98/1jj3iwg4l6yjpl6zfizm3jz7rmbqe7q.png,
244,159,10159,水滴蛇,水滴蛇,Ⅰ阶,水,武,思维之盾,应对成功后，下次行动技能能耗-5。,63,66,62,62,62,63,378,,,否,水滴蛇,,,0.53~0.69,2.25~4.1,行踪神秘,0.6,https://wiki.biligame.com/rocom/%E6%B0%B4%E6%BB%B4%E8%9B%87,https://patchwiki.biligame.com/images/rocom/f/f5/77ajklz8fw3oeg6kncdco7txsg5jtv0.png,
245,159,,水滴蛇,水滴蛇（悲鸣的样子）,Ⅰ阶,水,,,,,,,,,,,,,,,悲鸣的样子,,,,,0.1,https://wiki.biligame.com/rocom/%E6%B0%B4%E6%BB%B4%E8%9B%87%EF%BC%88%E6%82%B2%E9%B8%A3%E7%9A%84%E6%A0%B7%E5%AD%90%EF%BC%89,https://patchwiki.biligame.com/images/rocom/f/f5/77ajklz8fw3oeg6kncdco7txsg5jtv0.png,
246,160,10160,水蛇锁,水蛇锁,Ⅱ阶,水,武,思维之盾,应对成功后，下次行动技能能耗-5。,84,88,83,83,83,84,505,,,否,水滴蛇,,,0.94~1.2,18.07~27.05,行踪神秘,0.6,https://wiki.biligame.com/rocom/%E6%B0%B4%E8%9B%87%E9%94%81,https://patchwiki.biligame.com/images/rocom/7/78/ignv9i4pxcmru908q7s197mn0vlquug.png,
247,160,,水蛇锁,水蛇锁（悲鸣的样子）,Ⅱ阶,水,,,,,,,,,,,,,,,悲鸣的样子,,,,,0.1,https://wiki.biligame.com/rocom/%E6%B0%B4%E8%9B%87%E9%94%81%EF%BC%88%E6%82%B2%E9%B8%A3%E7%9A%84%E6%A0%B7%E5%AD%90%EF%BC%89,https://patchwiki.biligame.com/images/rocom/7/78/ignv9i4pxcmru908q7s197mn0vlquug.png,
248,161,10161,游蛇魔使,游蛇魔使,最终阶段,水,武,思维之盾,应对成功后，下次行动技能能耗-5。,105,110,104,103,103,105,630,,,否,水滴蛇,,,2.15~3,71.05~86.05,行踪神秘,0.6,https://wiki.biligame.com/rocom/%E6%B8%B8%E8%9B%87%E9%AD%94%E4%BD%BF,https://patchwiki.biligame.com/images/rocom/b/bf/oggcovajukek3g37v0dti0t7dguqkw2.png,
249,161,,游蛇魔使,游蛇魔使（悲鸣的样子）,最终阶段,水,,,,,,,,,,,,,,,悲鸣的样子,,,,,0.1,https://wiki.biligame.com/rocom/%E6%B8%B8%E8%9B%87%E9%AD%94%E4%BD%BF%EF%BC%88%E6%82%B2%E9%B8%A3%E7%9A%84%E6%A0%B7%E5%AD%90%EF%BC%89,https://patchwiki.biligame.com/images/rocom/b/bf/oggcovajukek3g37v0dti0t7dguqkw2.png,
250,162,10162,公平鸽,公平鸽,最终阶段,普通,,衡量,入场时，复制敌方的增益。在场时，若敌方获得增益自己也会获得。,113,93,93,125,125,100,649,,,是,公平鸽,,,0.45~0.6,2.5~3.94,常见于山地,0.6,https://wiki.biligame.com/rocom/%E5%85%AC%E5%B9%B3%E9%B8%BD,https://patchwiki.biligame.com/images/rocom/1/14/mfnm7m1309w6i464sm5kuagyb6yzxoi.png,
251,163,10163,小怂猫,小怂猫,Ⅰ阶,武,,威慑,打断敌方时，被打断的技能进入2回合冷却。,74,106,101,89,76,76,522,,,否,小怂猫,,,0.59~0.84,19.6~22.5,常见于山林,0.6,https://wiki.biligame.com/rocom/%E5%B0%8F%E6%80%82%E7%8C%AB,https://patchwiki.biligame.com/images/rocom/1/14/5se74tvs12feru1mjsfsvfq8c0mr1gg.png,
252,163,101631,小怂猫,小怂猫（山间竹林的样子）,最终阶段,武,,威慑,打断敌方时，被打断的技能进入2回合冷却。,0,0,0,0,0,0,0,,,,小怂猫（山间竹林的样子）,山间竹林的样子,,,,,0.2,https://wiki.biligame.com/rocom/%E5%B0%8F%E6%80%82%E7%8C%AB%EF%BC%88%E5%B1%B1%E9%97%B4%E7%AB%B9%E6%9E%97%E7%9A%84%E6%A0%B7%E5%AD%90%EF%BC%89,https://patchwiki.biligame.com/images/rocom/d/d1/f32k1wjwrvu0dxo75t4nyfkxj6ylfph.png,
253,164,10164,怒目怂猫,怒目怂猫,最终阶段,武,,威慑,打断敌方时，被打断的技能进入2回合冷却。,92,132,126,111,95,95,651,,,否,小怂猫,,,1.3~1.65,64.5~78.5,常见于山林,0.6,https://wiki.biligame.com/rocom/%E6%80%92%E7%9B%AE%E6%80%82%E7%8C%AB,https://patchwiki.biligame.com/images/rocom/0/08/0jj0vlt3qpo3dp9gha2nj5tbnydfvjp.png,
254,164,101641,怒目怂猫,怒目怂猫（山间竹林的样子）,最终阶段,武,,威慑,打断敌方时，被打断的技能进入2回合冷却。,0,0,0,0,0,0,0,,,,小怂猫（山间竹林的样子）,山间竹林的样子,,,,,0.2,https://wiki.biligame.com/rocom/%E6%80%92%E7%9B%AE%E6%80%82%E7%8C%AB%EF%BC%88%E5%B1%B1%E9%97%B4%E7%AB%B9%E6%9E%97%E7%9A%84%E6%A0%B7%E5%AD%90%EF%BC%89,https://patchwiki.biligame.com/images/rocom/0/06/r4mqb64ixdnbl0z1m3ouutkm6c1o0pj.png,
255,165,10165,小狮鹫,小狮鹫（崖间地的样子）,Ⅰ阶,翼,,乘风连击,使用翼系技能后，获得连击数+1。,61,69,39,64,33,72,338,,,否,小狮鹫（崖间地的样子）,崖间地的样子,,0.71~1.02,11.5~17.5,常见于山地、城堡周边,0.6,https://wiki.biligame.com/rocom/%E5%B0%8F%E7%8B%AE%E9%B9%AB%EF%BC%88%E5%B4%96%E9%97%B4%E5%9C%B0%E7%9A%84%E6%A0%B7%E5%AD%90%EF%BC%89,https://patchwiki.biligame.com/images/rocom/5/5c/6s8lzcshdpyujwzub5zz1wk94d16vp2.png,
256,165,101651,小狮鹫,小狮鹫（高山地的样子）,最终阶段,翼,,乘风连击,使用翼系技能后，获得连击数+1。,62,66,32,62,36,75,333,,,否,小狮鹫（高山地的样子）,高山地的样子,,0.71~1.02,11.5~17.5,常见于山地、城堡周边,0.6,https://wiki.biligame.com/rocom/%E5%B0%8F%E7%8B%AE%E9%B9%AB%EF%BC%88%E9%AB%98%E5%B1%B1%E5%9C%B0%E7%9A%84%E6%A0%B7%E5%AD%90%EF%BC%89,https://patchwiki.biligame.com/images/rocom/b/b0/s7vhekqxmvlccqyvz65eqkd7zisp52q.png,
257,166,10166,神圣狮鹫,神圣狮鹫（崖间地的样子）,Ⅱ阶,翼,,乘风连击,使用翼系技能后，获得连击数+1。,82,92,51,86,44,96,451,,,否,小狮鹫（崖间地的样子）,崖间地的样子,,1.01~1.44,49.5~56.8,常见于山地、城堡周边,0.6,https://wiki.biligame.com/rocom/%E7%A5%9E%E5%9C%A3%E7%8B%AE%E9%B9%AB%EF%BC%88%E5%B4%96%E9%97%B4%E5%9C%B0%E7%9A%84%E6%A0%B7%E5%AD%90%EF%BC%89,https://patchwiki.biligame.com/images/rocom/d/d9/3mwu2jzht3bpapm9p9u6imj8tspjz6z.png,
258,166,101661,神圣狮鹫,神圣狮鹫（高山地的样子）,最终阶段,翼,,乘风连击,使用翼系技能后，获得连击数+1。,83,88,42,82,48,100,443,,,否,小狮鹫（高山地的样子）,高山地的样子,,1.01~1.44,49.5~56.8,常见于山地、城堡周边,0.6,https://wiki.biligame.com/rocom/%E7%A5%9E%E5%9C%A3%E7%8B%AE%E9%B9%AB%EF%BC%88%E9%AB%98%E5%B1%B1%E5%9C%B0%E7%9A%84%E6%A0%B7%E5%AD%90%EF%BC%89,https://patchwiki.biligame.com/images/rocom/6/62/c7bikx38s3y63ffwlwabxqc77qyjtwy.png,
259,167,10167,皇家狮鹫,皇家狮鹫（崖间地的样子）,最终阶段,翼,,乘风连击,使用翼系技能后，获得连击数+1。,102,116,64,107,55,120,564,,,否,小狮鹫（崖间地的样子）,崖间地的样子,,1.72~2.45,125~170.5,常见于山地、城堡周边,0.6,https://wiki.biligame.com/rocom/%E7%9A%87%E5%AE%B6%E7%8B%AE%E9%B9%AB%EF%BC%88%E5%B4%96%E9%97%B4%E5%9C%B0%E7%9A%84%E6%A0%B7%E5%AD%90%EF%BC%89,https://patchwiki.biligame.com/images/rocom/0/09/nji78x7xa58n2ye2yhkqgedpywia239.png,
260,167,101671,皇家狮鹫,皇家狮鹫（高山地的样子）,最终阶段,翼,,乘风连击,使用翼系技能后，获得连击数+1。,103,110,53,103,60,125,554,,,否,小狮鹫（高山地的样子）,高山地的样子,,1.72~2.45,125~170.5,常见于山地、城堡周边,0.6,https://wiki.biligame.com/rocom/%E7%9A%87%E5%AE%B6%E7%8B%AE%E9%B9%AB%EF%BC%88%E9%AB%98%E5%B1%B1%E5%9C%B0%E7%9A%84%E6%A0%B7%E5%AD%90%EF%BC%89,https://patchwiki.biligame.com/images/rocom/b/bc/4qgxh1xp5dtis0ktl2dy5n6bv395c2r.png,
261,168,10168,圆眼蜘蛛,圆眼蜘蛛,Ⅰ阶,虫,,毒腺,使用能耗小于等于1的技能时，敌方获得4层中毒。,55,37,37,55,55,66,305,,,否,圆眼蜘蛛,,,0.48~0.68,3.5~5,常见于草地、树林、山洞,0.6,https://wiki.biligame.com/rocom/%E5%9C%86%E7%9C%BC%E8%9C%98%E8%9B%9B,https://patchwiki.biligame.com/images/rocom/5/58/rjtkumy4o5iea035omnat6k7rsy4gpj.png,
262,169,10169,尖角蜘蛛,尖角蜘蛛,Ⅱ阶,虫,毒,毒腺,使用能耗小于等于1的技能时，敌方获得4层中毒。,74,49,49,73,73,88,406,,,否,圆眼蜘蛛,,,0.68~0.98,7.75~9.6,常见于草地、树林、山洞,0.6,https://wiki.biligame.com/rocom/%E5%B0%96%E8%A7%92%E8%9C%98%E8%9B%9B,https://patchwiki.biligame.com/images/rocom/2/25/3n27a5qdo9pkbpn9ukwq7ibk8y9b8hs.png,
263,170,10170,芋香巨角蛛,芋香巨角蛛,最终阶段,虫,毒,毒腺,使用能耗小于等于1的技能时，敌方获得4层中毒。,92,61,61,91,91,110,506,,,否,圆眼蜘蛛,,,0.9~1.29,31.75~43.6,常见于草地、树林、山洞,0.6,https://wiki.biligame.com/rocom/%E8%8A%8B%E9%A6%99%E5%B7%A8%E8%A7%92%E8%9B%9B,https://patchwiki.biligame.com/images/rocom/7/78/7wig6sc6qf6fh5la1u2ykbxe5wv4f85.png,
264,171,10171,波波螺,波波螺,Ⅰ阶,地,水,消波块,每携带1个水系技能进入战斗，地系技能能耗-1。,67,59,59,87,66,42,380,,,否,波波螺,,,0.32~0.42,4.85~5.65,常见于河岸,0.6,https://wiki.biligame.com/rocom/%E6%B3%A2%E6%B3%A2%E8%9E%BA,https://patchwiki.biligame.com/images/rocom/0/00/n1wjd2lnqi3s5qqgpetirog1lcu6y3o.png,
265,171,101711,波波螺,波波螺（被污染的样子）,最终阶段,地,水,消波块,每携带1个水系技能进入战斗，地系技能能耗-1。,64,57,57,64,86,42,370,,,否,波波螺（被污染的样子）,被污染的样子,,0.32~0.42,4.85~5.65,常见于河岸,0.6,https://wiki.biligame.com/rocom/%E6%B3%A2%E6%B3%A2%E8%9E%BA%EF%BC%88%E8%A2%AB%E6%B1%A1%E6%9F%93%E7%9A%84%E6%A0%B7%E5%AD%90%EF%BC%89,https://patchwiki.biligame.com/images/rocom/7/78/8y6azbkijlxizakvv3pzsd8dwtn76pl.png,
266,172,10172,消波螺,消波螺,Ⅱ阶,地,水,消波块,每携带1个水系技能进入战斗，地系技能能耗-1。,89,78,78,116,88,56,505,,,否,波波螺,,,0.68~0.82,46.5~69.9,常见于河岸,0.6,https://wiki.biligame.com/rocom/%E6%B6%88%E6%B3%A2%E8%9E%BA,https://patchwiki.biligame.com/images/rocom/1/13/nk6gil7o7hxap4a1cbmksobdxh2rvvp.png,
267,172,101721,消波螺,消波螺（被污染的样子）,最终阶段,地,水,消波块,每携带1个水系技能进入战斗，地系技能能耗-1。,85,76,76,85,115,56,493,,,否,波波螺（被污染的样子）,被污染的样子,,0.68~0.82,46.5~69.9,常见于河岸,0.6,https://wiki.biligame.com/rocom/%E6%B6%88%E6%B3%A2%E8%9E%BA%EF%BC%88%E8%A2%AB%E6%B1%A1%E6%9F%93%E7%9A%84%E6%A0%B7%E5%AD%90%EF%BC%89,https://patchwiki.biligame.com/images/rocom/0/0f/kca2jak5ll3d6gwveocxn2o6948z2pv.png,
268,173,10173,嗜波螺,嗜波螺,最终阶段,地,水,消波块,每携带1个水系技能进入战斗，地系技能能耗-1。,112,98,98,146,110,70,634,,,否,波波螺,,,1.2~1.6,86.8~113,常见于河岸,0.6,https://wiki.biligame.com/rocom/%E5%97%9C%E6%B3%A2%E8%9E%BA,https://patchwiki.biligame.com/images/rocom/9/97/sk3qfoelkzy6xlawmknc5svbmwiepqg.png,
269,173,101731,嗜波螺,嗜波螺（被污染的样子）,最终阶段,地,水,消波块,每携带1个水系技能进入战斗，地系技能能耗-1。,107,95,95,106,144,70,617,,,否,波波螺（被污染的样子）,被污染的样子,,1.2~1.6,86.8~113,常见于河岸,0.6,https://wiki.biligame.com/rocom/%E5%97%9C%E6%B3%A2%E8%9E%BA%EF%BC%88%E8%A2%AB%E6%B1%A1%E6%9F%93%E7%9A%84%E6%A0%B7%E5%AD%90%EF%BC%89,https://patchwiki.biligame.com/images/rocom/8/84/hjslnay7yycwetnsyo6yjo92gtu2xnp.png,
270,174,10174,菇菇丁,菇菇丁,Ⅰ阶,地,草,多人宿舍,自己的能量可以超过能量上限。,89,61,57,70,57,42,376,,,否,菇菇丁,,,0.25~0.35,1.1~2.76,常见于草地、山林、山洞,0.6,https://wiki.biligame.com/rocom/%E8%8F%87%E8%8F%87%E4%B8%81,https://patchwiki.biligame.com/images/rocom/d/df/t98utjcp899ymqdm8bvpapuoajiri1k.png,
271,175,10175,多菇丁,多菇丁,Ⅱ阶,地,草,多人宿舍,自己的能量可以超过能量上限。,119,81,76,93,76,56,501,,,否,菇菇丁,,天气为雨天进化,0.6~0.7,5.4~6.8,常见于草地、山林、山洞,0.6,https://wiki.biligame.com/rocom/%E5%A4%9A%E8%8F%87%E4%B8%81,https://patchwiki.biligame.com/images/rocom/5/54/5zfiphchqveime7yps9honw4eh4x82b.png,
272,176,10176,九幽菇,九幽菇,最终阶段,地,草,多人宿舍,自己的能量可以超过能量上限。,149,102,95,116,95,70,627,,,否,菇菇丁,,天气为雨天进化,1.55~1.65,42~58,常见于草地、山林、山洞,0.6,https://wiki.biligame.com/rocom/%E4%B9%9D%E5%B9%BD%E8%8F%87,https://patchwiki.biligame.com/images/rocom/7/7a/n1t0h2rav7kjmjssgf2ctnahj8vaf0u.png,
273,177,10177,斑斑,斑斑,Ⅰ阶,翼,,逐魂鸟,能耗小于等于1的攻击技能，无法对自己造成伤害。,71,90,90,71,80,92,494,,,否,斑斑,,,0.47~0.6,4.79~6.17,常见于山林,0.6,https://wiki.biligame.com/rocom/%E6%96%91%E6%96%91,https://patchwiki.biligame.com/images/rocom/a/a7/9yzfpa9tuduznirix7p82i40nqlkfep.png,
274,178,10178,斑枭,斑枭,最终阶段,翼,,逐魂鸟,能耗小于等于1的攻击技能，无法对自己造成伤害。,89,112,112,89,100,115,617,,,否,斑斑,,,0.68~0.81,15.9~23.8,常见于山林,0.6,https://wiki.biligame.com/rocom/%E6%96%91%E6%9E%AD,https://patchwiki.biligame.com/images/rocom/a/a7/hnf5vk2e32l7c5s4rozuy2iuopkykoq.png,
275,179,10179,草头鸭,草头鸭,Ⅰ阶,草,,得寸进尺,天气为雨天，或处于其他水系环境中时，获得双攻+100%。,92,79,24,66,50,92,403,,,否,草头鸭,,,0.5~0.72,4.9~6.57,奥贝斯坦湖,0.6,https://wiki.biligame.com/rocom/%E8%8D%89%E5%A4%B4%E9%B8%AD,https://patchwiki.biligame.com/images/rocom/e/e3/23v62tjddaret7a0jlqww40noorvmir.png,
276,180,10180,卷毛鸭,卷毛鸭,最终阶段,草,武,得寸进尺,天气为雨天，或处于其他水系环境中时，获得双攻+100%。,116,98,29,83,63,115,504,,,否,草头鸭,,,0.9~1.29,35.8~48.06,常见于河岸、山地,0.6,https://wiki.biligame.com/rocom/%E5%8D%B7%E6%AF%9B%E9%B8%AD,https://patchwiki.biligame.com/images/rocom/0/0f/pzglsihj4tscuiypshxtjxq7x9u9bwp.png,
277,181,10181,海豹战士,海豹战士,Ⅰ阶,武,水,身经百练,己方精灵每应对1次，自己入场时水系和武系技能威力+20%。,72,91,87,89,62,80,481,,,否,海豹战士,,,0.64~0.92,69.5~87.6,常见于海岸,0.6,https://wiki.biligame.com/rocom/%E6%B5%B7%E8%B1%B9%E6%88%98%E5%A3%AB,https://patchwiki.biligame.com/images/rocom/b/b5/n6mz568m7fofwz1w3lkc5qk6bsxfy9s.png,
278,182,10182,海豹船长,海豹船长,最终阶段,武,水,身经百练,己方精灵每应对1次，自己入场时水系和武系技能威力+20%。,90,113,109,111,77,100,600,,,否,海豹战士,,,1.26~1.8,145~165,常见于海岸,0.6,https://wiki.biligame.com/rocom/%E6%B5%B7%E8%B1%B9%E8%88%B9%E9%95%BF,https://patchwiki.biligame.com/images/rocom/f/fc/nrbg9xhvigh963cwi1nyqt6kl6t68zv.png,
279,183,10183,号儿鱼,号儿鱼,Ⅰ阶,水,,泛音列,使用状态技能后，敌方获得【聒噪】技能的效果，持续3回合。,109,27,76,76,88,84,460,,,否,号儿鱼,,,0.31~0.42,3.9~5.25,常见于海面、河面,0.6,https://wiki.biligame.com/rocom/%E5%8F%B7%E5%84%BF%E9%B1%BC,https://patchwiki.biligame.com/images/rocom/a/a1/b8v1gy6rvsqs6g02hko4oa7bj0z04gk.png,
280,184,10184,圆号鱼,圆号鱼,最终阶段,水,,泛音列,使用状态技能后，敌方获得【聒噪】技能的效果，持续3回合。,136,34,95,95,110,105,575,,,否,号儿鱼,,,0.79~0.98,10.9~15.8,常见于海面、河面,0.6,https://wiki.biligame.com/rocom/%E5%9C%86%E5%8F%B7%E9%B1%BC,https://patchwiki.biligame.com/images/rocom/e/ed/7zahvzx6o4jiedrqiqa1q6rp8wbdyso.png,
281,185,10185,甜田螺,甜田螺,Ⅰ阶,水,萌,守护者,己方其他精灵每有1层萌化，自己入场时全技能能耗-1。,68,61,64,49,74,54,370,,,否,甜田螺,,,0.41~0.58,7.5~9.4,常见于湖面,0.6,https://wiki.biligame.com/rocom/%E7%94%9C%E7%94%B0%E8%9E%BA,https://patchwiki.biligame.com/images/rocom/5/55/bck3l95dm5ub49vdc3ung79bh0edirl.png,
282,186,10186,壳乙螺,壳乙螺,Ⅱ阶,水,萌,守护者,己方其他精灵每有1层萌化，自己入场时全技能能耗-1。,91,81,86,66,99,72,495,,,否,甜田螺,,,0.68~0.97,11.05~19.04,常见于湖面,0.6,https://wiki.biligame.com/rocom/%E5%A3%B3%E4%B9%99%E8%9E%BA,https://patchwiki.biligame.com/images/rocom/9/9e/tefnpfeeyu3n93u9gp0d9sfk11s5tol.png,
283,187,10187,卡洛儿,卡洛儿,最终阶段,水,萌,守护者,己方其他精灵每有1层萌化，自己入场时全技能能耗-1。,114,102,107,82,124,90,619,,,否,甜田螺,,,0.7~1,21.4~25.6,常见于湖面,0.6,https://wiki.biligame.com/rocom/%E5%8D%A1%E6%B4%9B%E5%84%BF,https://patchwiki.biligame.com/images/rocom/c/c9/t773ll421ypqybexg7xzjb3qs2rt2m0.png,
284,188,10188,棋棋,棋棋（白子）,Ⅰ阶,武,地,腾挪,攻击技能应对1次后，回满状态，变为棋绮后。,72,100,36,70,56,100,434,,,否,棋棋（白子）,白子,,0.35~0.47,10.7~14.5,常见于山林、城堡周边,0.6,https://wiki.biligame.com/rocom/%E6%A3%8B%E6%A3%8B%EF%BC%88%E7%99%BD%E5%AD%90%EF%BC%89,https://patchwiki.biligame.com/images/rocom/b/b5/26ff3g1g1g5v1yzt8la359hajhaxyuo.png,
285,188,101881,棋棋,棋棋（黑子）,最终阶段,武,地,腾挪,攻击技能应对1次后，回满状态，变为棋绮后。,66,97,35,67,53,100,418,,,否,棋棋（黑子）,黑子,,0.35~0.47,10.7~14.5,常见于山林、城堡周边,0.6,https://wiki.biligame.com/rocom/%E6%A3%8B%E6%A3%8B%EF%BC%88%E9%BB%91%E5%AD%90%EF%BC%89,https://patchwiki.biligame.com/images/rocom/3/36/n3n0ij7x5he8u1exjqbzpl0xaerzu2u.png,
286,189,10189,棋骑士,棋骑士（白子）,最终阶段,武,地,腾挪,攻击技能应对1次后，回满状态，变为棋绮后。,90,126,45,88,69,125,543,,,否,棋棋（白子）,白子,击败三次棋骑士（黑子）,0.98~1.35,43.06~60.09,常见于山林、城堡周边,0.6,https://wiki.biligame.com/rocom/%E6%A3%8B%E9%AA%91%E5%A3%AB%EF%BC%88%E7%99%BD%E5%AD%90%EF%BC%89,https://patchwiki.biligame.com/images/rocom/6/6c/8vu1ju9uu71aux8unhdyq9gcfw9if5p.png,
287,189,101891,棋骑士,棋骑士（黑子）,最终阶段,武,地,腾挪,攻击技能应对1次后，回满状态，变为棋绮后。,83,121,43,84,66,125,522,,,否,棋棋（黑子）,黑子,击败三次棋骑士（白子）,0.98~1.35,43.06~60.09,常见于山林、城堡周边,0.6,https://wiki.biligame.com/rocom/%E6%A3%8B%E9%AA%91%E5%A3%AB%EF%BC%88%E9%BB%91%E5%AD%90%EF%BC%89,https://patchwiki.biligame.com/images/rocom/2/28/opq7dnblmw29jx3r7l6mipn76vn336t.png,
288,190,10190,棋齐垒,棋齐垒（白子）,最终阶段,武,地,保卫,防御技能应对2次后，回满状态，变为棋绮后。,89,94,38,116,77,75,489,,,否,棋棋（白子）,白子,击败三次棋齐垒（黑子）,1.45~1.71,58.01~70.05,常见于山林、城堡周边,0.6,https://wiki.biligame.com/rocom/%E6%A3%8B%E9%BD%90%E5%9E%92%EF%BC%88%E7%99%BD%E5%AD%90%EF%BC%89,https://patchwiki.biligame.com/images/rocom/9/9d/7ysj4q3d5kvymcqo698ygpsbfzi5m7d.png,
289,190,101901,棋齐垒,棋齐垒（黑子）,最终阶段,武,地,保卫,防御技能应对2次后，回满状态，变为棋绮后。,89,94,38,116,77,75,489,,,否,棋棋（黑子）,黑子,击败三次棋齐垒（白子）,1.45~1.71,58.01~70.05,常见于山林、城堡周边,0.6,https://wiki.biligame.com/rocom/%E6%A3%8B%E9%BD%90%E5%9E%92%EF%BC%88%E9%BB%91%E5%AD%90%EF%BC%89,https://patchwiki.biligame.com/images/rocom/0/03/gry6dnq5puop6nts9jt2s699zmwnmr6.png,
290,191,10191,棋祈督,棋祈督（白子）,最终阶段,武,地,好象坏象,状态技能应对1次后，回满状态，变为棋绮后。,126,87,87,90,72,85,547,,,否,棋棋（白子）,白子,击败三次棋祈督（黑子）,0.98~1.35,38.07~47.05,常见于山林、城堡周边,0.6,https://wiki.biligame.com/rocom/%E6%A3%8B%E7%A5%88%E7%9D%A3%EF%BC%88%E7%99%BD%E5%AD%90%EF%BC%89,https://patchwiki.biligame.com/images/rocom/6/69/o85fkrungproeat6rco9guv5ptjw80t.png,
291,191,101911,棋祈督,棋祈督（黑子）,最终阶段,武,地,好象坏象,状态技能应对1次后，回满状态，变为棋绮后。,126,87,87,90,72,85,547,,,否,棋棋（黑子）,黑子,击败三次棋祈督（白子）,0.98~1.35,38.07~47.05,常见于山林、城堡周边,0.6,https://wiki.biligame.com/rocom/%E6%A3%8B%E7%A5%88%E7%9D%A3%EF%BC%88%E9%BB%91%E5%AD%90%EF%BC%89,https://patchwiki.biligame.com/images/rocom/2/21/e64yhkunfi95tvxumu4608o41ahk2v5.png,
292,192,101922,棋契陛下,棋契陛下,最终阶段,武,地,御驾亲征,棋契陛下大幅提升种族资质，力竭时扣除4魔力。,90,200,91,140,115,125,761,,,否,棋棋（白子）,,,1.77~2.04,122.05~175.2,常见于山林、城堡周边,0.6,https://wiki.biligame.com/rocom/%E6%A3%8B%E5%A5%91%E9%99%9B%E4%B8%8B,https://patchwiki.biligame.com/images/rocom/f/fa/ihoz48rv7tlsoh4um8m4f3fyvk0p56r.png,
293,192,10192,棋绮后,棋绮后（白子）,最终阶段,武,地,渗透,己方精灵每使用1次武系或地系技能，自己入场时获得攻防+5%。,93,84,84,82,75,90,508,,,否,棋棋（白子）,白子,击败三次棋绮后（黑子）,1.66~1.81,30.01~41.02,常见于山林、城堡周边,0.6,https://wiki.biligame.com/rocom/%E6%A3%8B%E7%BB%AE%E5%90%8E%EF%BC%88%E7%99%BD%E5%AD%90%EF%BC%89,https://patchwiki.biligame.com/images/rocom/3/34/9sv0ivcdr9sp5dkfk9miyjnqhf60di8.png,
294,192,101921,棋绮后,棋绮后（黑子）,最终阶段,武,地,渗透,己方精灵每使用1次武系或地系技能，自己入场时获得攻防+5%。,93,84,84,82,75,90,508,,,否,棋棋（黑子）,黑子,击败三次棋绮后（白子）,1.66~1.81,30.01~41.02,常见于山林、城堡周边,0.6,https://wiki.biligame.com/rocom/%E6%A3%8B%E7%BB%AE%E5%90%8E%EF%BC%88%E9%BB%91%E5%AD%90%EF%BC%89,https://patchwiki.biligame.com/images/rocom/2/22/fdve9gnonlwl0zywy7n4r1tf0kr3ehr.png,
295,193,10193,奔波鼠,奔波鼠,Ⅰ阶,地,,奔波命,使用防御技能后，回合结束时脱离。,72,37,93,67,90,92,451,,,否,奔波鼠,,,0.46~0.6,3.71~6.4,偶见于城镇,0.6,https://wiki.biligame.com/rocom/%E5%A5%94%E6%B3%A2%E9%BC%A0,https://patchwiki.biligame.com/images/rocom/d/d0/qc6wa2f2bpo8uv28uf5hmgw5lmy3evv.png,
296,194,10194,流浪鼠,流浪鼠,最终阶段,地,,奔波命,使用防御技能后，回合结束时脱离。,90,46,116,84,112,115,563,,,否,奔波鼠,,挖矿3次,0.88~1.23,59.6~74.3,偶见于城镇,0.6,https://wiki.biligame.com/rocom/%E6%B5%81%E6%B5%AA%E9%BC%A0,https://patchwiki.biligame.com/images/rocom/e/e7/1ewnn289ny2ksdz247u2i3ytq7xnv03.png,
297,195,10195,呆小路,呆小路,Ⅰ阶,草,萌,营养液泡,获得增益时，额外获得层数+2。,52,60,64,68,79,57,380,,,否,呆小路,,,0.58~0.83,4.5~5.8,常见于草地、山林,0.6,https://wiki.biligame.com/rocom/%E5%91%86%E5%B0%8F%E8%B7%AF,https://patchwiki.biligame.com/images/rocom/b/be/4zu0yqt23bt4cva2bswky1q5ivje1tw.png,
298,196,10196,舞动路路,舞动路路,Ⅱ阶,草,萌,营养液泡,获得增益时，额外获得层数+2。,69,80,86,91,105,76,507,,,否,呆小路,,,0.69~0.99,7.4~9.1,常见于草地、山林,0.6,https://wiki.biligame.com/rocom/%E8%88%9E%E5%8A%A8%E8%B7%AF%E8%B7%AF,https://patchwiki.biligame.com/images/rocom/5/5b/plclzvr15shbkq90l2yrk23783kh3e7.png,
299,197,10197,白发路路,白发路路,最终阶段,草,萌,营养液泡,获得增益时，额外获得层数+2。,86,100,107,113,132,95,633,,,否,呆小路,,,0.89~1.27,15.5~21.6,常见于草地、山林,0.6,https://wiki.biligame.com/rocom/%E7%99%BD%E5%8F%91%E8%B7%AF%E8%B7%AF,https://patchwiki.biligame.com/images/rocom/9/9a/hx21iweu65ojmeo4ws3ucpbsngknrv9.png,
300,198,10198,逗逗,逗逗,Ⅰ阶,萌,,鼓气,使用能耗为3的技能时，获得攻防+20%。,48,70,64,68,68,66,384,,,否,逗逗,,,0.3~0.4,0.45~1.53,常见于山地,0.6,https://wiki.biligame.com/rocom/%E9%80%97%E9%80%97,https://patchwiki.biligame.com/images/rocom/2/27/5mkpc1wb4947ua7m9efws2u0sdgfgvq.png,
301,199,10199,气球猫,气球猫,Ⅱ阶,萌,,鼓气,使用能耗为3的技能时，获得攻防+20%。,64,93,86,90,90,88,511,,,否,逗逗,,,0.41~0.59,0.95~2.15,常见于山地,0.6,https://wiki.biligame.com/rocom/%E6%B0%94%E7%90%83%E7%8C%AB,https://patchwiki.biligame.com/images/rocom/3/31/rt7jxpcoc6msmzccuxw2vlait3poir9.png,
302,200,102001,奇梦咪,奇梦咪,最终阶段,萌,,三鼓作气,使用能耗为3的技能时，获得攻防永久+20%。,81,128,119,123,123,110,684,,,否,逗逗,,,2.29~2.75,38.7~55,常见于山地,0.6,https://wiki.biligame.com/rocom/%E5%A5%87%E6%A2%A6%E5%92%AA,https://patchwiki.biligame.com/images/rocom/2/2f/avu0fx5ey1z75o1j6o9bnbqle8lxy2b.png,
303,200,10200,梦想三三,梦想三三,最终阶段,萌,,鼓气,使用能耗为3的技能时，获得攻防+20%。,81,117,107,113,113,110,641,,,否,逗逗,,,1.18~1.45,12.04~19.04,常见于山地,0.6,https://wiki.biligame.com/rocom/%E6%A2%A6%E6%83%B3%E4%B8%89%E4%B8%89,https://patchwiki.biligame.com/images/rocom/a/a5/embzuzv9e1h1sp3btykrnthnsvqzwwh.png,
304,201,10201,花怨鳗,花怨鳗,Ⅰ阶,地,草,铃兰晚钟,首次入场时，失去自己一半的当前生命。,232,73,73,110,90,52,630,,,否,花怨鳗,,,0.58~0.68,2.9~4,常见于田地、河岸,0.6,https://wiki.biligame.com/rocom/%E8%8A%B1%E6%80%A8%E9%B3%97,https://patchwiki.biligame.com/images/rocom/0/02/167gulpq7gmilrurzc4r0yattm4ai8z.png,
305,202,10202,鳗尾兽,鳗尾兽,最终阶段,地,草,铃兰晚钟,首次入场时，失去自己一半的当前生命。,290,91,91,138,113,65,788,,,否,花怨鳗,,,0.79~0.92,19.8~36.5,常见于田地、河岸,0.6,https://wiki.biligame.com/rocom/%E9%B3%97%E5%B0%BE%E5%85%BD,https://patchwiki.biligame.com/images/rocom/d/dd/74c75nqv3qyl9jwto5rvywya5suqd2d.png,
306,203,10203,伊雷龙,伊雷龙,Ⅰ阶,龙,,嫉妒,蓄力状态下，可以使用任一携带技能。,90,73,152,55,79,72,521,,,否,伊雷龙,,,0.72~0.94,27.2~34,行踪神秘,0.6,https://wiki.biligame.com/rocom/%E4%BC%8A%E9%9B%B7%E9%BE%99,https://patchwiki.biligame.com/images/rocom/6/66/iq3mle7m6g6cwmo5u0xh5afcf6fzsmd.png,
307,204,10204,伊兰亚龙,伊兰亚龙,最终阶段,龙,,嫉妒,蓄力状态下，可以使用任一携带技能。,112,91,190,69,99,90,651,,,否,伊雷龙,,,3.65~4,168~195,行踪神秘,0.6,https://wiki.biligame.com/rocom/%E4%BC%8A%E5%85%B0%E4%BA%9A%E9%BE%99,https://patchwiki.biligame.com/images/rocom/d/df/o0eh3mugruyhxfjm57xlzjqq4y1hki3.png,
308,204,102041,伊兰龙,伊兰龙,最终阶段,龙,,游弋,蓄力时可使用任一携带技能，且获得双防+100%。,112,91,190,69,99,90,651,,,否,伊雷龙,,,5.5~7,228~342,行踪神秘,0.6,https://wiki.biligame.com/rocom/%E4%BC%8A%E5%85%B0%E9%BE%99,https://patchwiki.biligame.com/images/rocom/0/01/l6x36cg23ukq4oqounv006bosvwuhsd.png,
309,205,10205,拉特,拉特,Ⅰ阶,电,,噼啪！,入场后首次行动，所选技能使用次数+1。,67,80,80,62,78,100,467,,,是,拉特,,,0.49~0.61,7.7~8.6,常见于山林,0.6,https://wiki.biligame.com/rocom/%E6%8B%89%E7%89%B9,https://patchwiki.biligame.com/images/rocom/a/a1/4pqv1u751dss8ff0u87y747ot29b4m9.png,
310,206,10206,酷拉,酷拉,最终阶段,电,,噼啪！,入场后首次行动，所选技能使用次数+1。,83,100,100,78,97,125,583,,,是,拉特,,,0.99~1.24,19.5~23.5,常见于山林,0.6,https://wiki.biligame.com/rocom/%E9%85%B7%E6%8B%89,https://patchwiki.biligame.com/images/rocom/8/8e/f72t0l1mbisw4ehkivz7pdpbcqkosus.png,
311,207,10207,闪电环,闪电环,Ⅰ阶,电,,防过载保护,每次行动后脱离。,64,49,49,51,50,72,335,,,否,闪电环,,,0.37~0.46,2.4~3.1,常见于山林,0.6,https://wiki.biligame.com/rocom/%E9%97%AA%E7%94%B5%E7%8E%AF,https://patchwiki.biligame.com/images/rocom/b/b8/o9no3jygnit09u4bsn3o7ezrji62524.png,
312,208,10208,刺电环,刺电环,Ⅱ阶,电,,防过载保护,每次行动后脱离。,85,65,65,68,67,96,446,,,否,闪电环,,,0.58~0.73,10.16~16.74,常见于山林,0.6,https://wiki.biligame.com/rocom/%E5%88%BA%E7%94%B5%E7%8E%AF,https://patchwiki.biligame.com/images/rocom/6/6e/3alwgp99gzkftk2qf4l1khkrfduszql.png,
313,209,10209,荆棘电环,荆棘电环,最终阶段,电,,防过载保护,每次行动后脱离。,106,81,81,85,84,120,557,,,否,闪电环,,,0.78~0.98,29.5~34.3,常见于山林,0.6,https://wiki.biligame.com/rocom/%E8%8D%86%E6%A3%98%E7%94%B5%E7%8E%AF,https://patchwiki.biligame.com/images/rocom/5/57/jpk5furnkwy92gmzsrbhmlk1i6tok09.png,
314,210,10210,小箱怪,小箱怪,Ⅰ阶,机械,幻,虚假宝箱,自己力竭时，敌方获得攻防+20%。,111,103,103,122,122,64,625,,,否,小箱怪,,,0.34~0.46,4.45~6.81,行踪神秘,0.6,https://wiki.biligame.com/rocom/%E5%B0%8F%E7%AE%B1%E6%80%AA,https://patchwiki.biligame.com/images/rocom/0/0a/ocy3pzt2cn0mmx85cm8is2ulwy8s2ii.png,
315,211,10211,迷迷箱怪,迷迷箱怪,最终阶段,机械,幻,虚假宝箱,自己力竭时，敌方获得攻防+20%。,138,129,129,153,153,80,782,,,否,小箱怪,,,0.64~0.72,18.02~24.4,行踪神秘,0.6,https://wiki.biligame.com/rocom/%E8%BF%B7%E8%BF%B7%E7%AE%B1%E6%80%AA,https://patchwiki.biligame.com/images/rocom/0/01/g7z9d41f10oqqtxn42417tov8gcg4bo.png,
316,212,,古钟蛇,古钟蛇,Ⅰ阶,萌,,拨浪鼓,己方精灵每使用1次状态技能，自己入场时毒系和萌系技能威力+10。,85,63,63,64,91,80,446,,,,古钟蛇,,,0.95-1.10,6.90-7.80,,0.1,https://wiki.biligame.com/rocom/%E5%8F%A4%E9%92%9F%E8%9B%87,https://patchwiki.biligame.com/images/rocom/1/16/hix4wlbyi39s3zqqpruq1n8z6rg7sc0.png,
317,212,102121,古钟蛇,古钟蛇（本命年的样子）,最终阶段,萌,毒,拨浪鼓,己方精灵每使用1次状态技能，自己入场时毒系和萌系技能威力+10。,0,0,0,0,0,0,0,,,,古钟蛇（本命年的样子）,本命年的样子,,,,,0.2,https://wiki.biligame.com/rocom/%E5%8F%A4%E9%92%9F%E8%9B%87%EF%BC%88%E6%9C%AC%E5%91%BD%E5%B9%B4%E7%9A%84%E6%A0%B7%E5%AD%90%EF%BC%89,https://patchwiki.biligame.com/images/rocom/2/29/92ctyiwyp22v61ftupu4836hao5y4fa.png,
318,212,10212,古钟蛇,古钟蛇（本来的样子）,Ⅰ阶,萌,毒,拨浪鼓,己方精灵每使用1次状态技能，自己入场时毒系和萌系技能威力+10。,85,63,63,64,91,80,446,,,否,古钟蛇（本来的样子）,本来的样子,,0.95~1.1,6.9~7.8,常见于草地,0.6,https://wiki.biligame.com/rocom/%E5%8F%A4%E9%92%9F%E8%9B%87%EF%BC%88%E6%9C%AC%E6%9D%A5%E7%9A%84%E6%A0%B7%E5%AD%90%EF%BC%89,https://patchwiki.biligame.com/images/rocom/1/16/hix4wlbyi39s3zqqpruq1n8z6rg7sc0.png,
319,213,,寒音蛇,寒音蛇,Ⅱ阶,萌,,拨浪鼓,己方精灵每使用1次状态技能，自己入场时毒系和萌系技能威力+10。,106,79,79,80,114,100,558,,,,古钟蛇,,,1.85-2.00,65.00-78.00,,0.1,https://wiki.biligame.com/rocom/%E5%AF%92%E9%9F%B3%E8%9B%87,https://patchwiki.biligame.com/images/rocom/6/62/s7z7xqjuvepavmh17l1pg1pme8559na.png,
320,213,102131,寒音蛇,寒音蛇（本命年的样子）,最终阶段,萌,毒,拨浪鼓,己方精灵每使用1次状态技能，自己入场时毒系和萌系技能威力+10。,0,0,0,0,0,0,0,,,,古钟蛇（本命年的样子）,本命年的样子,,,,,0.2,https://wiki.biligame.com/rocom/%E5%AF%92%E9%9F%B3%E8%9B%87%EF%BC%88%E6%9C%AC%E5%91%BD%E5%B9%B4%E7%9A%84%E6%A0%B7%E5%AD%90%EF%BC%89,https://patchwiki.biligame.com/images/rocom/8/88/h5wobros8r6a1fxi8ytpo4v2fgxgkjz.png,
321,213,10213,寒音蛇,寒音蛇（本来的样子）,最终阶段,萌,毒,拨浪鼓,己方精灵每使用1次状态技能，自己入场时毒系和萌系技能威力+10。,106,79,79,80,114,100,558,,,否,古钟蛇（本来的样子）,本来的样子,,1.85~2,65~78,常见于草地,0.6,https://wiki.biligame.com/rocom/%E5%AF%92%E9%9F%B3%E8%9B%87%EF%BC%88%E6%9C%AC%E6%9D%A5%E7%9A%84%E6%A0%B7%E5%AD%90%EF%BC%89,https://patchwiki.biligame.com/images/rocom/9/9b/pij7rej26vdekdc90n4xaep64r1011l.png,
322,214,10214,矮脚爬爬,矮脚爬爬,Ⅰ阶,虫,,振奋虫心,主动击败敌方后，己方队伍获得5次随机奉献。,80,117,110,74,59,92,532,,,否,矮脚爬爬,,,0.28~0.44,3.3~4.2,常见于山地,0.6,https://wiki.biligame.com/rocom/%E7%9F%AE%E8%84%9A%E7%88%AC%E7%88%AC,https://patchwiki.biligame.com/images/rocom/4/4f/40765c203k2jjtugv9tbciczhr4jmxv.png,
323,215,10215,恶魔红钻,恶魔红钻,最终阶段,虫,恶,振奋虫心,主动击败敌方后，己方队伍获得5次随机奉献。,100,147,137,93,74,115,666,,,否,矮脚爬爬,,,1.32~1.55,42.5~62,常见于山地,0.6,https://wiki.biligame.com/rocom/%E6%81%B6%E9%AD%94%E7%BA%A2%E9%92%BB,https://patchwiki.biligame.com/images/rocom/1/14/ow13sxw8jyv8sq7bhtvxn7yjl8mo88m.png,
324,216,10216,火尾瓦特,火尾瓦特,Ⅰ阶,火,,蒸汽膨胀,己方精灵每使用1次火系技能，自己入场时获得全技能威力+10。,63,70,29,81,56,39,338,,,否,火尾瓦特,,,0.64~0.92,18.5~21.2,常见于山林,0.6,https://wiki.biligame.com/rocom/%E7%81%AB%E5%B0%BE%E7%93%A6%E7%89%B9,https://patchwiki.biligame.com/images/rocom/1/1d/9mmja7l04ln5fe2fn5dhql2nrh0tq4f.png,
325,217,10217,火尾战士,火尾战士,Ⅱ阶,火,,蒸汽膨胀,己方精灵每使用1次火系技能，自己入场时获得全技能威力+10。,84,94,39,108,74,52,451,,,否,火尾瓦特,,,0.76~1.09,48.5~58.6,常见于山林,0.6,https://wiki.biligame.com/rocom/%E7%81%AB%E5%B0%BE%E6%88%98%E5%A3%AB,https://patchwiki.biligame.com/images/rocom/2/27/b2edc64erww7plxlp97ex8cc31jtsku.png,
326,218,10218,烈火守护,烈火守护,最终阶段,火,,蒸汽膨胀,己方精灵每使用1次火系技能，自己入场时获得全技能威力+10。,105,117,49,135,93,65,564,,,否,火尾瓦特,,,0.99~1.42,76.5~87.5,常见于山林,0.6,https://wiki.biligame.com/rocom/%E7%83%88%E7%81%AB%E5%AE%88%E6%8A%A4,https://patchwiki.biligame.com/images/rocom/3/36/8wp59h53ob7gllbz8yewg91ppibly6x.png,
327,219,10219,里拉鳐,里拉鳐,最终阶段,水,,吟游之弦,赋予的印记不会替换其他印记，而是同时生效。,118,82,89,103,147,105,644,,,否,里拉鳐,,,0.94~1.1,38.6~49.5,常见于海面,0.6,https://wiki.biligame.com/rocom/%E9%87%8C%E6%8B%89%E9%B3%90,https://patchwiki.biligame.com/images/rocom/8/80/13gxjtrh4mt3mhyoc1is69gz7vfm3tv.png,
328,220,102201,海枝枝,海枝枝（杏黄百合）,最终阶段,水,幽,珊瑚骨,敌方精灵离场时，自己获得全技能能耗-3。,91,48,125,104,129,110,607,,,否,海枝枝（杏黄百合）,杏黄百合,,0.75~0.85,3.51~6.82,常见于海面,0.6,https://wiki.biligame.com/rocom/%E6%B5%B7%E6%9E%9D%E6%9E%9D%EF%BC%88%E6%9D%8F%E9%BB%84%E7%99%BE%E5%90%88%EF%BC%89,https://patchwiki.biligame.com/images/rocom/2/2c/d3tckjycxkj2wymb771d4k0nofe9axy.png,
329,220,102202,海枝枝,海枝枝（洋红沙丁）,最终阶段,水,幽,珊瑚骨,敌方精灵离场时，自己获得全技能能耗-3。,97,62,136,84,121,110,610,,,否,海枝枝（洋红沙丁）,洋红沙丁,,0.75~0.85,3.51~6.82,常见于海面,0.6,https://wiki.biligame.com/rocom/%E6%B5%B7%E6%9E%9D%E6%9E%9D%EF%BC%88%E6%B4%8B%E7%BA%A2%E6%B2%99%E4%B8%81%EF%BC%89,https://patchwiki.biligame.com/images/rocom/d/d0/mkug3arsv93oibilcf93wgiksue32zw.png,
330,220,10220,海枝枝,海枝枝（碧蓝珊瑚）,最终阶段,水,幽,珊瑚骨,敌方精灵离场时，自己获得全技能能耗-3。,78,58,148,96,120,110,610,,,否,海枝枝（碧蓝珊瑚）,碧蓝珊瑚,,0.75~0.85,3.51~6.82,常见于海面,0.6,https://wiki.biligame.com/rocom/%E6%B5%B7%E6%9E%9D%E6%9E%9D%EF%BC%88%E7%A2%A7%E8%93%9D%E7%8F%8A%E7%91%9A%EF%BC%89,https://patchwiki.biligame.com/images/rocom/5/5b/efwbtnaynmpx9y85y1obfzoch17c5do.png,
331,220,102203,海枝枝,海枝枝（翠绿纶布）,最终阶段,水,幽,珊瑚骨,敌方精灵离场时，自己获得全技能能耗-3。,90,53,135,92,113,120,603,,,否,海枝枝（翠绿纶布）,翠绿纶布,,0.75~0.85,3.51~6.82,常见于海面,0.6,https://wiki.biligame.com/rocom/%E6%B5%B7%E6%9E%9D%E6%9E%9D%EF%BC%88%E7%BF%A0%E7%BB%BF%E7%BA%B6%E5%B8%83%EF%BC%89,https://patchwiki.biligame.com/images/rocom/a/a9/dd80pj056tbluqzzq0n70g3m3ty1y7a.png,
332,221,10221,多西,多西,Ⅰ阶,机械,地,定向精炼,己方精灵每使用1次防御技能，自己入场时机械系和地面系技能威力+10%。,64,73,26,82,70,30,345,,,否,多西,,,0.65~0.94,5.7~7.1,行踪神秘,0.6,https://wiki.biligame.com/rocom/%E5%A4%9A%E8%A5%BF,https://patchwiki.biligame.com/images/rocom/9/94/hsqyxfmg0p0gz8s36uzb1b7ldd6etb1.png,
333,222,10222,库多西,库多西,Ⅱ阶,机械,地,定向精炼,己方精灵每使用1次防御技能，自己入场时机械系和地面系技能威力+10%。,85,98,34,109,93,40,459,,,否,多西,,,0.99~1.42,115.8~175.02,行踪神秘,0.6,https://wiki.biligame.com/rocom/%E5%BA%93%E5%A4%9A%E8%A5%BF,https://patchwiki.biligame.com/images/rocom/3/32/dfflnxnm50nqc08865hk3xkx7bgn2hj.png,
334,223,10223,波多西,波多西,最终阶段,机械,地,定向精炼,己方精灵每使用1次防御技能，自己入场时机械系和地面系技能威力+10%。,106,122,43,136,116,50,573,,,否,多西,,,1.43~2.05,265~295,行踪神秘,0.6,https://wiki.biligame.com/rocom/%E6%B3%A2%E5%A4%9A%E8%A5%BF,https://patchwiki.biligame.com/images/rocom/9/9b/hxurck559b80j25wgnn3rnydhoupa4z.png,
335,224,10224,小翼龙,小翼龙,Ⅰ阶,龙,翼,暴食,携带的龙系技能获得迅捷。,66,91,24,73,63,92,409,,,否,小翼龙,,,0.61~0.87,25.1~36.5,行踪神秘,0.6,https://wiki.biligame.com/rocom/%E5%B0%8F%E7%BF%BC%E9%BE%99,https://patchwiki.biligame.com/images/rocom/1/18/4gm8dv39vje80wb9f9ri66pmdmb5zzw.png,
336,225,10225,翼龙,翼龙,最终阶段,龙,翼,暴食,携带的龙系技能获得迅捷。,83,114,31,91,79,115,513,,,否,小翼龙,,,1.79~1.99,240~265,行踪神秘,0.6,https://wiki.biligame.com/rocom/%E7%BF%BC%E9%BE%99,https://patchwiki.biligame.com/images/rocom/5/55/bb3dr6l4zb07mt2rpg6euok2j54m82n.png,
337,226,10226,电动长颈鹿,电动长颈鹿,Ⅰ阶,电,,蓄电池,每入场1次，永久获得双攻+20%。,55,59,20,65,47,72,318,,,否,电动长颈鹿,,,0.7~1,29.8~36.8,常见于山地,0.6,https://wiki.biligame.com/rocom/%E7%94%B5%E5%8A%A8%E9%95%BF%E9%A2%88%E9%B9%BF,https://patchwiki.biligame.com/images/rocom/9/95/hf6exuai3em02ggnvi6068tatwsg1co.png,
338,227,10227,奔乐鹿,奔乐鹿,Ⅱ阶,电,,蓄电池,每入场1次，永久获得双攻+20%。,73,79,27,86,63,96,424,,,否,电动长颈鹿,,,0.85~1.22,68~77.5,常见于山地,0.6,https://wiki.biligame.com/rocom/%E5%A5%94%E4%B9%90%E9%B9%BF,https://patchwiki.biligame.com/images/rocom/3/38/2ggk766trhcl4o1ubr9f26mtv4l32y2.png,
339,228,102281,波普鹿,波普鹿,最终阶段,电,,超级电池,每入场1次，获得双攻永久+30%。,92,99,34,108,79,120,532,,,否,电动长颈鹿,,,3.3~3.72,210.5~300,常见于山地,0.6,https://wiki.biligame.com/rocom/%E6%B3%A2%E6%99%AE%E9%B9%BF,https://patchwiki.biligame.com/images/rocom/7/71/2javy6283hb35gerbth2ddfy8begopj.png,
340,228,10228,爵士鹿,爵士鹿,最终阶段,电,,蓄电池,每入场1次，永久获得双攻+20%。,92,99,34,108,79,120,532,,,否,电动长颈鹿,,,1.38~1.98,135~185.06,常见于山地,0.6,https://wiki.biligame.com/rocom/%E7%88%B5%E5%A3%AB%E9%B9%BF,https://patchwiki.biligame.com/images/rocom/a/a6/jcxy6nsrryijb047juj3qhxe55oi58z.png,
341,229,10229,缇塔,缇塔,Ⅰ阶,机械,,向心力,1号位和2号位技能获得传动1和威力+30。,73,99,38,98,74,72,454,,,否,缇塔,,,0.65~0.75,38.2~45.2,常见于城镇周边,0.6,https://wiki.biligame.com/rocom/%E7%BC%87%E5%A1%94,https://patchwiki.biligame.com/images/rocom/3/3a/lhlbu3zg39lvfpso57ww4iks9u2snxm.png,
342,230,10230,声波缇塔,声波缇塔,最终阶段,机械,,向心力,1号位和2号位技能获得传动1和威力+30。,92,124,48,122,92,90,568,,,否,缇塔,,,1.05~1.2,71.5~78.5,常见于城镇周边,0.6,https://wiki.biligame.com/rocom/%E5%A3%B0%E6%B3%A2%E7%BC%87%E5%A1%94,https://patchwiki.biligame.com/images/rocom/7/74/4k4r9jprm32qjya3epducxn4m8q79al.png,
343,231,10231,小鹬,小鹬,Ⅰ阶,翼,,起飞加速,本场战斗首次使用的技能获得迅捷。,56,38,38,67,52,69,320,,,否,小鹬,,,0.25~0.36,1.4~2.2,常见于沙地,0.6,https://wiki.biligame.com/rocom/%E5%B0%8F%E9%B9%AC,https://patchwiki.biligame.com/images/rocom/6/63/f0h0ppr6wbkwlg961g5mnqenog6ai1j.png,
344,232,10232,鄙目鹬,鄙目鹬,Ⅱ阶,翼,,起飞加速,本场战斗首次使用的技能获得迅捷。,75,51,51,90,70,92,429,,,否,小鹬,,,0.67~0.96,6.75~8.9,常见于沙地,0.6,https://wiki.biligame.com/rocom/%E9%84%99%E7%9B%AE%E9%B9%AC,https://patchwiki.biligame.com/images/rocom/0/06/sufpzi1hnwdcjr06orzhbmb9zkfve3p.png,
345,233,10233,高脚鹬,高脚鹬,最终阶段,翼,,起飞加速,本场战斗首次使用的技能获得迅捷。,94,63,63,112,87,115,534,,,否,小鹬,,,0.81~1.16,18~24.91,常见于沙地,0.6,https://wiki.biligame.com/rocom/%E9%AB%98%E8%84%9A%E9%B9%AC,https://patchwiki.biligame.com/images/rocom/b/b5/3wf0lz4sibzzvc7xc2c9t5c7oyyg4m4.png,
346,234,10234,脆筒甜甜,脆筒甜甜,Ⅰ阶,冰,,加个雪球,使敌方获得冻结时，也会使其获得2层冻结。,72,67,72,42,55,60,368,,,否,脆筒甜甜,,,0.3~0.4,1.8~3.8,常见于城镇周边,0.6,https://wiki.biligame.com/rocom/%E8%84%86%E7%AD%92%E7%94%9C%E7%94%9C,https://patchwiki.biligame.com/images/rocom/9/99/hkgrj5vqlslmwxcq1hw8rkaoijy2wc9.png,
347,235,10235,香草甜甜,香草甜甜,Ⅱ阶,冰,,加个雪球,使敌方获得冻结时，也会使其获得2层冻结。,96,90,95,56,74,80,491,,,否,脆筒甜甜,,,0.4~0.6,5.15~7.8,常见于城镇周边,0.6,https://wiki.biligame.com/rocom/%E9%A6%99%E8%8D%89%E7%94%9C%E7%94%9C,https://patchwiki.biligame.com/images/rocom/a/ab/3dmpl7qddfrhwbooues79boe1ndw1en.png,
348,235,102351,香草甜甜,香草甜甜（杨桃饰品）,最终阶段,冰,,加个雪球,使敌方获得冻结时，也会使其获得2层冻结。,88,92,96,58,77,80,491,,,否,脆筒甜甜,杨桃饰品,,0.4~0.6,5.15~7.8,常见于城镇周边,0.6,https://wiki.biligame.com/rocom/%E9%A6%99%E8%8D%89%E7%94%9C%E7%94%9C%EF%BC%88%E6%9D%A8%E6%A1%83%E9%A5%B0%E5%93%81%EF%BC%89,https://patchwiki.biligame.com/images/rocom/4/41/ananedvjf1hsfpgoep6oe4f537f4aw4.png,
349,235,102352,香草甜甜,香草甜甜（蓝莓饰品）,Ⅱ阶,冰,,加个雪球,使敌方获得冻结时，也会使其获得2层冻结。,91,94,88,63,74,80,490,,,否,脆筒甜甜,蓝莓饰品,,0.4~0.6,5.15~7.8,常见于城镇周边,0.6,https://wiki.biligame.com/rocom/%E9%A6%99%E8%8D%89%E7%94%9C%E7%94%9C%EF%BC%88%E8%93%9D%E8%8E%93%E9%A5%B0%E5%93%81%EF%BC%89,https://patchwiki.biligame.com/images/rocom/e/e6/iury4c9evtz8q5q7dlcejsj7aghbqq0.png,
350,236,10236,圣代甜甜,圣代甜甜,最终阶段,冰,,加个雪球,使敌方获得冻结时，也会使其获得2层冻结。,119,112,119,70,92,100,612,,,否,脆筒甜甜,,,0.7~1,16.5~22.75,常见于城镇周边,0.6,https://wiki.biligame.com/rocom/%E5%9C%A3%E4%BB%A3%E7%94%9C%E7%94%9C,https://patchwiki.biligame.com/images/rocom/c/ca/73y6hx9ejbcli53vysobr9g1wty7utz.png,
351,236,102366,圣代甜甜,圣代甜甜（杨桃巧克力口味）,最终阶段,冰,,加个雪球,使敌方获得冻结时，也会使其获得2层冻结。,110,116,120,73,96,100,615,,,否,脆筒甜甜,杨桃巧克力口味,,0.7~1,16.5~22.75,常见于城镇周边,0.6,https://wiki.biligame.com/rocom/%E5%9C%A3%E4%BB%A3%E7%94%9C%E7%94%9C%EF%BC%88%E6%9D%A8%E6%A1%83%E5%B7%A7%E5%85%8B%E5%8A%9B%E5%8F%A3%E5%91%B3%EF%BC%89,https://patchwiki.biligame.com/images/rocom/2/29/t7h3kh0kxojtjq96942lz3ogfu3vp3h.png,
352,236,102368,圣代甜甜,圣代甜甜（杨桃抹茶口味）,最终阶段,冰,,加个雪球,使敌方获得冻结时，也会使其获得2层冻结。,110,107,110,82,96,105,610,,,否,脆筒甜甜,杨桃抹茶口味,,0.7~1,16.5~22.75,常见于城镇周边,0.6,https://wiki.biligame.com/rocom/%E5%9C%A3%E4%BB%A3%E7%94%9C%E7%94%9C%EF%BC%88%E6%9D%A8%E6%A1%83%E6%8A%B9%E8%8C%B6%E5%8F%A3%E5%91%B3%EF%BC%89,https://patchwiki.biligame.com/images/rocom/3/3d/70pziam7w90ngwk40cu163okgk3isem.png,
353,236,102367,圣代甜甜,圣代甜甜（杨桃草莓口味）,最终阶段,冰,,加个雪球,使敌方获得冻结时，也会使其获得2层冻结。,108,110,110,84,99,100,611,,,否,脆筒甜甜,杨桃草莓口味,,0.7~1,16.5~22.75,常见于城镇周边,0.6,https://wiki.biligame.com/rocom/%E5%9C%A3%E4%BB%A3%E7%94%9C%E7%94%9C%EF%BC%88%E6%9D%A8%E6%A1%83%E8%8D%89%E8%8E%93%E5%8F%A3%E5%91%B3%EF%BC%89,https://patchwiki.biligame.com/images/rocom/2/2f/mzdnvfoudyx442h7ztaxlgo4upbb17c.png,
354,236,102362,圣代甜甜,圣代甜甜（樱桃抹茶口味）,最终阶段,冰,,加个雪球,使敌方获得冻结时，也会使其获得2层冻结。,113,112,110,79,92,105,611,,,否,脆筒甜甜,樱桃抹茶口味,,0.7~1,16.5~22.75,常见于城镇周边,0.6,https://wiki.biligame.com/rocom/%E5%9C%A3%E4%BB%A3%E7%94%9C%E7%94%9C%EF%BC%88%E6%A8%B1%E6%A1%83%E6%8A%B9%E8%8C%B6%E5%8F%A3%E5%91%B3%EF%BC%89,https://patchwiki.biligame.com/images/rocom/f/f0/hto166e5pdv3us1t7ag7x24h1s487xe.png,
355,236,102361,圣代甜甜,圣代甜甜（樱桃草莓口味）,最终阶段,冰,,加个雪球,使敌方获得冻结时，也会使其获得2层冻结。,107,120,110,81,96,100,614,,,否,脆筒甜甜,樱桃草莓口味,,0.7~1,16.5~22.75,常见于城镇周边,0.6,https://wiki.biligame.com/rocom/%E5%9C%A3%E4%BB%A3%E7%94%9C%E7%94%9C%EF%BC%88%E6%A8%B1%E6%A1%83%E8%8D%89%E8%8E%93%E5%8F%A3%E5%91%B3%EF%BC%89,https://patchwiki.biligame.com/images/rocom/8/85/pcqrzberxe27iicgvc9bl23otpoolrs.png,
356,236,102363,圣代甜甜,圣代甜甜（蓝莓巧克力口味）,最终阶段,冰,,加个雪球,使敌方获得冻结时，也会使其获得2层冻结。,114,117,110,79,92,100,612,,,否,脆筒甜甜,蓝莓巧克力口味,,0.7~1,16.5~22.75,常见于城镇周边,0.6,https://wiki.biligame.com/rocom/%E5%9C%A3%E4%BB%A3%E7%94%9C%E7%94%9C%EF%BC%88%E8%93%9D%E8%8E%93%E5%B7%A7%E5%85%8B%E5%8A%9B%E5%8F%A3%E5%91%B3%EF%BC%89,https://patchwiki.biligame.com/images/rocom/1/15/ef3afe21zib84vovuamb6hlni2irvt5.png,
357,236,102365,圣代甜甜,圣代甜甜（蓝莓抹茶口味）,最终阶段,冰,,加个雪球,使敌方获得冻结时，也会使其获得2层冻结。,121,100,101,86,92,105,605,,,否,脆筒甜甜,蓝莓抹茶口味,,0.7~1,16.5~22.75,常见于城镇周边,0.6,https://wiki.biligame.com/rocom/%E5%9C%A3%E4%BB%A3%E7%94%9C%E7%94%9C%EF%BC%88%E8%93%9D%E8%8E%93%E6%8A%B9%E8%8C%B6%E5%8F%A3%E5%91%B3%EF%BC%89,https://patchwiki.biligame.com/images/rocom/4/42/mzd3m01yz5ciweqw38n7rm0dw8y6xfc.png,
358,236,102364,圣代甜甜,圣代甜甜（蓝莓草莓口味）,最终阶段,冰,,加个雪球,使敌方获得冻结时，也会使其获得2层冻结。,113,109,100,90,96,100,608,,,否,脆筒甜甜,蓝莓草莓口味,,0.7~1,16.5~22.75,常见于城镇周边,0.6,https://wiki.biligame.com/rocom/%E5%9C%A3%E4%BB%A3%E7%94%9C%E7%94%9C%EF%BC%88%E8%93%9D%E8%8E%93%E8%8D%89%E8%8E%93%E5%8F%A3%E5%91%B3%EF%BC%89,https://patchwiki.biligame.com/images/rocom/0/08/t5b7gjd30dl60kiol7vg813wvxtug3i.png,
359,237,102371,刺轮砣,刺轮砣（上弦的样子）,最终阶段,毒,萌,耐活王,敌方受到中毒效果伤害时，自己回复等量生命。,100,80,78,80,65,84,487,,,否,刺轮砣（上弦的样子）,上弦的样子,,0.18~0.31,2.7~4,常见于海面,0.6,https://wiki.biligame.com/rocom/%E5%88%BA%E8%BD%AE%E7%A0%A3%EF%BC%88%E4%B8%8A%E5%BC%A6%E7%9A%84%E6%A0%B7%E5%AD%90%EF%BC%89,https://patchwiki.biligame.com/images/rocom/2/20/2xrf1upw8x8qbmtj94s02yesvzter32.png,
360,237,10237,刺轮砣,刺轮砣（下弦的样子）,Ⅰ阶,毒,萌,耐活王,敌方受到中毒效果伤害时，自己回复等量生命。,100,78,80,65,80,84,487,,,否,刺轮砣（下弦的样子）,下弦的样子,,0.18~0.31,2.7~4,常见于海面,0.6,https://wiki.biligame.com/rocom/%E5%88%BA%E8%BD%AE%E7%A0%A3%EF%BC%88%E4%B8%8B%E5%BC%A6%E7%9A%84%E6%A0%B7%E5%AD%90%EF%BC%89,https://patchwiki.biligame.com/images/rocom/e/ed/len62ni9nqmle6dohak4e3shqojzslb.png,
361,238,102381,月亮砣,月亮砣（上弦的样子）,最终阶段,毒,萌,耐活王,敌方受到中毒效果伤害时，自己回复等量生命。,125,100,98,100,81,105,609,,,否,刺轮砣（上弦的样子）,上弦的样子,夜晚进化,1.85~2.1,137.5~182.4,常见于海面,0.6,https://wiki.biligame.com/rocom/%E6%9C%88%E4%BA%AE%E7%A0%A3%EF%BC%88%E4%B8%8A%E5%BC%A6%E7%9A%84%E6%A0%B7%E5%AD%90%EF%BC%89,https://patchwiki.biligame.com/images/rocom/5/57/g05gs80tzawvv41wkfo6r8cuf1tuue9.png,
362,238,10238,月亮砣,月亮砣（下弦的样子）,最终阶段,毒,萌,耐活王,敌方受到中毒效果伤害时，自己回复等量生命。,125,98,100,81,100,105,609,,,否,刺轮砣（下弦的样子）,下弦的样子,夜晚进化,1.85~2.1,128~184.4,常见于海面,0.6,https://wiki.biligame.com/rocom/%E6%9C%88%E4%BA%AE%E7%A0%A3%EF%BC%88%E4%B8%8B%E5%BC%A6%E7%9A%84%E6%A0%B7%E5%AD%90%EF%BC%89,https://patchwiki.biligame.com/images/rocom/6/68/sqgnlms9lse6u196qh3t2esffja5d9e.png,
363,239,10239,豆丁鱼,豆丁鱼,Ⅰ阶,水,龙,洄游,每次进入蓄力状态，获得全技能能耗永久-1。,45,70,74,67,70,75,401,,,否,豆丁鱼,,,0.31~0.44,1.2~3.4,常见于海面,0.6,https://wiki.biligame.com/rocom/%E8%B1%86%E4%B8%81%E9%B1%BC,https://patchwiki.biligame.com/images/rocom/8/84/l03hb24992kdwomhy0qfjjynend0qdc.png,
364,240,10240,快鳍鱼,快鳍鱼,Ⅱ阶,水,龙,洄游,每次进入蓄力状态，获得全技能能耗永久-1。,60,93,99,89,93,100,534,,,否,豆丁鱼,,,0.27~0.39,14.5~16.8,常见于海面,0.6,https://wiki.biligame.com/rocom/%E5%BF%AB%E9%B3%8D%E9%B1%BC,https://patchwiki.biligame.com/images/rocom/6/63/408ag6ovu931hssd7kstv1bemj4ltgc.png,
365,241,10241,龙鱼,龙鱼,最终阶段,水,龙,洄游,每次进入蓄力状态，获得全技能能耗永久-1。,75,116,123,112,116,125,667,,,否,豆丁鱼,,,0.69~0.99,39.5~44.5,常见于海面,0.6,https://wiki.biligame.com/rocom/%E9%BE%99%E9%B1%BC,https://patchwiki.biligame.com/images/rocom/1/1b/9pwwn6fecfi32vefzwgmfcpftbkfvxi.png,
366,242,10242,胆小鳗鱼,胆小鳗鱼,Ⅰ阶,电,水,生物电,携带的电系技能获得迸发：能耗-2。,68,92,92,83,90,92,517,,,否,胆小鳗鱼,,,0.74~1.07,17.5~26.85,常见于海面,0.6,https://wiki.biligame.com/rocom/%E8%83%86%E5%B0%8F%E9%B3%97%E9%B1%BC,https://patchwiki.biligame.com/images/rocom/6/65/sexctmvdy5pnj2fgqdue7sovqn9cw4z.png,
367,243,10243,闪电鳗鱼,闪电鳗鱼,最终阶段,电,水,生物电,携带的电系技能获得迸发：能耗-2。,85,115,115,104,112,115,646,,,否,胆小鳗鱼,,,0.83~1.19,68.9~76.5,常见于海面,0.6,https://wiki.biligame.com/rocom/%E9%97%AA%E7%94%B5%E9%B3%97%E9%B1%BC,https://patchwiki.biligame.com/images/rocom/c/cf/tfvre4g1cbdv74tv7wydn5udn5gtdiv.png,
368,244,10244,翡翠水母,翡翠水母,Ⅰ阶,水,毒,扩散侵蚀,使用水系技能后，敌方获得中毒，获得层数等于中毒印记层数的2倍。,108,30,68,75,109,76,466,,,否,翡翠水母,,,0.49~0.7,31.5~36.8,常见于海面,0.6,https://wiki.biligame.com/rocom/%E7%BF%A1%E7%BF%A0%E6%B0%B4%E6%AF%8D,https://patchwiki.biligame.com/images/rocom/f/f3/qtg8mg0mxy7370rpc9eohcwcgsw0k05.png,
369,245,10245,琉璃水母,琉璃水母,最终阶段,水,毒,扩散侵蚀,使用水系技能后，敌方获得中毒，获得层数等于中毒印记层数的2倍。,134,37,85,93,136,95,580,,,否,翡翠水母,,,0.9~1.28,48~53,常见于海面,0.6,https://wiki.biligame.com/rocom/%E7%90%89%E7%92%83%E6%B0%B4%E6%AF%8D,https://patchwiki.biligame.com/images/rocom/d/de/k7nubtsz7deg1n4u2a960xgw7z7awlo.png,
370,246,10246,裘洛,裘洛,Ⅰ阶,毒,,蚀刻,回合结束时，敌方每2层中毒转化为1层中毒印记。,44,56,50,39,48,75,312,,,否,裘洛,,,0.7~1,7.5~12.5,行踪神秘,0.6,https://wiki.biligame.com/rocom/%E8%A3%98%E6%B4%9B,https://patchwiki.biligame.com/images/rocom/9/9c/ai2ivunxg0fjwnzy552j6bsq1nh5qr4.png,
371,247,10247,裘力,裘力,Ⅱ阶,毒,,蚀刻,回合结束时，敌方每2层中毒转化为1层中毒印记。,59,74,67,52,64,100,416,,,否,裘洛,,,0.81~1.16,14.07~18.02,行踪神秘,0.6,https://wiki.biligame.com/rocom/%E8%A3%98%E5%8A%9B,https://patchwiki.biligame.com/images/rocom/d/d3/qw6krqyuqrdgd4nlois0j77f8ekasdu.png,
372,248,10248,裘卡,裘卡,最终阶段,毒,,蚀刻,回合结束时，敌方每2层中毒转化为1层中毒印记。,73,93,83,65,81,125,520,,,否,裘洛,,,1.25~1.79,49.5~58.6,裘卡的幻境,0.6,https://wiki.biligame.com/rocom/%E8%A3%98%E5%8D%A1,https://patchwiki.biligame.com/images/rocom/a/a9/1bccpd3l1t66oy3lwk44wzr3pqsj9y2.png,
373,249,10249,可爱猿,可爱猿,Ⅰ阶,火,,散热,初始能量为0，入场前己方精灵每放1次火系技能，回复3能量。,100,97,43,86,67,36,429,,,否,可爱猿,,,0.69~0.98,21~31.5,行踪神秘,0.6,https://wiki.biligame.com/rocom/%E5%8F%AF%E7%88%B1%E7%8C%BF,https://patchwiki.biligame.com/images/rocom/e/e0/1xsbef59im08o1aui67cvgqp9nr1a58.png,
374,250,10250,炽热猿,炽热猿,Ⅱ阶,火,,散热,初始能量为0，入场前己方精灵每放1次火系技能，回复3能量。,133,130,57,115,89,48,572,,,否,可爱猿,,,0.71~1.02,46.5~63.5,行踪神秘,0.6,https://wiki.biligame.com/rocom/%E7%82%BD%E7%83%AD%E7%8C%BF,https://patchwiki.biligame.com/images/rocom/a/ad/rbo5f373p1xc6t0e8mc6vtnxu6d1dqy.png,
375,251,10251,火焰猿,火焰猿,最终阶段,火,,散热,初始能量为0，入场前己方精灵每放1次火系技能，回复3能量。,167,162,72,143,111,60,715,,,否,可爱猿,,,1.68~1.9,124.5~136.5,行踪神秘,0.6,https://wiki.biligame.com/rocom/%E7%81%AB%E7%84%B0%E7%8C%BF,https://patchwiki.biligame.com/images/rocom/4/49/jzlbg7v46fd5m04k2732qml7t64y3a0.png,
376,252,10252,布鲁斯,布鲁斯,Ⅰ阶,冰,,冰钻,敌方携带技能总能耗每有1点，自己攻击时威力+10%。,44,60,16,68,53,54,295,,,否,布鲁斯,,,0.53~0.76,2.4~4.6,行踪神秘,0.6,https://wiki.biligame.com/rocom/%E5%B8%83%E9%B2%81%E6%96%AF,https://patchwiki.biligame.com/images/rocom/0/03/i3lomx5rtgtrhun9j9o2cky82nj7koy.png,
377,253,10253,雪顶布鲁斯,雪顶布鲁斯,Ⅱ阶,冰,,冰钻,敌方携带技能总能耗每有1点，自己攻击时威力+10%。,58,81,22,91,70,72,394,,,否,布鲁斯,,,0.58~0.83,12.8~15.6,行踪神秘,0.6,https://wiki.biligame.com/rocom/%E9%9B%AA%E9%A1%B6%E5%B8%83%E9%B2%81%E6%96%AF,https://patchwiki.biligame.com/images/rocom/f/f2/qmr111cc6n8vcfctp3ididgmph2te4b.png,
378,254,10254,冰钻布鲁斯,冰钻布鲁斯,最终阶段,冰,,冰钻,敌方携带技能总能耗每有1点，自己攻击时威力+10%。,73,101,27,114,88,90,493,,,否,布鲁斯,,,1.21~1.72,49.5~58.6,行踪神秘,0.6,https://wiki.biligame.com/rocom/%E5%86%B0%E9%92%BB%E5%B8%83%E9%B2%81%E6%96%AF,https://patchwiki.biligame.com/images/rocom/b/bd/lqbeuvjzkbdjilyup9j54q4ocdv6yza.png,
379,255,10255,治愈兔,治愈兔,Ⅰ阶,火,萌,仁心,敌方受到灼烧伤害时，自己回复等量生命。,67,28,73,60,76,54,358,,,是,治愈兔,,,0.57~0.82,12.03~14.42,常见于城镇周边,0.6,https://wiki.biligame.com/rocom/%E6%B2%BB%E6%84%88%E5%85%94,https://patchwiki.biligame.com/images/rocom/a/aa/rngx23e2gk0fv954dvqfy4imdotkztj.png,
380,256,10256,红丝绒,红丝绒,Ⅱ阶,火,萌,仁心,敌方受到灼烧伤害时，自己回复等量生命。,90,38,98,80,101,72,479,,,是,治愈兔,,,0.68~0.97,22.4~28.6,常见于城镇周边,0.6,https://wiki.biligame.com/rocom/%E7%BA%A2%E4%B8%9D%E7%BB%92,https://patchwiki.biligame.com/images/rocom/0/00/lbkgbqads9s37knw6rqxu3fuylvqwro.png,
381,257,10257,红绒十字,红绒十字,最终阶段,火,萌,仁心,敌方受到灼烧伤害时，自己回复等量生命。,112,47,122,100,127,90,598,,,是,治愈兔,,,1.04~1.49,32.5~36.8,常见于城镇周边,0.6,https://wiki.biligame.com/rocom/%E7%BA%A2%E7%BB%92%E5%8D%81%E5%AD%97,https://patchwiki.biligame.com/images/rocom/c/c1/1i2n00tjjxrhc3x9p39hrg4kxujapoh.png,
382,258,102581,乌达,乌达（极夜的样子）,最终阶段,恶,冰,恶魔的晚宴,主动击败敌方精灵时，自己获得双攻+50%。,96,95,55,64,34,30,374,,,否,乌达（极夜的样子）,极夜的样子,,0.44~0.58,4.6~6.1,常见于山地,0.6,https://wiki.biligame.com/rocom/%E4%B9%8C%E8%BE%BE%EF%BC%88%E6%9E%81%E5%A4%9C%E7%9A%84%E6%A0%B7%E5%AD%90%EF%BC%89,https://patchwiki.biligame.com/images/rocom/9/97/slbqspbgefkwhuqq7b908y5x1irgg7i.png,
383,258,10258,乌达,乌达（极昼的样子）,Ⅰ阶,恶,火,恶魔的晚宴,主动击败敌方精灵时，自己获得双攻+50%。,80,95,49,70,42,33,369,,,否,乌达（极昼的样子）,极昼的样子,时间为正午,0.44~0.58,4.6~6.1,常见于山地,0.6,https://wiki.biligame.com/rocom/%E4%B9%8C%E8%BE%BE%EF%BC%88%E6%9E%81%E6%98%BC%E7%9A%84%E6%A0%B7%E5%AD%90%EF%BC%89,https://patchwiki.biligame.com/images/rocom/7/74/4646tw9mipskzlalsx2u7ujdaa067iu.png,
384,259,102591,迷你乌,迷你乌（极夜的样子）,最终阶段,恶,冰,恶魔的晚宴,主动击败敌方精灵时，自己获得双攻+50%。,128,126,73,85,46,40,498,,,否,乌达（极夜的样子）,极夜的样子,,0.97~1.2,27.9~39.1,常见于山地,0.6,https://wiki.biligame.com/rocom/%E8%BF%B7%E4%BD%A0%E4%B9%8C%EF%BC%88%E6%9E%81%E5%A4%9C%E7%9A%84%E6%A0%B7%E5%AD%90%EF%BC%89,https://patchwiki.biligame.com/images/rocom/7/79/oh8iteeptmtlukbmp3fsu3chacsvfte.png,
385,259,10259,迷你乌,迷你乌（极昼的样子）,Ⅱ阶,恶,火,恶魔的晚宴,主动击败敌方精灵时，自己获得双攻+50%。,107,126,66,93,56,44,492,,,否,乌达（极昼的样子）,极昼的样子,时间为正午,0.97~1.2,27.9~39.1,常见于山地,0.6,https://wiki.biligame.com/rocom/%E8%BF%B7%E4%BD%A0%E4%B9%8C%EF%BC%88%E6%9E%81%E6%98%BC%E7%9A%84%E6%A0%B7%E5%AD%90%EF%BC%89,https://patchwiki.biligame.com/images/rocom/4/4a/herfyv2d6y7yvyv02hnk8kkmp84ogsm.png,
386,260,102601,乌拉塔,乌拉塔（极夜的样子）,最终阶段,恶,冰,恶魔的晚宴,主动击败敌方精灵时，自己获得双攻+50%。,160,158,91,106,57,50,622,,,否,乌达（极夜的样子）,极夜的样子,,1.85~2.1,48.8~63.29,常见于山地,0.6,https://wiki.biligame.com/rocom/%E4%B9%8C%E6%8B%89%E5%A1%94%EF%BC%88%E6%9E%81%E5%A4%9C%E7%9A%84%E6%A0%B7%E5%AD%90%EF%BC%89,https://patchwiki.biligame.com/images/rocom/9/9f/d5gtn8k9ptnttbxmlo0pndyiy61wdsu.png,
387,260,10260,乌拉塔,乌拉塔（极昼的样子）,最终阶段,恶,火,恶魔的晚宴,主动击败敌方精灵时，自己获得双攻+50%。,134,158,82,116,70,55,615,,,否,乌达（极昼的样子）,极昼的样子,时间为正午,1.85~2.1,48.8~63.29,常见于山地,0.6,https://wiki.biligame.com/rocom/%E4%B9%8C%E6%8B%89%E5%A1%94%EF%BC%88%E6%9E%81%E6%98%BC%E7%9A%84%E6%A0%B7%E5%AD%90%EF%BC%89,https://patchwiki.biligame.com/images/rocom/e/e9/2j3t5mjcljnsc1hw72btjrebq8td3ug.png,
388,261,10261,螺旋帕帕,螺旋帕帕,Ⅰ阶,机械,翼,翼轴,1号位技能获得迅捷和传动1。,88,55,8,79,67,80,377,,,否,螺旋帕帕,,,0.35~0.45,2.08~4.35,常见于沙地,0.6,https://wiki.biligame.com/rocom/%E8%9E%BA%E6%97%8B%E5%B8%95%E5%B8%95,https://patchwiki.biligame.com/images/rocom/2/2e/8sya38cbx002fydqgo0u3z0r4wzcmh9.png,
389,262,10262,帕帕斯卡,帕帕斯卡,最终阶段,机械,翼,翼轴,1号位技能获得迅捷和传动1。,110,68,10,99,84,100,471,,,否,螺旋帕帕,,,1.05~1.47,48.7~60.1,常见于沙地,0.6,https://wiki.biligame.com/rocom/%E5%B8%95%E5%B8%95%E6%96%AF%E5%8D%A1,https://patchwiki.biligame.com/images/rocom/4/48/0go6kjyt43jmyphx2po4l7j8g5jdh98.png,
390,263,10263,机械方方,机械方方,Ⅰ阶,机械,,盲拧,回合开始时，技能顺序打乱，4号位的技能能耗-4。,62,81,32,76,60,51,362,,,是,机械方方,,,0.42~0.6,8~11,行踪神秘,0.6,https://wiki.biligame.com/rocom/%E6%9C%BA%E6%A2%B0%E6%96%B9%E6%96%B9,https://patchwiki.biligame.com/images/rocom/0/0b/pgpg5oimlp3vj22sforlyu0o5mlenw8.png,
391,264,10264,多彩方方,多彩方方,Ⅱ阶,机械,,盲拧,回合开始时，技能顺序打乱，4号位的技能能耗-4。,82,108,43,101,80,68,482,,,是,机械方方,,且处于联机情况下,0.68~0.97,23.77~34.6,行踪神秘,0.6,https://wiki.biligame.com/rocom/%E5%A4%9A%E5%BD%A9%E6%96%B9%E6%96%B9,https://patchwiki.biligame.com/images/rocom/2/28/7xmi4mrr7xy8rbxu5td2uptxfax5fhj.png,
392,265,10265,立方人,立方人,最终阶段,机械,,盲拧,回合开始时，技能顺序打乱，4号位的技能能耗-4。,103,135,54,127,101,85,605,,,是,机械方方,,且处于联机情况下,1.78~2.01,106.5~139.07,行踪神秘,0.6,https://wiki.biligame.com/rocom/%E7%AB%8B%E6%96%B9%E4%BA%BA,https://patchwiki.biligame.com/images/rocom/0/09/fnsx2e888qucax28zooe75tenxxgmkx.png,
393,266,10266,可立鸡,可立鸡,Ⅰ阶,火,,指挥家,应对成功后，永久获得双攻+20%。,65,79,79,55,52,66,396,,,否,可立鸡,,,0.39~0.56,4.6~7.4,常见于山地,0.6,https://wiki.biligame.com/rocom/%E5%8F%AF%E7%AB%8B%E9%B8%A1,https://patchwiki.biligame.com/images/rocom/2/2d/9w4l9rr13yoldnqxtppebm3tqovahde.png,
394,267,10267,晕晕鸡,晕晕鸡,Ⅱ阶,火,,指挥家,应对成功后，永久获得双攻+20%。,86,106,106,74,70,88,530,,,否,可立鸡,,,0.68~0.91,12.03~18.06,常见于山地,0.6,https://wiki.biligame.com/rocom/%E6%99%95%E6%99%95%E9%B8%A1,https://patchwiki.biligame.com/images/rocom/4/46/5euq737ld77bkp75nukdt3mrwa11xrq.png,
395,268,10268,绅士鸡,绅士鸡,最终阶段,火,武,指挥家,应对成功后，永久获得双攻+20%。,108,132,132,92,87,110,661,,,否,可立鸡,,,1.31~1.87,46.8~58.2,常见于山地,0.6,https://wiki.biligame.com/rocom/%E7%BB%85%E5%A3%AB%E9%B8%A1,https://patchwiki.biligame.com/images/rocom/f/fc/tlu25qyk7b26q2d2fpv5mkuwafz4tv3.png,
396,269,10269,武者鸡,武者鸡,最终阶段,火,武,斗技,应对成功后，获得全技能威力永久+20。,121,144,58,92,70,95,580,,,否,可立鸡,,击败三只恶系宠物,1.46~2.09,46.8~58.2,常见于山地,0.6,https://wiki.biligame.com/rocom/%E6%AD%A6%E8%80%85%E9%B8%A1,https://patchwiki.biligame.com/images/rocom/d/d5/j89f9kespq4zwjb6h67ew9wvsnd88g0.png,
397,270,10270,优优,优优,Ⅰ阶,地,光,哨兵,回合开始时若敌方技能足够击败自己，自己获得速度+50，行动后脱离。,81,35,89,84,104,92,485,,,否,优优,,,0.38~0.56,3.03~4.1,常见于山地,0.6,https://wiki.biligame.com/rocom/%E4%BC%98%E4%BC%98,https://patchwiki.biligame.com/images/rocom/b/b2/71ru3va03vqwr4ew76bnhqj74neqk98.png,
398,271,10271,绒光优优,绒光优优,最终阶段,地,光,哨兵,回合开始时若敌方技能足够击败自己，自己获得速度+50，行动后脱离。,101,43,111,105,130,115,605,,,否,优优,,,0.69~0.85,13.5~19.6,常见于山地,0.6,https://wiki.biligame.com/rocom/%E7%BB%92%E5%85%89%E4%BC%98%E4%BC%98,https://patchwiki.biligame.com/images/rocom/7/76/fyktbyiugga3qdq8gkeboear0slov69.png,
399,272,10272,噼啪鸟,噼啪鸟,最终阶段,电,翼,连续负荷,自己技能的迸发效果延长1回合。,78,116,109,85,85,145,618,,,否,噼啪鸟,,,2~2.15,89.5~127.5,行踪神秘,0.6,https://wiki.biligame.com/rocom/%E5%99%BC%E5%95%AA%E9%B8%9F,https://patchwiki.biligame.com/images/rocom/5/5f/67uopai58qg98apg0dci57gi1bgxhn4.png,
400,273,10273,深蓝鲸,深蓝鲸,最终阶段,水,,倾轧,携带的技能受能耗变化效果的影响翻倍。,129,40,115,119,135,50,588,,,否,深蓝鲸,,,2~2.65,645~700,行踪神秘,0.6,https://wiki.biligame.com/rocom/%E6%B7%B1%E8%93%9D%E9%B2%B8,https://patchwiki.biligame.com/images/rocom/4/4c/eonvrfjw5xrztsmkzmwz4eutdi7oban.png,
401,274,10274,格兰种子,格兰种子,Ⅰ阶,草,,生长,回合结束时，回复12%生命。,65,31,74,48,67,36,321,,,是,格兰种子,,,0.4~0.57,3.5~5.4,常见于山林、草地,0.6,https://wiki.biligame.com/rocom/%E6%A0%BC%E5%85%B0%E7%A7%8D%E5%AD%90,https://patchwiki.biligame.com/images/rocom/d/d3/b3jzacefc99rb5kz2yh5ta03dq5rd2e.png,
402,275,10275,格兰花,格兰花,Ⅱ阶,草,,生长,回合结束时，回复12%生命。,86,42,99,64,90,48,429,,,是,格兰种子,,,0.48~0.68,6.5~7.8,常见于山林、草地,0.6,https://wiki.biligame.com/rocom/%E6%A0%BC%E5%85%B0%E8%8A%B1,https://patchwiki.biligame.com/images/rocom/d/d7/gvd0lpur7zrkuy6lt9b86bwpj877hfv.png,
403,276,10276,格兰球,格兰球,最终阶段,草,,生长,回合结束时，回复12%生命。,108,52,124,80,112,60,536,,,是,格兰种子,,,0.81~1.16,12.5~16.5,常见于山林、草地,0.6,https://wiki.biligame.com/rocom/%E6%A0%BC%E5%85%B0%E7%90%83,https://patchwiki.biligame.com/images/rocom/6/6c/ti7vsccgrnfmugk27891cc9726d15j5.png,
404,277,102771,地鼠,地鼠（储水期的样子）,最终阶段,地,,警惕,回合结束时，若自己能量为0则脱离。,59,71,23,61,57,60,331,,,否,地鼠（储水期的样子）,储水期的样子,,0.46~0.66,3.8~5.13,常见于土路旁,0.6,https://wiki.biligame.com/rocom/%E5%9C%B0%E9%BC%A0%EF%BC%88%E5%82%A8%E6%B0%B4%E6%9C%9F%E7%9A%84%E6%A0%B7%E5%AD%90%EF%BC%89,https://patchwiki.biligame.com/images/rocom/4/44/sdjyac8lioabwpwh099dz4iaq6b7ieu.png,
405,277,10277,地鼠,地鼠（枯水期的样子）,Ⅰ阶,地,,警惕,回合结束时，若自己能量为0则脱离。,66,71,31,61,42,66,337,,,否,地鼠（枯水期的样子）,枯水期的样子,,0.46~0.66,1.8~2.85,商店街周边,0.6,https://wiki.biligame.com/rocom/%E5%9C%B0%E9%BC%A0%EF%BC%88%E6%9E%AF%E6%B0%B4%E6%9C%9F%E7%9A%84%E6%A0%B7%E5%AD%90%EF%BC%89,https://patchwiki.biligame.com/images/rocom/e/ed/p13cco2es9ta74gd9w8yqdoc0va3qp6.png,
406,278,102781,遁鼠,遁鼠（储水期的样子）,最终阶段,地,,警惕,回合结束时，若自己能量为0则脱离。,79,94,30,82,77,80,442,,,否,地鼠（储水期的样子）,储水期的样子,,0.48~0.69,5.42~6.82,常见于土路旁,0.6,https://wiki.biligame.com/rocom/%E9%81%81%E9%BC%A0%EF%BC%88%E5%82%A8%E6%B0%B4%E6%9C%9F%E7%9A%84%E6%A0%B7%E5%AD%90%EF%BC%89,https://patchwiki.biligame.com/images/rocom/d/d7/4c117iym8841789glzncmkfbhp6ozcf.png,
407,278,10278,遁鼠,遁鼠（枯水期的样子）,Ⅱ阶,地,,警惕,回合结束时，若自己能量为0则脱离。,88,95,41,82,56,88,450,,,否,地鼠（枯水期的样子）,枯水期的样子,,0.48~0.69,3.4~4.8,聆风塔地,0.6,https://wiki.biligame.com/rocom/%E9%81%81%E9%BC%A0%EF%BC%88%E6%9E%AF%E6%B0%B4%E6%9C%9F%E7%9A%84%E6%A0%B7%E5%AD%90%EF%BC%89,https://patchwiki.biligame.com/images/rocom/0/04/hhyd5vj9dub1p42xrvafn2cazk3ypft.png,
408,279,102791,遁地鼠,遁地鼠（储水期的样子）,最终阶段,地,,警惕,回合结束时，若自己能量为0则脱离。,99,118,38,102,96,100,553,,,否,遁地鼠（储水期的样子）,储水期的样子,,0.64~0.92,9.4~11.5,常见于土路旁,0.6,https://wiki.biligame.com/rocom/%E9%81%81%E5%9C%B0%E9%BC%A0%EF%BC%88%E5%82%A8%E6%B0%B4%E6%9C%9F%E7%9A%84%E6%A0%B7%E5%AD%90%EF%BC%89,https://patchwiki.biligame.com/images/rocom/8/8d/495r6poo162fmecxg7e2nhp2qftbwef.png,
409,279,10279,遁地鼠,遁地鼠（枯水期的样子）,最终阶段,地,,警惕,回合结束时，若自己能量为0则脱离。,110,119,51,102,70,110,562,,,否,地鼠（枯水期的样子）,枯水期的样子,,0.64~0.92,6.4~7.5,聆风塔地,0.6,https://wiki.biligame.com/rocom/%E9%81%81%E5%9C%B0%E9%BC%A0%EF%BC%88%E6%9E%AF%E6%B0%B4%E6%9C%9F%E7%9A%84%E6%A0%B7%E5%AD%90%EF%BC%89,https://patchwiki.biligame.com/images/rocom/3/3f/tfoq58kdykf2kzslpubl87ceyiu4c0r.png,
410,280,10280,墨鱿士,墨鱿士,Ⅰ阶,幽,,涂鸦,使用非本系技能时威力+50%。,103,84,34,105,79,56,461,,,否,墨鱿士,,,0.35~0.46,3.25~5.02,行踪神秘,0.6,https://wiki.biligame.com/rocom/%E5%A2%A8%E9%B1%BF%E5%A3%AB,https://patchwiki.biligame.com/images/rocom/e/ed/ekbfzkhrhoe1i26cq62zv0bdwyws7zg.png,
411,281,10281,混乱鱿彩,混乱鱿彩,最终阶段,幽,恶,涂鸦,使用非本系技能时威力+50%。,129,105,42,131,99,70,576,,,否,墨鱿士,,打败三只萌系精灵,1.36~1.54,36.9~48.2,行踪神秘,0.6,https://wiki.biligame.com/rocom/%E6%B7%B7%E4%B9%B1%E9%B1%BF%E5%BD%A9,https://patchwiki.biligame.com/images/rocom/8/89/co25joc1fbw7yk3t67uwo91xx3czmuj.png,
412,282,10282,秩序鱿墨,秩序鱿墨,最终阶段,幽,萌,绝对秩序,受到非敌方系别的技能攻击时伤害-50%。,78,120,39,124,113,130,604,,,否,墨鱿士,,打败三只恶系精灵,1.59~1.72,45.6~60.1,行踪神秘,0.6,https://wiki.biligame.com/rocom/%E7%A7%A9%E5%BA%8F%E9%B1%BF%E5%A2%A8,https://patchwiki.biligame.com/images/rocom/f/fa/hcovzifwgad156lg6jwk02nd4nhsckv.png,
413,283,10283,小甲虫,小甲虫,Ⅰ阶,虫,,坚韧铠甲,每受到1次攻击伤害，己方队伍获得1次随机奉献。,98,71,31,97,61,60,418,,,否,小甲虫,,,0.48~0.68,6.5~8.4,二叠山丘,0.6,https://wiki.biligame.com/rocom/%E5%B0%8F%E7%94%B2%E8%99%AB,https://patchwiki.biligame.com/images/rocom/c/c5/gxb5ofg998pswe6vu88c1gtiiibwnro.png,
414,284,10284,铠甲虫,铠甲虫,最终阶段,虫,,坚韧铠甲,每受到1次攻击伤害，己方队伍获得1次随机奉献。,122,88,39,121,77,75,522,,,否,小甲虫,,,1.17~1.68,83~96,风息山口,0.6,https://wiki.biligame.com/rocom/%E9%93%A0%E7%94%B2%E8%99%AB,https://patchwiki.biligame.com/images/rocom/6/6e/c2qomiq244hfmlrgiwvd13n0pmn1znj.png,
415,285,10285,圣剑侍从,圣剑侍从,Ⅰ阶,机械,,正位宝剑,仅可以使用1号位技能。,139,116,111,139,139,52,696,,,否,圣剑侍从,,,0.94~1.18,115.7~173.6,行踪神秘,0.6,https://wiki.biligame.com/rocom/%E5%9C%A3%E5%89%91%E4%BE%8D%E4%BB%8E,https://patchwiki.biligame.com/images/rocom/1/1d/6w4z6k41648qw2uagnoz0ac081trrgi.png,
416,286,10286,圣剑-X,圣剑-X,最终阶段,机械,,正位宝剑,仅可以使用1号位技能。,174,144,139,173,173,65,868,,,否,圣剑侍从,,,1.83~2.07,481~658,行踪神秘,0.6,https://wiki.biligame.com/rocom/%E5%9C%A3%E5%89%91-X,https://patchwiki.biligame.com/images/rocom/8/8d/k36fgnkefvfbntgmo6joyjmh9ji1bt7.png,
417,286,102861,圣剑骑士,圣剑骑士,最终阶段,机械,,宝剑王牌,仅可使用1号和3号位技能。,187,154,148,183,183,65,920,,,否,圣剑侍从,,,2.44~2.92,865~1100,行踪神秘,0.6,https://wiki.biligame.com/rocom/%E5%9C%A3%E5%89%91%E9%AA%91%E5%A3%AB,https://patchwiki.biligame.com/images/rocom/d/d7/0r5ms0ty1nonumnkva1hocjqhiiokkb.png,
418,287,10287,吸泥鸥,吸泥鸥,Ⅰ阶,地,翼,无差别过滤,在场时，所有精灵连击数固定为2。,99,89,33,87,71,76,455,,,否,吸泥鸥,,,0.55~0.71,9.5~12.5,常见于河岸,0.6,https://wiki.biligame.com/rocom/%E5%90%B8%E6%B3%A5%E9%B8%A5,https://patchwiki.biligame.com/images/rocom/8/8e/br2yi6aj77tv3j8bstqidsiuvadc0od.png,
419,288,10288,泥吼牙,泥吼牙,最终阶段,地,翼,无差别过滤,在场时，所有精灵连击数固定为2。,124,112,41,109,88,95,569,,,否,吸泥鸥,,,1.05~1.45,21.5~32.5,常见于河岸,0.6,https://wiki.biligame.com/rocom/%E6%B3%A5%E5%90%BC%E7%89%99,https://patchwiki.biligame.com/images/rocom/f/f0/imncv1vv01zbrx7tkjij3xtarmhl2id.png,
420,289,10289,大头骨龙,大头骨龙,Ⅰ阶,龙,幽,不朽,力竭3回合后复活。,96,109,40,84,65,48,442,,,否,大头骨龙,,,0.85~1,18.6~33.5,常见于污染区域,0.6,https://wiki.biligame.com/rocom/%E5%A4%A7%E5%A4%B4%E9%AA%A8%E9%BE%99,https://patchwiki.biligame.com/images/rocom/d/dc/oaohfrfv4b6cx8elngiwarhn9phgzch.png,
421,290,10290,寂灭骨龙,寂灭骨龙,最终阶段,龙,幽,不朽,力竭3回合后复活。,120,137,50,104,81,60,552,,,否,大头骨龙,,,2.25~2.45,85.7~105,常见于污染区域,0.6,https://wiki.biligame.com/rocom/%E5%AF%82%E7%81%AD%E9%AA%A8%E9%BE%99,https://patchwiki.biligame.com/images/rocom/3/31/g9815x8kx47nbavj9mcolhexofrpulc.png,
422,291,10291,厉毒小萝,厉毒小萝,Ⅰ阶,毒,恶,侵蚀,敌方每有1层中毒效果，自己获得连击数+1。,67,64,17,81,59,108,396,,,否,厉毒小萝,,,0.55~0.65,8.73~14.92,行踪神秘,0.6,https://wiki.biligame.com/rocom/%E5%8E%89%E6%AF%92%E5%B0%8F%E8%90%9D,https://patchwiki.biligame.com/images/rocom/3/3e/6tk28w0xeycfxejxbtn8myiv9wsd17j.png,
423,292,10292,厉毒修萝,厉毒修萝,最终阶段,毒,恶,侵蚀,敌方每有1层中毒效果，自己获得连击数+1。,84,80,21,101,74,135,495,,,否,厉毒小萝,,,1.45~1.55,33.75~41.6,行踪神秘,0.6,https://wiki.biligame.com/rocom/%E5%8E%89%E6%AF%92%E4%BF%AE%E8%90%9D,https://patchwiki.biligame.com/images/rocom/5/52/fnxayt7dshqnrygae3kr64v1gs4wcws.png,
424,293,10293,小帕尔,小帕尔,Ⅰ阶,恶,,付给恶魔的赎价,击败敌方精灵时，敌方额外损失1点魔力。被敌方精灵击败时，自己额外损失1点魔力。,78,76,34,79,52,60,379,,,否,小帕尔,,,0.64~0.92,9.4~13.6,行踪神秘,0.6,https://wiki.biligame.com/rocom/%E5%B0%8F%E5%B8%95%E5%B0%94,https://patchwiki.biligame.com/images/rocom/b/b3/l5aj212ensdevykbe4wgsxf1c12ayxi.png,
425,294,10294,帕尔萨斯,帕尔萨斯,Ⅱ阶,恶,,付给恶魔的赎价,击败敌方精灵时，敌方额外损失1点魔力。被敌方精灵击败时，自己额外损失1点魔力。,104,102,46,105,70,80,507,,,否,小帕尔,,成长为1星,1.33~1.58,46.5~61.5,行踪神秘,0.6,https://wiki.biligame.com/rocom/%E5%B8%95%E5%B0%94%E8%90%A8%E6%96%AF,https://patchwiki.biligame.com/images/rocom/c/cb/gteuesfklnj4acn55f3aqr0wrtlwki4.png,
426,295,10295,龙息帕尔,龙息帕尔,最终阶段,恶,,付给恶魔的赎价,击败敌方精灵时，敌方额外损失1点魔力。被敌方精灵击败时，自己额外损失1点魔力。,130,127,57,131,87,100,632,,,否,小帕尔,,成长为2星,1.93~2.4,96.5~115,行踪神秘,0.6,https://wiki.biligame.com/rocom/%E9%BE%99%E6%81%AF%E5%B8%95%E5%B0%94,https://patchwiki.biligame.com/images/rocom/0/0f/q0bwy4syzqav082nqhy9tl7i8hsirz4.png,
427,296,10296,毛头小蛛,毛头小蛛,Ⅰ阶,虫,地,扫拖一体,回合结束时驱散敌方1层印记，且驱散后己方队伍获得1次随机奉献。,85,80,27,93,79,88,452,,,否,毛头小蛛,,,0.3~0.45,0.95~2,常见于魔法学院,0.6,https://wiki.biligame.com/rocom/%E6%AF%9B%E5%A4%B4%E5%B0%8F%E8%9B%9B,https://patchwiki.biligame.com/images/rocom/f/f5/3nr9m11fcoasdyy8qcplzh21b7rbqep.png,
428,297,10297,捕尘长绒,捕尘长绒,最终阶段,虫,地,扫拖一体,回合结束时驱散敌方1层印记，且驱散后己方队伍获得1次随机奉献。,106,100,34,116,99,110,565,,,否,毛头小蛛,,身高大于0.375,1.15~1.45,2.35~4.19,常见于魔法学院,0.6,https://wiki.biligame.com/rocom/%E6%8D%95%E5%B0%98%E9%95%BF%E7%BB%92,https://patchwiki.biligame.com/images/rocom/b/be/nkj0ie4pek8cghl4idvgqt3m2sq5ox9.png,
429,298,10298,食尘短绒,食尘短绒,最终阶段,虫,地,特殊清洁场景,回合结束时偷取敌方1层印记。,109,105,37,113,97,115,576,,,否,毛头小蛛,,身高小于0.375,0.75~0.9,2.65~5.15,常见于魔法学院,0.6,https://wiki.biligame.com/rocom/%E9%A3%9F%E5%B0%98%E7%9F%AD%E7%BB%92,https://patchwiki.biligame.com/images/rocom/5/56/2arovnrg3t48x4jr2zo0w7fp8axkkx9.png,
430,299,10299,画精灵,画精灵,Ⅰ阶,普通,,灰色肖像,攻击会使敌方已有的减益层数+3。,61,32,78,56,72,72,371,,,否,画精灵,,,0.28~0.38,0.99~2.21,行踪神秘,0.6,https://wiki.biligame.com/rocom/%E7%94%BB%E7%B2%BE%E7%81%B5,https://patchwiki.biligame.com/images/rocom/a/a0/lvngsspwir7n25jd82zaz2zujxdrqs8.png,
431,300,10300,画像守护,画像守护,Ⅱ阶,普通,,灰色肖像,攻击会使敌方已有的减益层数+3。,81,42,104,75,96,96,494,,,否,画精灵,,,0.49~0.6,5.85~6.9,行踪神秘,0.6,https://wiki.biligame.com/rocom/%E7%94%BB%E5%83%8F%E5%AE%88%E6%8A%A4,https://patchwiki.biligame.com/images/rocom/0/0e/4q1o3ztl1tdspj5lecjqzb5xvfqvhjn.png,
432,301,10301,画间法师手,画间法师手,最终阶段,普通,幻,灰色肖像,攻击会使敌方已有的减益层数+3。,101,53,131,94,120,120,619,,,否,画精灵,,击败三只武系精灵,2.08~2.45,46.05~58.1,行踪神秘,0.6,https://wiki.biligame.com/rocom/%E7%94%BB%E9%97%B4%E6%B3%95%E5%B8%88%E6%89%8B,https://patchwiki.biligame.com/images/rocom/2/2a/m0rnppd2iwqm9h78gft0jkwzqje5v5h.png,
433,302,10302,画间沉铁兽,画间沉铁兽,最终阶段,普通,武,变形活画,攻击时，敌方每有1层增益，本次技能威力+10%。,100,160,67,100,76,105,608,,,否,画精灵,,击败三只幻系精灵,1.75~1.92,75.7~88.02,行踪神秘,0.6,https://wiki.biligame.com/rocom/%E7%94%BB%E9%97%B4%E6%B2%89%E9%93%81%E5%85%BD,https://patchwiki.biligame.com/images/rocom/6/61/g4rq03yecy8xudglhc96lhi5ie4zri4.png,
434,303,10303,书魔虫,书魔虫,Ⅰ阶,普通,,图书守卫者,入场时，若自己魔力值为1，自己获得双攻+50%。,67,75,75,48,73,57,395,,,否,书魔虫,,,0.3~0.41,2.28~3.86,行踪神秘,0.6,https://wiki.biligame.com/rocom/%E4%B9%A6%E9%AD%94%E8%99%AB,https://patchwiki.biligame.com/images/rocom/5/53/ph0kl9j7nj2m8azrrd5hpeq0b62phrl.png,
435,304,10304,书卷守护,书卷守护,Ⅱ阶,普通,,图书守卫者,入场时，若自己魔力值为1，自己获得双攻+50%。,89,100,100,64,98,76,527,,,否,书魔虫,,,0.82~1.01,9.8~14.8,行踪神秘,0.6,https://wiki.biligame.com/rocom/%E4%B9%A6%E5%8D%B7%E5%AE%88%E6%8A%A4,https://patchwiki.biligame.com/images/rocom/8/8e/2wi1t21j1agshuww5p50uqui9mu1b55.png,
436,305,10305,古卷执政官,古卷执政官,最终阶段,普通,幻,图书守卫者,入场时，若自己魔力值为1，自己获得双攻+50%。,111,125,125,80,122,95,658,,,否,书魔虫,,击败三只武系精灵,1.91~2.21,98.8~135.5,行踪神秘,0.6,https://wiki.biligame.com/rocom/%E5%8F%A4%E5%8D%B7%E6%89%A7%E6%94%BF%E5%AE%98,https://patchwiki.biligame.com/images/rocom/d/dc/numbiaa5oc8iursntgrv198ay097vnk.png,
437,306,10306,古卷匣魔像,古卷匣魔像,最终阶段,普通,武,构装契约者,入场时，若敌方魔力值为1，自己获得双防+50%。,114,109,109,134,89,95,650,,,否,书魔虫,,击败三只幻系精灵,1.87~2.15,119.5~180.5,行踪神秘,0.6,https://wiki.biligame.com/rocom/%E5%8F%A4%E5%8D%B7%E5%8C%A3%E9%AD%94%E5%83%8F,https://patchwiki.biligame.com/images/rocom/1/18/6fhqn0ek9exvjnyj4rbdl14goi2l79m.png,
438,307,10307,绒绒,绒绒,Ⅰ阶,光,虫,绒粉星光,攻击时，若敌方血脉是非本系的系别血脉，技能威力+100%。,58,42,44,49,80,69,342,,,是,绒绒,,,0.29~0.35,1~2.5,行踪神秘,0.6,https://wiki.biligame.com/rocom/%E7%BB%92%E7%BB%92,https://patchwiki.biligame.com/images/rocom/0/08/654ffcp524wy323uwi7k1z7rk4rejuc.png,
439,308,10308,小绒茧,小绒茧,Ⅱ阶,光,虫,绒粉星光,攻击时，若敌方血脉是非本系的系别血脉，技能威力+100%。,77,56,58,65,106,92,454,,,是,绒绒,,获得1200星光值,0.59~0.84,7.6~9.2,行踪神秘,0.6,https://wiki.biligame.com/rocom/%E5%B0%8F%E7%BB%92%E8%8C%A7,https://patchwiki.biligame.com/images/rocom/5/51/fzhzu0tmqg25ud42u7z9a95msp1bphh.png,
440,309,10309,绒仙子,绒仙子,最终阶段,光,虫,绒粉星光,攻击时，若敌方血脉是非本系的系别血脉，技能威力+100%。,96,71,73,81,133,115,569,,,是,绒绒,,,1.25~1.65,37.5~42.8,行踪神秘,0.6,https://wiki.biligame.com/rocom/%E7%BB%92%E4%BB%99%E5%AD%90,https://patchwiki.biligame.com/images/rocom/2/2a/nynxiyjn07oseu31p6o5z8crn5i6dx0.png,
441,310,10310,犀角鸟,犀角鸟,Ⅰ阶,光,,月光审判,攻击时，若敌方血脉是首领血脉，技能威力+100%。,63,88,40,67,44,66,368,,,是,犀角鸟,,,0.32~0.4,9.6~11.5,行踪神秘,0.6,https://wiki.biligame.com/rocom/%E7%8A%80%E8%A7%92%E9%B8%9F,https://patchwiki.biligame.com/images/rocom/6/6a/81qhw7nwi52la93w31dkqwhrzwgqiqw.png,
442,311,10311,光纤兽,光纤兽,Ⅱ阶,光,,月光审判,攻击时，若敌方血脉是首领血脉，技能威力+100%。,83,117,54,90,58,88,490,,,是,犀角鸟,,获得1200星光值,0.7~0.85,31.5~37.8,行踪神秘,0.6,https://wiki.biligame.com/rocom/%E5%85%89%E7%BA%A4%E5%85%BD,https://patchwiki.biligame.com/images/rocom/5/54/b5avo6zna4cj4lvypoku4djknndvj61.png,
443,312,10312,疾光千兽,疾光千兽,最终阶段,光,,月光审判,攻击时，若敌方血脉是首领血脉，技能威力+100%。,104,146,67,112,73,110,612,,,是,犀角鸟,,,1.75~2.1,112.9~165,行踪神秘,0.6,https://wiki.biligame.com/rocom/%E7%96%BE%E5%85%89%E5%8D%83%E5%85%BD,https://patchwiki.biligame.com/images/rocom/b/ba/18st3mhvamod8xnva8rybnme9cgkc9b.png,
444,313,10313,果冻,果冻,Ⅰ阶,水,,茶多酚,离场后，更换入场的精灵回复20%生命且免疫寄生。,81,26,81,75,78,96,437,,,否,果冻,,,0.3~0.36,4.35~5.6,行踪神秘,0.6,https://wiki.biligame.com/rocom/%E6%9E%9C%E5%86%BB,https://patchwiki.biligame.com/images/rocom/9/92/5pgbduguoappstj95ppzcb6rlxzs4f1.png,
445,314,10314,抹茶布丁,抹茶布丁,最终阶段,水,草,茶多酚,离场后，更换入场的精灵回复20%生命且免疫寄生。,101,32,101,94,98,120,546,,,否,果冻,,草血脉,0.39~0.51,6.21~7.9,行踪神秘,0.6,https://wiki.biligame.com/rocom/%E6%8A%B9%E8%8C%B6%E5%B8%83%E4%B8%81,https://patchwiki.biligame.com/images/rocom/f/fc/gjn312cevohkc3akvtme0l266a3txb1.png,
446,315,10315,椰浆布丁,椰浆布丁,最终阶段,水,冰,吉利丁片,离场后，更换入场的精灵获得双防+20%且免疫冻结。,133,34,89,81,105,120,562,,,否,果冻,,冰血脉,0.39~0.51,6.21~7.9,行踪神秘,0.6,https://wiki.biligame.com/rocom/%E6%A4%B0%E6%B5%86%E5%B8%83%E4%B8%81,https://patchwiki.biligame.com/images/rocom/8/82/m4mfzkpmvl06onmtxu9sqwrpwar1jix.png,
447,316,10316,熔岩布丁,熔岩布丁,最终阶段,水,火,美拉德反应,离场后，更换入场的精灵获得双攻+20%且免疫灼烧。,128,87,33,112,84,120,564,,,否,果冻,,火血脉,0.39~0.51,6.21~7.9,行踪神秘,0.6,https://wiki.biligame.com/rocom/%E7%86%94%E5%B2%A9%E5%B8%83%E4%B8%81,https://patchwiki.biligame.com/images/rocom/0/0c/fak6xe7fad7bxuiybj40jzr2mc5yueq.png,
448,317,10317,星尘虫,星尘虫,Ⅰ阶,虫,,契约的形状,"根据捕捉所用的咕噜球，入场时获得不同效果。
<table style=""color:#DDDDDD; font-size:14px"">
<tr><td> </td></tr>14
<tr><td>'''[[File:物品图标 普通咕噜球.png|14px|link=]]

普通球：'''攻防速+10%</td></tr>
<tr><td>'''[[File:物品图标 高级咕噜球.png|14px|link=]]

高级球：'''攻防速+20%</td></tr>
<tr><td>'''[[File:物品图标 国王球.png|14px|link=]]

国王球：'''攻防速+30%</td></tr>
<tr><td>'''[[File:物品图标 美妙球.png|14px|link=]]

美妙球：'''降低对手30%双攻，自身技能威力提升20点</td></tr>
<tr><td>'''[[File:物品图标 调温球.png|14px|link=]]

调温球：'''对手获得4层灼烧，2层冻结</td></tr>
<tr><td>'''[[File:物品图标 光合球.png|14px|link=]]

光合球：'''能耗减1，连击数+1</td></tr>
<tr><td>'''[[File:物品图标 网兜球.png|14px|link=]]

网兜球：'''入场提升50点速度，对手获得两层中毒</td></tr>
<tr><td>'''[[File:物品图标 绝缘球.png|14px|link=]]

绝缘球：'''对手速度-40，物防降低40%，连击数-2</td></tr>
<tr><td>'''[[File:物品图标 淘沙球.png|14px|link=]]

淘沙球：'''增加自身30%双防，对手获得一层星陨</td></tr>
<tr><td>'''[[File:物品图标 变幻球.png|14px|link=]]

变幻球：'''获得30%吸血，扣除对面两点能量（仅入场发动）</td></tr>
<tr><td>'''[[File:物品图标 暗星球.png|14px|link=]]

暗星球：'''降低对手40%魔防，增加自身40%物攻</td></tr>
<tr><td>'''[[File:物品图标 捕光球.png|14px|link=]]

捕光球：'''无效果</td></tr>
<tr><td>'''[[File:物品图标 棱镜球.png|14px|link=]]

棱镜球：'''随机获得上述的一球种效果（数值减半）</td></tr>
</table>",49,47,47,46,58,60,307,,,否,星辰虫,,,0.15~0.2,0.45~1.4,行踪神秘,0.6,https://wiki.biligame.com/rocom/%E6%98%9F%E5%B0%98%E8%99%AB,https://patchwiki.biligame.com/images/rocom/c/c9/fgbjyux6bdbk4uikkoew7jeicbzy47t.png,
449,318,10318,落星虫,落星虫,Ⅱ阶,虫,,契约的形状,根据捕捉所用的咕噜球，入场时获得不同效果。,65,62,62,61,77,80,407,,,否,星辰虫,,,0.35~0.4,1.25~2.25,行踪神秘,0.6,https://wiki.biligame.com/rocom/%E8%90%BD%E6%98%9F%E8%99%AB,https://patchwiki.biligame.com/images/rocom/b/bc/9sbdp37at6vf4v8hbcogrr1o9jmt62g.png,
450,319,10319,陨星虫,陨星虫,最终阶段,虫,,契约的形状,根据捕捉所用的咕噜球，入场时获得不同效果。,81,78,78,76,96,100,509,,,否,星辰虫,,,0.65~0.8,5.6~6.8,行踪神秘,0.6,https://wiki.biligame.com/rocom/%E9%99%A8%E6%98%9F%E8%99%AB,https://patchwiki.biligame.com/images/rocom/8/8c/1ud7vz18esinw6e6am7k6pw2wpmiaw5.png,
451,320,10320,双灯鱼,双灯鱼,Ⅰ阶,水,电,对流,自己的能耗增加变为能耗降低；能耗降低变为能耗增加。,102,55,111,57,93,84,502,,,是,双灯鱼,,,0.5~0.72,14.9~17.8,行踪神秘,0.6,https://wiki.biligame.com/rocom/%E5%8F%8C%E7%81%AF%E9%B1%BC,https://patchwiki.biligame.com/images/rocom/3/36/5i3mvo96bopno2o7f5h1bz7oz4hpkyq.png,
452,321,10321,利灯鱼,利灯鱼,最终阶段,水,电,对流,自己的能耗增加变为能耗降低；能耗降低变为能耗增加。,128,68,138,71,116,105,626,,,是,双灯鱼,,,0.62~0.89,26.8~31.5,行踪神秘,0.6,https://wiki.biligame.com/rocom/%E5%88%A9%E7%81%AF%E9%B1%BC,https://patchwiki.biligame.com/images/rocom/f/f0/q3g76bthejmlv9o6phrchq0cpdlfzhy.png,
453,322,10322,月牙雪熊,月牙雪熊,最终阶段,冰,幻,月牙雪糕,使用攻击技能时，敌方每层冻结视为1层额外星陨印记。,126,97,39,141,103,80,586,,,是,月牙雪熊,,,1.25~1.45,76.5~92.5,行踪神秘,0.6,https://wiki.biligame.com/rocom/%E6%9C%88%E7%89%99%E9%9B%AA%E7%86%8A,https://patchwiki.biligame.com/images/rocom/5/5d/ryftchx8p9yr4x4btchi33ly8htiao9.png,
454,323,10323,嗜光嗡嗡,嗜光嗡嗡,Ⅰ阶,恶,光,血型吸引,敌方每携带1种系别的技能，自己攻击时威力+10。,75,83,83,50,90,92,473,,,是,嗜光嗡嗡,,,0.24~0.32,1.46~3.05,行踪神秘,0.6,https://wiki.biligame.com/rocom/%E5%97%9C%E5%85%89%E5%97%A1%E5%97%A1,https://patchwiki.biligame.com/images/rocom/6/6c/83k9t4acg7s1haeupl1wxml4pipklpa.png,
455,324,10324,窃光蚊,窃光蚊,最终阶段,恶,光,血型吸引,敌方每携带1种系别的技能，自己攻击时威力+10。,93,104,104,63,113,115,592,,,是,嗜光嗡嗡,,击败三只光系精灵,0.53~0.66,7.05~9.62,行踪神秘,0.6,https://wiki.biligame.com/rocom/%E7%AA%83%E5%85%89%E8%9A%8A,https://patchwiki.biligame.com/images/rocom/e/ee/9ftuu9x2yo8twq5h8lthgnelas283kg.png,
456,325,10325,柴渣虫,柴渣虫,Ⅰ阶,火,草,煤渣草,在场时，所有灼烧的衰减变为增长。,108,96,38,82,58,80,462,,,是,柴渣虫,,使用3次[[引燃]],0.45~0.55,14.5~18.6,行踪神秘,0.6,https://wiki.biligame.com/rocom/%E6%9F%B4%E6%B8%A3%E8%99%AB,https://patchwiki.biligame.com/images/rocom/a/a3/t3ec092gh9ocd64wuqjewlf56yjvxhg.png,
457,326,10326,燃薪虫,燃薪虫,最终阶段,火,草,煤渣草,在场时，所有灼烧的衰减变为增长。,135,120,48,103,73,100,579,,,是,柴渣虫,,,1.1~1.25,72.5~87.5,行踪神秘,0.6,https://wiki.biligame.com/rocom/%E7%87%83%E8%96%AA%E8%99%AB,https://patchwiki.biligame.com/images/rocom/8/88/h3usttwjdsh4q3vn5t2st0g24nlv4go.png,
458,327,10327,空空颅,空空颅,Ⅰ阶,幽,,搜刮,敌方每使用1次【聚能】技能或更换精灵，自己入场时获得魔攻+20%。,70,7,37,54,64,48,280,,,是,空空颅,,,0.43~0.61,5.6~8.7,行踪神秘,0.6,https://wiki.biligame.com/rocom/%E7%A9%BA%E7%A9%BA%E9%A2%85,https://patchwiki.biligame.com/images/rocom/4/41/kypxrmm8mobwqs3oseltznss9iqhrh2.png,
459,328,10328,夜宿颅,夜宿颅,Ⅱ阶,幽,,搜刮,敌方每使用1次【聚能】技能或更换精灵，自己入场时获得魔攻+20%。,94,9,49,72,85,64,373,,,是,空空颅,,使用3次勾魂,0.82~1.18,27.6~34.3,行踪神秘,0.6,https://wiki.biligame.com/rocom/%E5%A4%9C%E5%AE%BF%E9%A2%85,https://patchwiki.biligame.com/images/rocom/a/a3/2ux5x3y3ukdzjtodlmvrt4nhmh9uycb.png,
460,329,10329,夜枭,夜枭,最终阶段,幽,,搜刮,敌方每使用1次【聚能】技能或更换精灵，自己入场时获得魔攻+20%。,117,10,61,90,106,80,464,,,是,空空颅,,使用三次【勾魂】,1.45~2.07,58.6~66.5,行踪神秘,0.6,https://wiki.biligame.com/rocom/%E5%A4%9C%E6%9E%AD,https://patchwiki.biligame.com/images/rocom/6/63/ff8hybk5g0efhfnva9476qaovcmdl2i.png,
461,330,10330,粉粉星,粉粉星,Ⅰ阶,电,幻,星地善良,回合结束时，若场上的己方精灵能量等于0，自己立即替换此精灵。,93,54,102,57,101,88,495,,,是,粉粉星,,,0.53~0.76,2.1~3,行踪神秘,0.6,https://wiki.biligame.com/rocom/%E7%B2%89%E7%B2%89%E6%98%9F,https://patchwiki.biligame.com/images/rocom/c/ca/gpnuspztb84l9jwwp1mh4up4ihxw3p2.png,
462,331,10331,小皮球,小皮球,最终阶段,电,幻,星地善良,回合结束时，若场上的己方精灵能量等于0，自己立即替换此精灵。,116,68,127,71,126,110,618,,,是,粉粉星,,,0.7~1,6.4~8.12,行踪神秘,0.6,https://wiki.biligame.com/rocom/%E5%B0%8F%E7%9A%AE%E7%90%83,https://patchwiki.biligame.com/images/rocom/1/11/coplggyd0xwtvzzkw5d1say369yg1oy.png,
463,332,10332,贝瑟,贝瑟,Ⅰ阶,机械,火,贪心算法,1号位技能获得传动1，且使用后使敌方获得6层灼烧。,79,46,78,51,98,33,385,,,是,贝瑟,,,0.57~0.82,24.5~34.6,行踪神秘,0.6,https://wiki.biligame.com/rocom/%E8%B4%9D%E7%91%9F,https://patchwiki.biligame.com/images/rocom/d/d1/7c8xj95wzoxszdwytae10y9cfjdevim.png,
464,333,10333,贝加尔,贝加尔,Ⅱ阶,机械,火,贪心算法,1号位技能获得传动1，且使用后使敌方获得6层灼烧。,105,61,104,68,130,44,512,,,是,贝瑟,,,0.9~1.2,87.6~97.5,行踪神秘,0.6,https://wiki.biligame.com/rocom/%E8%B4%9D%E5%8A%A0%E5%B0%94,https://patchwiki.biligame.com/images/rocom/7/7c/eg9mxls8ykwv3cjpust4s74tk4d4o1z.png,
465,334,10334,贝古斯,贝古斯,最终阶段,机械,火,贪心算法,1号位技能获得传动1，且使用后使敌方获得6层灼烧。,132,76,130,85,163,55,641,,,是,贝瑟,,,1.55~1.8,248~286,行踪神秘,0.6,https://wiki.biligame.com/rocom/%E8%B4%9D%E5%8F%A4%E6%96%AF,https://patchwiki.biligame.com/images/rocom/0/0d/8cvnsom0kdicxcvjnut1lewivnuxgr2.png,
466,335,10335,粉星仔,粉星仔,Ⅰ阶,幻,,双向光速,在场时，所有回合结束时触发，触发次数+1。,80,63,119,58,102,92,514,,,是,粉星仔,,,0.39~0.5,9.8~12.8,行踪神秘,0.6,https://wiki.biligame.com/rocom/%E7%B2%89%E6%98%9F%E4%BB%94,https://patchwiki.biligame.com/images/rocom/6/68/taalud8zowwtufk65ucpbes8xqsminq.png,
467,336,10336,粉耳星兔,粉耳星兔,最终阶段,幻,,双向光速,在场时，所有回合结束时触发，触发次数+1。,100,79,148,73,127,115,642,,,是,粉星仔,,,0.55~0.75,16.82~23.81,行踪神秘,0.6,https://wiki.biligame.com/rocom/%E7%B2%89%E8%80%B3%E6%98%9F%E5%85%94,https://patchwiki.biligame.com/images/rocom/1/12/dfrmcjhoft7x9ne5xiint27n3ustjzx.png,
468,337,10337,落陨星兔,落陨星兔,最终阶段,幻,幽,陨落,在场时，双方回合结束时触发的效果，触发次数-1。,93,61,125,87,141,130,637,,,是,粉星仔,,幽系血脉,0.55~0.75,16.82~23.81,行踪神秘,0.6,https://wiki.biligame.com/rocom/%E8%90%BD%E9%99%A8%E6%98%9F%E5%85%94,https://patchwiki.biligame.com/images/rocom/8/86/jeo10wvmxho14u7cdmib8272dqfuzpr.png,
469,338,10338,布瓜蝌,布瓜蝌,Ⅰ阶,幻,,张弛有度,周末时自己获得双攻+40%，其他时间获得双防+40%。,91,84,35,81,55,96,442,,,否,布瓜蝌,,,0.32~0.51,0.45~1.65,行踪神秘,0.6,https://wiki.biligame.com/rocom/%E5%B8%83%E7%93%9C%E8%9D%8C,https://patchwiki.biligame.com/images/rocom/1/1f/cf0waszkpt8lgc5625l1bv71wgbxlrm.png,
470,339,10339,上岸蛙,上岸蛙,最终阶段,幻,,张弛有度,周末时自己获得双攻+40%，其他时间获得双防+40%。,114,106,44,101,69,120,554,,,否,布瓜蝌,,,0.65~0.87,5.8~8.1,行踪神秘,0.6,https://wiki.biligame.com/rocom/%E4%B8%8A%E5%B2%B8%E8%9B%99,https://patchwiki.biligame.com/images/rocom/c/ca/n3bvy3z45vn9j7w9cmmvceao752e7e3.png,
471,340,10340,火红尾,火红尾,Ⅰ阶,火,,天通地明,攻击时，若敌方血脉是污染血脉，技能威力+100%。,67,56,129,70,89,100,511,,,是,火红尾,,,0.72~0.98,17.5~30.5,行踪神秘,0.6,https://wiki.biligame.com/rocom/%E7%81%AB%E7%BA%A2%E5%B0%BE,https://patchwiki.biligame.com/images/rocom/0/00/gknyb1qbbno2vnvcvyb4p9a0o9y1owp.png,
472,341,10341,雅丹鬃,雅丹鬃,最终阶段,火,,天通地明,攻击时，若敌方血脉是污染血脉，技能威力+100%。,83,70,162,88,111,125,639,,,是,火红尾,,,1.7~2.06,49.5~71.2,行踪神秘,0.6,https://wiki.biligame.com/rocom/%E9%9B%85%E4%B8%B9%E9%AC%83,https://patchwiki.biligame.com/images/rocom/c/c2/1qy2ib6i9lr8p6c9gh8mfuo0df9a1tb.png,
473,342,10342,春团,春团,Ⅰ阶,草,,系统发育,获得能量或生命时，会将等量的能量或生命随机分配给场下的精灵。,48,51,57,65,57,63,341,,,否,春团,,,0.35~0.51,2.1~3.6,行踪神秘,0.6,https://wiki.biligame.com/rocom/%E6%98%A5%E5%9B%A2,https://patchwiki.biligame.com/images/rocom/4/4e/geoo47p9iq6pyh1xko113u2z8bqcz09.png,
474,343,10343,春兔,春兔,Ⅱ阶,草,,系统发育,获得能量或生命时，会将等量的能量或生命随机分配给场下的精灵。,63,68,76,87,77,84,455,,,否,春团,,,0.61~0.87,6.8~8.5,行踪神秘,0.6,https://wiki.biligame.com/rocom/%E6%98%A5%E5%85%94,https://patchwiki.biligame.com/images/rocom/f/fd/a2plgbfeadz467zgcjlkgx1ivr27pf4.png,
475,344,10344,春花兔,春花兔,最终阶段,草,,系统发育,获得能量或生命时，会将等量的能量或生命随机分配给场下的精灵。,79,85,95,103,90,105,557,,,否,春团,,,0.85~1.15,18.5~33.5,行踪神秘,0.6,https://wiki.biligame.com/rocom/%E6%98%A5%E8%8A%B1%E5%85%94,https://patchwiki.biligame.com/images/rocom/5/5e/fnpiu6we7hyxqqa0bdca9kntxl6687m.png,
476,345,10345,幽星光,幽星光,Ⅰ阶,幻,,守望星,触发星陨时消耗一半层数，仍造成满层伤害。,49,21,63,48,63,75,319,,,否,幽星光,,,0.4~0.55,0.6~1.65,行踪神秘,0.6,https://wiki.biligame.com/rocom/%E5%B9%BD%E6%98%9F%E5%85%89,https://patchwiki.biligame.com/images/rocom/8/88/f8eryhmo33y1cnnw7vl63hn3khncqhe.png,
477,346,10346,曜星光,曜星光,Ⅱ阶,幻,翼,守望星,触发星陨时消耗一半层数，仍造成满层伤害。,65,28,84,64,84,100,425,,,否,幽星光,,,0.88~1.05,3~4.5,行踪神秘,0.6,https://wiki.biligame.com/rocom/%E6%9B%9C%E6%98%9F%E5%85%89,https://patchwiki.biligame.com/images/rocom/3/3b/mnpjdnhn6lgvc6hz6ddu4dhvo1eepzm.png,
478,347,10347,暮星辰,暮星辰,最终阶段,幻,翼,守望星,触发星陨时消耗一半层数，仍造成满层伤害。,81,35,106,80,105,125,532,,,否,幽星光,,,1.85~2.05,7.5~10.5,行踪神秘,0.6,https://wiki.biligame.com/rocom/%E6%9A%AE%E6%98%9F%E8%BE%B0,https://patchwiki.biligame.com/images/rocom/8/87/t4odr9tclj4xhuivmm3c3l9vazzsk83.png,
479,348,10348,钨丝贝贝,钨丝贝贝,Ⅰ阶,机械,,狂欢开始,在场时，背包里会变化出随机精灵，随机精灵只能与本精灵相互更换。本精灵受到的克制伤害+25%。,62,68,63,78,54,33,358,,,否,钨丝贝贝,,,0.54~0.73,9.70~14.80,行踪神秘,,https://wiki.biligame.com/rocom/%E9%92%A8%E4%B8%9D%E8%B4%9D%E8%B4%9D,https://patchwiki.biligame.com/images/rocom/7/7c/ds73jtqy7ihzhow0h5ncrl8x3xhppgb.png,
480,349,10349,辉光幕机,辉光幕机,Ⅱ阶,机械,,狂欢开始,在场时，背包里会变化出随机精灵，随机精灵只能与本精灵相互更换。本精灵受到的克制伤害+25%。,83,91,84,104,72,44,478,,,否,钨丝贝贝,,,1.03~1.41,31.50~57.60,行踪神秘,,https://wiki.biligame.com/rocom/%E8%BE%89%E5%85%89%E5%B9%95%E6%9C%BA,https://patchwiki.biligame.com/images/rocom/3/34/2hlsdg9ixddhxp2s6va7pt3a92szqsz.png,
481,350,10350,机幕方舟,机幕方舟,最终阶段,机械,,狂欢开始,在场时，背包里会变化出随机精灵，随机精灵只能与本精灵相互更换。本精灵受到的克制伤害+25%。,104,113,105,130,90,55,597,,,否,钨丝贝贝,,,1.68~2.01,128.00~237.00,行踪神秘,,https://wiki.biligame.com/rocom/%E6%9C%BA%E5%B9%95%E6%96%B9%E8%88%9F,https://patchwiki.biligame.com/images/rocom/1/10/krwq0dk4nsdov7hbpgjg9hd2llgqolq.png,
482,351,10351,凡雀,凡雀,Ⅰ阶,翼,,展翅,在场时，自己携带的普通系技能变为翼系技能，若后于对手行动，自己受到的伤害+25%。,71,55,53,52,66,75,372,,,否,凡雀,,,0.35~0.50,3.08~6.00,行踪神秘,,https://wiki.biligame.com/rocom/%E5%87%A1%E9%9B%80,https://patchwiki.biligame.com/images/rocom/7/78/pw94kdm6tmqm4ku4hn33fli4bceoj6d.png,
483,352,10352,紫翎鹰,紫翎鹰,Ⅱ阶,翼,,展翅,在场时，自己携带的普通系技能变为翼系技能，若后于对手行动，自己受到的伤害+25%。,94,74,71,69,88,100,496,,,否,凡雀,,,0.65~0.85,13.04~20.50,行踪神秘,,https://wiki.biligame.com/rocom/%E7%B4%AB%E7%BF%8E%E9%B9%B0,https://patchwiki.biligame.com/images/rocom/2/2f/4z1dcs1ow1btyg70qcn74s05vivzk7x.png,
484,353,10353,凡鹰,凡鹰,最终阶段,翼,,展翅,在场时，自己携带的普通系技能变为翼系技能，若后于对手行动，自己受到的伤害+25%。,118,92,89,86,110,125,620,,,否,凡雀,,,1.64~2.23,46.35~68.27,行踪神秘,,https://wiki.biligame.com/rocom/%E5%87%A1%E9%B9%B0,https://patchwiki.biligame.com/images/rocom/f/f2/mjr3868sdrox5qo44kd6m3mnvma2wwa.png,
485,354,10354,小雪人,小雪人,Ⅰ阶,冰,,大雪球,自己使用2次不同的冰系技能后，对手获得4层<desc_id=1004>冻结</>，随后特性重置。,101,85,80,78,105,60,509,,,是,小雪人,,,0.75~0.94,43.30~87.50,行踪神秘,,https://wiki.biligame.com/rocom/%E5%B0%8F%E9%9B%AA%E4%BA%BA,https://patchwiki.biligame.com/images/rocom/2/20/4ktunty0lnhw7ocx4ldlm9cbmq5io3j.png,
486,355,10355,雪怪,雪怪,最终阶段,冰,,大雪球,自己使用2次不同的冰系技能后，对手获得4层<desc_id=1004>冻结</>，随后特性重置。,126,107,99,98,131,75,636,,,是,小雪人,,,1.75~2.33,120.00~187.40,行踪神秘,,https://wiki.biligame.com/rocom/%E9%9B%AA%E6%80%AA,https://patchwiki.biligame.com/images/rocom/9/99/d6u149ckn7clje7g6gr0a2je0ve8g51.png,
487,356,10356,爆焰仔,爆焰仔,Ⅰ阶,火,龙,大火球,自己使用2次不同的火系技能后，下次技能无需<desc_id=1007>蓄力</>，随后特性重置。,89,101,50,105,65,88,498,,,是,爆焰仔,,,0.65~0.85,21.00~38.50,行踪神秘,,https://wiki.biligame.com/rocom/%E7%88%86%E7%84%B0%E4%BB%94,https://patchwiki.biligame.com/images/rocom/2/2b/pixauemzakgy9bk8yt0pq1x4c1m888e.png,
488,357,10357,爆焰喷喷,爆焰喷喷,最终阶段,火,龙,大火球,自己使用2次不同的火系技能后，下次技能无需<desc_id=1007>蓄力</>，随后特性重置。,112,127,63,131,81,110,624,,,是,爆焰仔,,,1.65~1.81,47.50~69.50,行踪神秘,,https://wiki.biligame.com/rocom/%E7%88%86%E7%84%B0%E5%96%B7%E5%96%B7,https://patchwiki.biligame.com/images/rocom/c/c9/4kwiyv4q1ohug7ja97ftajf8r9usjqe.png,
489,358,10358,猴麦仔,猴麦仔,Ⅰ阶,普通,机械,换碟,自己携带的音波弹/音爆/金属噪音/午夜噪音威力提升，且获得<desc_id=3011>巧变</>：同系别技能。,93,75,121,50,102,88,529,,,是,猴麦仔,,,0.57~0.79,8.40~17.60,行踪神秘,,https://wiki.biligame.com/rocom/%E7%8C%B4%E9%BA%A6%E4%BB%94,https://patchwiki.biligame.com/images/rocom/d/db/lwsrkjfb6dtftj47770lvr4hyc5fadc.png,
490,359,10359,音碟吼,音碟吼,最终阶段,普通,机械,换碟,自己携带的音波弹/音爆/金属噪音/午夜噪音威力提升，且获得<desc_id=3011>巧变</>：同系别技能。,116,94,151,63,127,110,661,,,是,猴麦仔,,,0.77~1.08,23.10~40.80,行踪神秘,,https://wiki.biligame.com/rocom/%E9%9F%B3%E7%A2%9F%E5%90%BC,https://patchwiki.biligame.com/images/rocom/7/70/as6gc3vymzfws67futqaq3ymyr1ftbl.png,
491,360,10360,加油海葵,加油海葵,Ⅰ阶,水,萌,拉拉队长,若自己在<desc_id=1006>萌化</>状态下再获得萌化会解除<desc_id=1006>萌化</>。,93,87,87,102,102,76,547,,,是,加油海葵,,,0.35~0.47,2.90~4.15,行踪神秘,,https://wiki.biligame.com/rocom/%E5%8A%A0%E6%B2%B9%E6%B5%B7%E8%91%B5,https://patchwiki.biligame.com/images/rocom/f/f6/c7axbu88eu6bwzdii1j184sr6tucxt2.png,
492,361,10361,加油蟹,加油蟹,最终阶段,水,萌,拉拉队长,若自己在<desc_id=1006>萌化</>状态下再获得萌化会解除<desc_id=1006>萌化</>。,116,108,108,128,128,95,683,,,是,加油海葵,,,0.51~0.78,6.75~11.70,行踪神秘,,https://wiki.biligame.com/rocom/%E5%8A%A0%E6%B2%B9%E8%9F%B9,https://patchwiki.biligame.com/images/rocom/b/b7/bwgqo7846qudxrgaec4wvjdbqvddije.png,
493,362,10362,小丑豆豆,小丑豆豆,Ⅰ阶,恶,,戏耍,自己回复生命变为敌方扣除等量生命。,66,87,88,49,74,72,436,2400,32,是,小丑豆豆,,,0.48~0.65,4.85~6.35,行踪神秘,,https://wiki.biligame.com/rocom/%E5%B0%8F%E4%B8%91%E8%B1%86%E8%B1%86,https://patchwiki.biligame.com/images/rocom/3/38/j2mwwjgq0wtksv4tp0merzhbo7i88q6.png,
494,363,10363,小丑兔,小丑兔,Ⅱ阶,恶,,戏耍,自己回复生命变为敌方扣除等量生命。,88,116,118,66,99,96,583,4200,56,是,小丑豆豆,,,0.78~0.96,11.75~14.75,行踪神秘,,https://wiki.biligame.com/rocom/%E5%B0%8F%E4%B8%91%E5%85%94,https://patchwiki.biligame.com/images/rocom/6/6d/7yy4hm1g7qzk4jp6epg46savfr7s9im.png,
495,364,10364,小丑公爵,小丑公爵,最终阶段,恶,,戏耍,自己回复生命变为敌方扣除等量生命。,111,145,147,82,124,120,729,6000,80,是,小丑豆豆,,,1.24~1.63,38.50~47.60,行踪神秘,,https://wiki.biligame.com/rocom/%E5%B0%8F%E4%B8%91%E5%85%AC%E7%88%B5,https://patchwiki.biligame.com/images/rocom/b/bc/h4vncmj120kkvze5r3v09mn3r83cyxl.png,
496,365,10365,烟花团,烟花团,Ⅰ阶,火,毒,焰色反应,在场时，衰减的<desc_id=1002>灼烧</>变为相同层数的<desc_id=1001>中毒</>。,61,35,89,50,78,76,389,,,是,烟花团,,,0.33~0.50,5.05~6.32,行踪神秘,,https://wiki.biligame.com/rocom/%E7%83%9F%E8%8A%B1%E5%9B%A2,https://patchwiki.biligame.com/images/rocom/b/b6/crzh8lxgefh4jiuaiulfvnel7y27ene.png,
497,366,10366,烟花伯爵,烟花伯爵,最终阶段,火,毒,焰色反应,在场时，衰减的<desc_id=1002>灼烧</>变为相同层数的<desc_id=1001>中毒</>。,76,44,111,62,97,95,485,,,是,烟花团,,,0.60~0.88,10.50~22.50,行踪神秘,,https://wiki.biligame.com/rocom/%E7%83%9F%E8%8A%B1%E4%BC%AF%E7%88%B5,https://patchwiki.biligame.com/images/rocom/6/63/qfqaly4cyi2dg3w3c39zjcdjvsnjaey.png,
498,367,10367,咕咕帽,咕咕帽,Ⅰ阶,幽,,魔术帽,在场时，场上双方携带的技能获得<desc_id=3011>巧变</>：同系别技能。,103,74,72,110,76,80,515,,,是,咕咕帽,,,0.38~0.55,2.18~5.76,行踪神秘,,https://wiki.biligame.com/rocom/%E5%92%95%E5%92%95%E5%B8%BD,https://patchwiki.biligame.com/images/rocom/1/18/oy0yhhv7db7zz4b96avb9cd8ww877n5.png,
499,368,10368,咕德帽帽,咕德帽帽,最终阶段,幽,,魔术帽,在场时，场上双方携带的技能获得<desc_id=3011>巧变</>：同系别技能。,128,92,90,137,95,100,642,,,是,咕咕帽,,,0.69~0.96,7.68~14.30,行踪神秘,,https://wiki.biligame.com/rocom/%E5%92%95%E5%BE%B7%E5%B8%BD%E5%B8%BD,https://patchwiki.biligame.com/images/rocom/b/b2/bz0anm1rgidlncbl96oh2tct3sypavw.png,
500,369,10369,炫光迪迪,炫光迪迪,Ⅰ阶,电,光,安可,使用光系技能后，回合结束时自己<desc_id=1024>返场</>。,83,95,111,52,106,104,551,2400,32,是,炫光迪迪,,,0.47~0.68,26.00~37.10,行踪神秘,,https://wiki.biligame.com/rocom/%E7%82%AB%E5%85%89%E8%BF%AA%E8%BF%AA,https://patchwiki.biligame.com/images/rocom/2/2d/jfsrmy64ud4cmkgugh1b1tvjrxv99j8.png,
501,370,10370,霹雳迪迪,霹雳迪迪,最终阶段,电,光,安可,使用光系技能后，回合结束时自己返场。,104,119,139,65,133,130,690,6000,80,是,炫光迪迪,,,1.60~1.87,66.80~89.30,行踪神秘,,https://wiki.biligame.com/rocom/%E9%9C%B9%E9%9B%B3%E8%BF%AA%E8%BF%AA,https://patchwiki.biligame.com/images/rocom/a/a2/dymfn4mqa48352l6vb9oogupjbrlcqd.png,
502,371,10371,小鼓象,小鼓象,Ⅰ阶,机械,,合拍,若本回合自己与敌方使用的技能在系别/类型/能耗上每有1项相同，回合结束时获得物攻和物防永久+20%。,106,100,63,138,68,64,539,,,是,小鼓象,,,0.64~0.83,5.16~8.30,行踪神秘,,https://wiki.biligame.com/rocom/%E5%B0%8F%E9%BC%93%E8%B1%A1,https://patchwiki.biligame.com/images/rocom/0/01/4cl3lvmqy0xfw55jobl5h2jz1uba9z1.png,
503,372,10372,巨鼓象,巨鼓象,最终阶段,机械,,合拍,若本回合自己与敌方使用的技能在系别/类型/能耗上每有1项相同，回合结束时获得物攻和物防永久+20%。,133,125,79,173,85,80,675,,,是,小鼓象,,,0.93~1.20,35.60~59.10,行踪神秘,,https://wiki.biligame.com/rocom/%E5%B7%A8%E9%BC%93%E8%B1%A1,https://patchwiki.biligame.com/images/rocom/b/be/gme0i4md3g3rianh5x6xdk60j4p3jhz.png,
504,373,10373,牵线木偶,牵线木偶,Ⅰ阶,幻,,盲从,可以携带多个复写/借用/取念技能，非幻系技能能耗-2。,77,83,89,69,107,84,509,,,是,牵线木偶,,,0.63~0.91,5.97~8.70,行踪神秘,,https://wiki.biligame.com/rocom/%E7%89%B5%E7%BA%BF%E6%9C%A8%E5%81%B6,https://patchwiki.biligame.com/images/rocom/b/b5/tlle6a52fxnw4kinfwkpze95ubtxs8f.png,
505,374,10374,帅帅魔偶,帅帅魔偶,最终阶段,幻,,盲从,可以携带多个复写/借用/取念技能，非幻系技能能耗-2。,97,104,111,86,133,105,636,,,是,牵线木偶,,,0.89~1.27,15.10~21.20,行踪神秘,,https://wiki.biligame.com/rocom/%E5%B8%85%E5%B8%85%E9%AD%94%E5%81%B6,https://patchwiki.biligame.com/images/rocom/2/25/qjfnyp5cg0l1wyuoxsdqw5kfu9vxsfu.png,
506,375,10375,学院呱呱,学院呱呱,最终阶段,武,,留学生,自己全技能能耗+2，可以学习全部攻击技能石x。,132,99,99,92,92,100,614,,,否,学院呱呱,,,0.49~0.66,4.82~5.50,行踪神秘,,https://wiki.biligame.com/rocom/%E5%AD%A6%E9%99%A2%E5%91%B1%E5%91%B1,https://patchwiki.biligame.com/images/rocom/e/ed/5iykheuen7ytwki234zxp26ybmvsz7a.png,
507,,,不咕钟,不咕钟,Ⅰ阶,机械,幻,,,89,100,109,104,104,68,574,,,,,,,,,,,https://wiki.biligame.com/rocom/%E4%B8%8D%E5%92%95%E9%92%9F,https://patchwiki.biligame.com/images/rocom/c/c3/dk5vk1am9le9i6cy45fe8n2kjt98ojj.png,
508,,,乌咩,乌咩,1,萌,,,,5,5,5,5,5,5,30,,,,,,,,,,,https://wiki.biligame.com/rocom/%E4%B9%8C%E5%92%A9,,
509,,,乌角驮驮,乌角驮驮,Ⅱ阶,萌,,,,5,5,5,5,5,5,30,,,,,,,,,,,https://wiki.biligame.com/rocom/%E4%B9%8C%E8%A7%92%E9%A9%AE%E9%A9%AE,,
510,,,伊丽莎白,伊丽莎白,最终阶段,火,,,,141,174,174,115,113,126,843,,,,,,,,,,,https://wiki.biligame.com/rocom/%E4%BC%8A%E4%B8%BD%E8%8E%8E%E7%99%BD,,
511,,,健猫教练,健猫教练,最终阶段,武,,,,144,155,66,96,63,125,649,,,,,,,,,,,https://wiki.biligame.com/rocom/%E5%81%A5%E7%8C%AB%E6%95%99%E7%BB%83,https://patchwiki.biligame.com/images/rocom/f/f5/boskrht0c60nm3n3s6mb3d2r4jyyfrj.png,
512,,,兵螂,兵螂,Ⅱ阶,虫,武,,,91,134,123,77,77,72,574,,,,,,,,,,,https://wiki.biligame.com/rocom/%E5%85%B5%E8%9E%82,,
513,,,冰晶虎,冰晶虎,Ⅱ阶,冰,,,,5,5,5,5,5,5,30,,,,,,,,,,,https://wiki.biligame.com/rocom/%E5%86%B0%E6%99%B6%E8%99%8E,,
514,,,冰虎宝,冰虎宝,1,冰,,,,5,5,5,5,5,5,30,,,,,,,,,,,https://wiki.biligame.com/rocom/%E5%86%B0%E8%99%8E%E5%AE%9D,,
515,,,利刺毒蝎,利刺毒蝎,1,毒,,,,5,5,5,5,5,5,30,,,,,,,,,,,https://wiki.biligame.com/rocom/%E5%88%A9%E5%88%BA%E6%AF%92%E8%9D%8E,,
516,,,剧毒魔蝎,剧毒魔蝎,1,毒,,,,5,5,5,5,5,5,30,,,,,,,,,,,https://wiki.biligame.com/rocom/%E5%89%A7%E6%AF%92%E9%AD%94%E8%9D%8E,,
517,,,加尔,加尔,最终阶段,幽,,,,5,5,5,5,5,5,30,,,,,,,,,,,https://wiki.biligame.com/rocom/%E5%8A%A0%E5%B0%94,,
518,,,加灵,加灵,Ⅰ阶,普通,,,,5,5,5,5,5,5,30,,,,,,,,,,,https://wiki.biligame.com/rocom/%E5%8A%A0%E7%81%B5,,
519,,,加益,加益,Ⅱ阶,普通,,,,5,5,5,5,5,5,30,,,,,,,,,,,https://wiki.biligame.com/rocom/%E5%8A%A0%E7%9B%8A,,
520,,,十字蛙,十字蛙,Ⅱ阶,水,,,,5,5,5,5,5,5,30,,,,,,,,,,,https://wiki.biligame.com/rocom/%E5%8D%81%E5%AD%97%E8%9B%99,,
521,,,十字蝌蚪,十字蝌蚪,Ⅰ阶,水,,,,5,5,5,5,5,5,30,,,,,,,,,,,https://wiki.biligame.com/rocom/%E5%8D%81%E5%AD%97%E8%9D%8C%E8%9A%AA,,
522,,,千棘海刺,千棘海刺,最终阶段,水,毒,溶解扩散,每携带一个毒系技能，水系技能额外赋予2层中毒。,0,0,0,0,0,0,0,,,,海盔虫（本来的样子）,,,,,,,https://wiki.biligame.com/rocom/%E5%8D%83%E6%A3%98%E6%B5%B7%E5%88%BA,https://patchwiki.biligame.com/images/rocom/2/2b/ku8jft7nmenun3ty69wn7gqebht70of.png,
523,,,卡拉波斯,卡拉波斯,Ⅱ阶,恶,,,,149,158,58,90,73,100,628,,,,,,,,,,,https://wiki.biligame.com/rocom/%E5%8D%A1%E6%8B%89%E6%B3%A2%E6%96%AF,https://patchwiki.biligame.com/images/rocom/a/a4/sikl3gdg7nfmccyc1x8upq275uk8lsi.png,
524,,,卡波,卡波,Ⅰ阶,恶,,,,119,126,46,72,58,80,501,,,,,,,,,,,https://wiki.biligame.com/rocom/%E5%8D%A1%E6%B3%A2,https://patchwiki.biligame.com/images/rocom/9/92/4ijbzvvtkkaykdaceyscn11by0mqxbc.png,
525,,,厉毒鸩兽,厉毒鸩兽,最终阶段,毒,,,,5,5,5,5,5,5,30,,,,,,,,,,,https://wiki.biligame.com/rocom/%E5%8E%89%E6%AF%92%E9%B8%A9%E5%85%BD,,
526,,,古拉海象,古拉海象,Ⅰ阶,冰,,,,152,111,110,99,80,37,589,,,,,,,,,,,https://wiki.biligame.com/rocom/%E5%8F%A4%E6%8B%89%E6%B5%B7%E8%B1%A1,,
527,,,古齿帝牙,古齿帝牙,最终阶段,冰,,,,5,5,5,5,5,5,30,,,,,,,,,,,https://wiki.biligame.com/rocom/%E5%8F%A4%E9%BD%BF%E5%B8%9D%E7%89%99,,
528,,,叶眼魔,叶眼魔,Ⅱ阶,恶,水,,,161,179,161,117,122,102,842,,,,,,,,,,,https://wiki.biligame.com/rocom/%E5%8F%B6%E7%9C%BC%E9%AD%94,,
529,,,呆火鸟,呆火鸟,Ⅰ阶,火,地,,,5,5,5,5,5,5,30,,,,,,,,,,,https://wiki.biligame.com/rocom/%E5%91%86%E7%81%AB%E9%B8%9F,,
530,,,呼拉猫,呼拉猫,Ⅰ阶,武,,,,86,93,40,58,38,75,390,,,,,,,,,,,https://wiki.biligame.com/rocom/%E5%91%BC%E6%8B%89%E7%8C%AB,https://patchwiki.biligame.com/images/rocom/3/3d/snce7x2gvu73m7pu46f9jppzn76anvk.png,
531,,,喷火鸟,喷火鸟,Ⅱ阶,火,地,,,5,5,5,5,5,5,30,,,,,,,,,,,https://wiki.biligame.com/rocom/%E5%96%B7%E7%81%AB%E9%B8%9F,,
532,,,噬影蚕,噬影蚕,Ⅰ阶,幽,光,,,100,100,100,100,100,100,600,,,,,,,,,,,https://wiki.biligame.com/rocom/%E5%99%AC%E5%BD%B1%E8%9A%95,,
533,,,圣凯布米龙,圣凯布米龙,1,火,,,,5,5,5,5,5,5,30,,,,,,,,,,,https://wiki.biligame.com/rocom/%E5%9C%A3%E5%87%AF%E5%B8%83%E7%B1%B3%E9%BE%99,,
534,,,圣草迪莫,圣草迪莫,Ⅱ阶,光,草,,,97,71,71,86,86,120,531,,,,,,,,,,,https://wiki.biligame.com/rocom/%E5%9C%A3%E8%8D%89%E8%BF%AA%E8%8E%AB,https://patchwiki.biligame.com/images/rocom/3/3c/bxd9xwuu9cifg2pwn7b87ok2ia1v8f4.png,
535,,,坚角龙,坚角龙,Ⅱ阶,地,,,,5,5,5,5,5,5,30,,,,,,,,,,,https://wiki.biligame.com/rocom/%E5%9D%9A%E8%A7%92%E9%BE%99,,
536,,,堇楹苞,堇楹苞,1,毒,,,,5,5,5,5,5,5,30,,,,,,,,,,,https://wiki.biligame.com/rocom/%E5%A0%87%E6%A5%B9%E8%8B%9E,,
537,,,增肌猫,增肌猫,Ⅱ阶,武,,,,115,124,53,77,50,100,519,,,,,,,,,,,https://wiki.biligame.com/rocom/%E5%A2%9E%E8%82%8C%E7%8C%AB,https://patchwiki.biligame.com/images/rocom/9/99/sb3afozexbo638za6mnwjjfxc4c63b3.png,
538,,,壳栗丝鼠,壳栗丝鼠,Ⅱ阶,毒,,,,136,73,75,84,120,100,588,,,,,,,,,,,https://wiki.biligame.com/rocom/%E5%A3%B3%E6%A0%97%E4%B8%9D%E9%BC%A0,https://patchwiki.biligame.com/images/rocom/b/b4/kvlkrcrxqjybsirgv41lxclkckzvtg9.png,
539,,,多灵,多灵,Ⅰ阶,幽,,,,15,15,15,15,15,30,105,,,,,,,,,,,https://wiki.biligame.com/rocom/%E5%A4%9A%E7%81%B5,https://patchwiki.biligame.com/images/rocom/0/03/1t9bj4c85dq34ix6zafjnp3yroqm62e.png,
540,,,多灵主,多灵主,Ⅱ阶,幽,,,,20,20,20,20,20,40,140,,,,,,,,,,,https://wiki.biligame.com/rocom/%E5%A4%9A%E7%81%B5%E4%B8%BB,https://patchwiki.biligame.com/images/rocom/5/5c/4va1760l7qlrf42u9j3vjbtbnbz7ugd.png,
541,,,夜游魔,夜游魔,最终阶段,翼,恶,,,161,76,77,162,162,140,778,,,,,,,,,,,https://wiki.biligame.com/rocom/%E5%A4%9C%E6%B8%B8%E9%AD%94,,
542,,,大古拉海象,大古拉海象,Ⅱ阶,冰,,,,191,139,137,124,100,46,737,,,,,,,,,,,https://wiki.biligame.com/rocom/%E5%A4%A7%E5%8F%A4%E6%8B%89%E6%B5%B7%E8%B1%A1,,
543,,,害羞球球,害羞球球,Ⅱ阶,地,普通,,,106,163,153,140,104,68,734,,,,,,,,,,,https://wiki.biligame.com/rocom/%E5%AE%B3%E7%BE%9E%E7%90%83%E7%90%83,,
544,,,小光,小光,最终阶段,恶,,,,5,5,5,5,5,5,30,,,,小光,,,,,,,https://wiki.biligame.com/rocom/%E5%B0%8F%E5%85%89,,
545,,,小冥龙,小冥龙,Ⅰ阶,幽,龙,,,100,100,100,100,100,100,600,,,,,,,,,,,https://wiki.biligame.com/rocom/%E5%B0%8F%E5%86%A5%E9%BE%99,,
546,,,小螂,小螂,Ⅰ阶,虫,,,,69,101,93,58,58,54,433,,,,,,,,,,,https://wiki.biligame.com/rocom/%E5%B0%8F%E8%9E%82,,
547,,,小银翼龙,小银翼龙,1,机械,,,,5,5,5,5,5,5,30,,,,,,,,,,,https://wiki.biligame.com/rocom/%E5%B0%8F%E9%93%B6%E7%BF%BC%E9%BE%99,,
548,,,幻雪兽,幻雪兽,Ⅱ阶,冰,,,,5,5,5,5,5,5,30,,,,,,,,,,,https://wiki.biligame.com/rocom/%E5%B9%BB%E9%9B%AA%E5%85%BD,,
549,,,星云旅者,星云旅者,最终阶段,翼,幻,穹顶之下,使用攻击技能时，敌方所有印记变为星陨。,111,35,120,56,86,120,528,,,,星云旅者,,,,,,,https://wiki.biligame.com/rocom/%E6%98%9F%E4%BA%91%E6%97%85%E8%80%85,https://patchwiki.biligame.com/images/rocom/c/c6/ojsgayka4n64hh7c1qlgkwy02vmtk0k.png,
550,,,曲率飞鱼,曲率飞鱼,1,幻,,,,5,5,5,5,5,5,30,,,,,,,,,,,https://wiki.biligame.com/rocom/%E6%9B%B2%E7%8E%87%E9%A3%9E%E9%B1%BC,,
551,,,曲率龙卷,曲率龙卷,1,幻,,,,5,5,5,5,5,5,30,,,,,,,,,,,https://wiki.biligame.com/rocom/%E6%9B%B2%E7%8E%87%E9%BE%99%E5%8D%B7,,
552,,,机甲小子,机甲小子,最终阶段,机械,,四轴机床,若释放的4号位技能为该精灵未使用过的技能，能耗-3。,92,45,92,71,90,85,475,,,,齿轮小子,,,,,,,https://wiki.biligame.com/rocom/%E6%9C%BA%E7%94%B2%E5%B0%8F%E5%AD%90,https://patchwiki.biligame.com/images/rocom/a/a9/njpmo5vfqun0bmcj2yjddb63csxv45k.png,
553,,,权杖-V,权杖-V,Ⅱ阶,机械,,机械变式,自己携带的技能每回合位置变化时，该技能能耗-1。,103,105,97,136,136,75,652,,,,权杖-Ⅱ,,,0.95-1.05,98.00-108.00,,0.1,https://wiki.biligame.com/rocom/%E6%9D%83%E6%9D%96-V,https://patchwiki.biligame.com/images/rocom/4/48/3q6ayuw1izahigtzccg2pfpvo81xkwn.png,
554,,,栗鼠,栗鼠,Ⅰ阶,毒,,,,108,58,60,67,96,80,469,,,,,,,,,,,https://wiki.biligame.com/rocom/%E6%A0%97%E9%BC%A0,https://patchwiki.biligame.com/images/rocom/e/e6/8s2dxjyrs6md9tyk3vsgbf69to1rzj7.png,
555,,,格布布,格布布,Ⅱ阶,冰,,,,5,5,5,5,5,5,30,,,,,,,,,,,https://wiki.biligame.com/rocom/%E6%A0%BC%E5%B8%83%E5%B8%83,,
556,,,格斗小五,格斗小五,最终阶段,武,,擒拿,攻击技能应对成功时，回复25%生命。,85,88,88,116,90,135,602,,,,格斗小五,,,"1.45,1.55","49.50,54.60",,,https://wiki.biligame.com/rocom/%E6%A0%BC%E6%96%97%E5%B0%8F%E4%BA%94,https://patchwiki.biligame.com/images/rocom/9/99/2pffaiiow2bbn68xjlmjbkkk84jnphz.png,
557,,,格斗小八,格斗小八,最终阶段,武,,受身,防御技能应对成功时，速度永久+40。,135,128,72,112,91,66,604,,,,格斗小八,,,"1.30,1.40","38.50,43.50",,,https://wiki.biligame.com/rocom/%E6%A0%BC%E6%96%97%E5%B0%8F%E5%85%AB,https://patchwiki.biligame.com/images/rocom/4/49/mgwxfp8b2w4mztox77chf4spo72mg39.png,
558,,,格斗小六,格斗小六,最终阶段,武,,马步,状态技能应对成功时，获得10点能量。,65,145,75,119,92,150,646,,,,格斗小六,,,"1.50,1.60","52.50,59.60",,,https://wiki.biligame.com/rocom/%E6%A0%BC%E6%96%97%E5%B0%8F%E5%85%AD,https://patchwiki.biligame.com/images/rocom/7/73/hjt5rd0gg2hhkqu0r87172rq6sg5qft.png,
559,,,格格布,格格布,1,冰,,,,5,5,5,5,5,5,30,,,,,,,,,,,https://wiki.biligame.com/rocom/%E6%A0%BC%E6%A0%BC%E5%B8%83,,
560,,,梦残卷,梦残卷,1,幻,,,,5,5,5,5,5,5,30,,,,,,,,,,,https://wiki.biligame.com/rocom/%E6%A2%A6%E6%AE%8B%E5%8D%B7,,
561,,,武斗酷猫,武斗酷猫,,草,,,,137,126,126,118,125,108,740,,,,,,,,,,,https://wiki.biligame.com/rocom/%E6%AD%A6%E6%96%97%E9%85%B7%E7%8C%AB,,
562,,,河马巴斯,河马巴斯,1,普通,,,,5,5,5,5,5,5,30,,,,,,,,,,,https://wiki.biligame.com/rocom/%E6%B2%B3%E9%A9%AC%E5%B7%B4%E6%96%AF,,
563,,,深渊蛙,深渊蛙,最终阶段,水,武,,,5,5,5,5,5,5,30,,,,,,,,,,,https://wiki.biligame.com/rocom/%E6%B7%B1%E6%B8%8A%E8%9B%99,,
564,,,溯源钟,溯源钟,Ⅱ阶,机械,幻,,,111,125,136,130,130,85,717,,,,,,,,,,,https://wiki.biligame.com/rocom/%E6%BA%AF%E6%BA%90%E9%92%9F,https://patchwiki.biligame.com/images/rocom/9/92/qivt3ksjre0377fk0m223ugvilpbdfj.png,
565,,,火羽,火羽,最终阶段,火,翼,,,102,110,100,100,100,120,632,,,,,,,,,,,https://wiki.biligame.com/rocom/%E7%81%AB%E7%BE%BD,https://patchwiki.biligame.com/images/rocom/d/d8/4ohdzv9felmeljji23rtymxtshuo1nh.png,
566,,,灵蔓草王,灵蔓草王,最终阶段,草,,,,5,5,5,5,5,5,30,,,,,,,,,,,https://wiki.biligame.com/rocom/%E7%81%B5%E8%94%93%E8%8D%89%E7%8E%8B,,
567,,,烈钻鸟,烈钻鸟,Ⅰ阶,火,翼,,,61,66,60,60,60,72,379,,,,,,,,,,,https://wiki.biligame.com/rocom/%E7%83%88%E9%92%BB%E9%B8%9F,https://patchwiki.biligame.com/images/rocom/f/f7/ezysocinrn9mmz29cf952xeqwuwncsx.png,
568,,,热团团,热团团,1,火,,,,5,5,5,5,5,5,30,,,,,,,,,,,https://wiki.biligame.com/rocom/%E7%83%AD%E5%9B%A2%E5%9B%A2,,
569,,,焰米龙,焰米龙,1,火,,,,5,5,5,5,5,5,30,,,,,,,,,,,https://wiki.biligame.com/rocom/%E7%84%B0%E7%B1%B3%E9%BE%99,,
570,,,煤球憨憨,煤球憨憨,Ⅰ阶,地,普通,,,79,122,114,105,78,51,549,,,,,,,,,,,https://wiki.biligame.com/rocom/%E7%85%A4%E7%90%83%E6%86%A8%E6%86%A8,,
571,,,爆角龙,爆角龙,最终阶段,地,,,,5,5,5,5,5,5,30,,,,,,,,,,,https://wiki.biligame.com/rocom/%E7%88%86%E8%A7%92%E9%BE%99,,
572,,,独角龙,独角龙,1,地,,,,5,5,5,5,5,5,30,,,,,,,,,,,https://wiki.biligame.com/rocom/%E7%8B%AC%E8%A7%92%E9%BE%99,,
573,,,玳塔,玳塔,1,幻,,,,5,5,5,5,5,5,30,,,,,,,,,,,https://wiki.biligame.com/rocom/%E7%8E%B3%E5%A1%94,,
574,,,玳龟,玳龟,1,幻,,,,5,5,5,5,5,5,30,,,,,,,,,,,https://wiki.biligame.com/rocom/%E7%8E%B3%E9%BE%9F,,
575,,,瑰眼仔,瑰眼仔,Ⅰ阶,恶,虫,,,110,69,71,65,65,57,437,,,,,,,,,,,https://wiki.biligame.com/rocom/%E7%91%B0%E7%9C%BC%E4%BB%94,https://patchwiki.biligame.com/images/rocom/6/68/mifta8sq17q5f7dem2r0bxe4h6cjhfg.png,
576,,,立叶蜥,立叶蜥,Ⅱ阶,草,,,,5,5,5,5,5,5,30,,,,,,,,,,,https://wiki.biligame.com/rocom/%E7%AB%8B%E5%8F%B6%E8%9C%A5,,
577,,,紫蔓宝宝,紫蔓宝宝,Ⅰ阶,草,,,,5,5,5,5,5,5,30,,,,,,,,,,,https://wiki.biligame.com/rocom/%E7%B4%AB%E8%94%93%E5%AE%9D%E5%AE%9D,,
578,,,紫蔓祭祀,紫蔓祭祀,Ⅱ阶,草,,,,5,5,5,5,5,5,30,,,,,,,,,,,https://wiki.biligame.com/rocom/%E7%B4%AB%E8%94%93%E7%A5%AD%E7%A5%80,,
579,,,绿洲象,绿洲象,Ⅰ阶,草,,,,104,110,88,80,96,56,534,,,,,,,,,,,https://wiki.biligame.com/rocom/%E7%BB%BF%E6%B4%B2%E8%B1%A1,,
580,,,翻翻蝠,翻翻蝠,Ⅱ阶,翼,,,,138,65,66,139,139,120,667,,,,,,,,,,,https://wiki.biligame.com/rocom/%E7%BF%BB%E7%BF%BB%E8%9D%A0,,
581,,,耳翎瑰魅,耳翎瑰魅,Ⅱ阶,恶,虫,,,147,92,95,86,86,76,582,,,,,,,,,,,https://wiki.biligame.com/rocom/%E8%80%B3%E7%BF%8E%E7%91%B0%E9%AD%85,https://patchwiki.biligame.com/images/rocom/4/40/hvoeo0a5b3b2br735xav34p73tjfk0k.png,
582,,,芽眼魔,芽眼魔,1,恶,水,,,134,149,134,98,102,85,702,,,,,,,,,,,https://wiki.biligame.com/rocom/%E8%8A%BD%E7%9C%BC%E9%AD%94,,
583,,,若叶蜥,若叶蜥,1,草,,,,5,5,5,5,5,5,30,,,,,,,,,,,https://wiki.biligame.com/rocom/%E8%8B%A5%E5%8F%B6%E8%9C%A5,,
584,,,蓝衣夜灵,蓝衣夜灵,最终阶段,地,普通,,,132,203,191,175,130,85,916,,,,,,,,,,,https://wiki.biligame.com/rocom/%E8%93%9D%E8%A1%A3%E5%A4%9C%E7%81%B5,,
585,,,蔓羽兽,蔓羽兽,Ⅱ阶,毒,,,,5,5,5,5,5,5,30,,,,,,,,,,,https://wiki.biligame.com/rocom/%E8%94%93%E7%BE%BD%E5%85%BD,,
586,,,蝶叶巨蜥,蝶叶巨蜥,最终阶段,草,,,,5,5,5,5,5,5,30,,,,,,,,,,,https://wiki.biligame.com/rocom/%E8%9D%B6%E5%8F%B6%E5%B7%A8%E8%9C%A5,,
587,,,觅觅蝠,觅觅蝠,Ⅰ阶,翼,,,,115,54,55,116,116,100,556,,,,,,,,,,,https://wiki.biligame.com/rocom/%E8%A7%85%E8%A7%85%E8%9D%A0,,
588,,,费曼,费曼,Ⅰ阶,萌,,,,78,96,92,72,68,96,502,,,,,,,,,,,https://wiki.biligame.com/rocom/%E8%B4%B9%E6%9B%BC,,
589,,,费格尔,费格尔,Ⅱ阶,萌,,,,98,120,115,89,86,120,628,,,,,,,,,,,https://wiki.biligame.com/rocom/%E8%B4%B9%E6%A0%BC%E5%B0%94,,
590,,,超能球球,超能球球,最终阶段,幻,萌,,,104,112,122,84,112,85,619,,,,超能球球,,,,,,,https://wiki.biligame.com/rocom/%E8%B6%85%E8%83%BD%E7%90%83%E7%90%83,,
591,,,超能阿布,超能阿布,Ⅱ阶,龙,,,,122,145,145,104,104,100,720,,,,,,,,,,,https://wiki.biligame.com/rocom/%E8%B6%85%E8%83%BD%E9%98%BF%E5%B8%83,https://patchwiki.biligame.com/images/rocom/8/8d/rnef6uqk9kvuoepc4k2n1csuho5hlfk.png,
592,,,迷迷眼,迷迷眼,最终阶段,幽,幻,,,5,5,5,5,5,5,30,,,,迷迷眼,,,,,,,https://wiki.biligame.com/rocom/%E8%BF%B7%E8%BF%B7%E7%9C%BC,,
593,,,速粒冲锋,速粒冲锋,Ⅱ阶,恶,武,,,5,5,5,5,5,5,30,,,,,,,,,,,https://wiki.biligame.com/rocom/%E9%80%9F%E7%B2%92%E5%86%B2%E9%94%8B,,
594,,,速粒小子,速粒小子,Ⅰ阶,恶,武,,,5,5,5,5,5,5,30,,,,,,,,,,,https://wiki.biligame.com/rocom/%E9%80%9F%E7%B2%92%E5%B0%8F%E5%AD%90,,
595,,,邪眼巨魔,邪眼巨魔,最终阶段,恶,虫,,,183,116,118,108,108,95,728,,,,,,,,,,,https://wiki.biligame.com/rocom/%E9%82%AA%E7%9C%BC%E5%B7%A8%E9%AD%94,https://patchwiki.biligame.com/images/rocom/7/75/gc5c6lb73i2mhoxcdpfx27bxrsve65y.png,
596,,,钻地小子,钻地小子,Ⅰ阶,电,机械,,,5,5,5,5,5,5,30,,,,,,,,,,,https://wiki.biligame.com/rocom/%E9%92%BB%E5%9C%B0%E5%B0%8F%E5%AD%90,,
597,,,银翼龙,银翼龙,Ⅱ阶,机械,,,,5,5,5,5,5,5,30,,,,,,,,,,,https://wiki.biligame.com/rocom/%E9%93%B6%E7%BF%BC%E9%BE%99,,
598,,,长尾火鸟,长尾火鸟,Ⅱ阶,火,翼,,,82,88,80,80,80,96,506,,,,,,,,,,,https://wiki.biligame.com/rocom/%E9%95%BF%E5%B0%BE%E7%81%AB%E9%B8%9F,https://patchwiki.biligame.com/images/rocom/6/6b/6mc4tlbqre2zz8cyuroq7uru0rrnpc4.png,
599,,,闪电小子,闪电小子,Ⅱ阶,电,机械,,,5,5,5,5,5,5,30,,,,,,,,,,,https://wiki.biligame.com/rocom/%E9%97%AA%E7%94%B5%E5%B0%8F%E5%AD%90,,
600,,,阿布,阿布,Ⅰ阶,普通,,超聚能,蓄力时，聚能变为积蓄。,79,68,68,83,83,80,461,,,,阿布,,,"0.60,0.86","14.60,18.60",,,https://wiki.biligame.com/rocom/%E9%98%BF%E5%B8%83,https://patchwiki.biligame.com/images/rocom/6/6d/bnvcywnow3c5egqn0za9smo30nicnac.png,
601,,,障眼魔,障眼魔,最终阶段,恶,水,,,188,208,188,137,143,119,983,,,,,,,,,,,https://wiki.biligame.com/rocom/%E9%9A%9C%E7%9C%BC%E9%AD%94,,
602,,,雪灵兽,雪灵兽,1,冰,,,,5,5,5,5,5,5,30,,,,,,,,,,,https://wiki.biligame.com/rocom/%E9%9B%AA%E7%81%B5%E5%85%BD,,
603,,,雷暴奔奔,雷暴奔奔,最终阶段,电,,,,124,130,130,118,120,144,766,,,,,,,,,,,https://wiki.biligame.com/rocom/%E9%9B%B7%E6%9A%B4%E5%A5%94%E5%A5%94,,
604,,,雷鸣小子,雷鸣小子,Ⅱ阶,电,,,,103,108,108,98,100,120,637,,,,,,,,,,,https://wiki.biligame.com/rocom/%E9%9B%B7%E9%B8%A3%E5%B0%8F%E5%AD%90,,
605,,,霹雳宝宝,霹雳宝宝,Ⅰ阶,电,,,,83,87,87,78,80,96,511,,,,,,,,,,,https://wiki.biligame.com/rocom/%E9%9C%B9%E9%9B%B3%E5%AE%9D%E5%AE%9D,,
606,,,霹雳迪迪,​​霹雳迪迪,最终阶段,电,光,安可,使用光系技能后，回合结束时自己<desc_id=1024>返场</>。,104,119,139,65,133,130,690,,,是,炫光迪迪,,,1.60~1.87,66.80~89.30,行踪神秘,,https://wiki.biligame.com/rocom/%E2%80%8B%E2%80%8B%E9%9C%B9%E9%9B%B3%E8%BF%AA%E8%BF%AA,https://patchwiki.biligame.com/images/rocom/a/a2/dymfn4mqa48352l6vb9oogupjbrlcqd.png,
607,,,飞天刀螂,飞天刀螂,最终阶段,虫,武,,,114,168,154,96,96,90,718,,,,,,,,,,,https://wiki.biligame.com/rocom/%E9%A3%9E%E5%A4%A9%E5%88%80%E8%9E%82,,
608,,,饮雪狂兽,饮雪狂兽,最终阶段,冰,,,,5,5,5,5,5,5,30,,,,,,,,,,,https://wiki.biligame.com/rocom/%E9%A5%AE%E9%9B%AA%E7%8B%82%E5%85%BD,,
609,,,黑炎,黑炎,Ⅱ阶,龙,恶,,,49,182,178,88,94,110,701,,,,,,,,,,,https://wiki.biligame.com/rocom/%E9%BB%91%E7%82%8E,,
610,,,黑炎宝宝,黑炎宝宝,Ⅰ阶,龙,恶,,,40,146,142,70,75,88,561,,,,,,,,,,,https://wiki.biligame.com/rocom/%E9%BB%91%E7%82%8E%E5%AE%9D%E5%AE%9D,,
611,,,齿轮小子,齿轮小子,Ⅰ阶,机械,,四轴机床,若释放的4号位技能为该精灵未使用过的技能，能耗-3。,74,36,74,57,72,68,381,,,,齿轮小子,,,,,,,https://wiki.biligame.com/rocom/%E9%BD%BF%E8%BD%AE%E5%B0%8F%E5%AD%90,https://patchwiki.biligame.com/images/rocom/6/65/731v7bxnvjxcyssvtwrzh327clcoq9i.png,
